1767225600,87500.2,87686.7,87500.1,87663.5,25.50589064,1434
1767229200,87663.5,87878.0,87663.4,87810.3,14.03723254,1380
1767232800,87810.3,87905.0,87742.4,87764.0,27.27603163,1186
1767236400,87764.0,87844.1,87679.2,87679.2,31.94120055,1151
1767240000,87679.4,87698.3,87400.0,87417.6,64.23686522999999,1485
1767243600,87417.5,87572.1,87417.5,87552.7,19.55992002,1059
1767247200,87552.7,87552.7,87481.4,87501.3,15.83458455,686
1767250800,87501.3,87505.0,87453.6,87453.7,14.67331965,762
1767254400,87453.7,87640.7,87453.6,87615.6,10.97951612,843
1767258000,87615.6,87784.5,87615.6,87705.0,8.91612187,628
1767261600,87705.0,87733.6,87648.5,87709.3,77.57534725000001,750
1767265200,87711.1,87879.8,87711.0,87866.7,19.105165239999998,811
1767268800,87866.7,87866.7,87802.0,87831.3,7.0075578400000005,693
1767272400,87831.3,87891.0,87750.1,87791.1,60.14781475,1211
1767276000,87791.1,87858.0,87700.0,87851.1,422.08756734,2182
1767279600,87851.2,88000.0,87815.3,87923.5,47.37100161,1596
1767283200,87923.5,87923.5,87776.1,87852.9,33.6396103,1424
1767286800,87852.9,88382.4,87838.6,88183.2,47.52626599,2040
1767290400,88183.2,88230.1,88013.1,88044.9,48.18732598,1639
1767294000,88044.9,88313.5,87956.4,88245.9,14.74344597,1522
1767297600,88250.9,88253.9,88143.8,88152.6,25.56778659,1221
1767301200,88152.6,88306.5,88144.9,88281.5,21.20765225,1066
1767304800,88281.5,88546.0,88281.4,88530.4,46.64794734,1704
1767308400,88530.4,88779.3,88355.8,88731.8,53.78823758,2236
1767312000,88730.0,88761.0,88494.9,88706.1,23.79748421,2005
1767315600,88706.1,88757.9,88422.9,88537.5,31.29288015,1547
1767319200,88537.5,88563.8,88273.3,88519.9,30.59144029,1668
1767322800,88520.0,88991.4,88467.3,88827.1,68.18485745,2317
1767326400,88827.2,88866.9,88526.6,88526.7,25.56640781,1531
1767330000,88526.7,88675.2,88462.4,88644.2,39.54240773,1298
1767333600,88644.3,88950.0,88623.8,88832.3,21.61798071,1316
1767337200,88832.4,88936.0,88739.4,88739.4,17.96328418,1357
1767340800,88739.5,89064.5,88713.1,89064.5,92.32648383,1934
1767344400,89064.5,89354.0,89002.6,89339.0,44.08860708,2297
1767348000,89339.1,89806.9,89339.1,89544.6,105.69176113,3026
1767351600,89544.6,89563.4,89271.8,89402.1,39.32210352,1764
1767355200,89402.1,89480.1,89279.6,89304.5,43.966563640000004,1910
1767358800,89304.5,89579.0,89222.2,89250.3,46.50518345,2389
1767362400,89250.4,90042.4,88389.2,89511.3,210.27842805,6549
1767366000,89511.3,89812.8,88739.4,89324.3,106.85532306,6454
1767369600,89324.4,90800.0,89115.0,90326.3,228.7172894,7449
1767373200,90326.3,90900.0,90175.1,90315.1,236.27993298,5349
1767376800,90315.1,90500.0,89517.4,89703.2,210.33068989,4665
1767380400,89703.2,90099.4,89605.6,89852.9,46.29424256,3264
1767384000,89852.9,90010.2,89582.6,89694.1,86.49627991,3032
1767387600,89694.1,90103.7,89684.5,90030.9,64.98307363,2114
1767391200,90028.0,90346.6,89974.2,90156.2,58.54084017,2420
1767394800,90156.3,90156.3,89862.9,89934.0,22.64913637,1749
1767398400,89934.0,90137.2,89933.3,90102.2,17.48393034,1642
1767402000,90102.2,90256.3,90032.5,90247.1,17.57621022,1545
1767405600,90247.2,90348.4,90097.6,90302.9,12.29464306,1373
1767409200,90302.9,90336.6,90166.2,90282.1,29.71620045,1252
1767412800,90282.2,90424.2,90030.3,90121.1,37.71096045,1330
1767416400,90121.1,90150.0,89886.0,89991.9,12.82342117,1087
1767420000,89991.9,90072.9,89830.3,89845.2,10.20940348,1097
1767423600,89845.2,89892.5,89300.0,89558.3,73.30836535,2321
1767427200,89558.4,89775.6,89395.3,89624.3,69.69757114,1785
1767430800,89624.4,89926.5,89596.8,89747.3,112.28876278,2051
1767434400,89747.4,89835.6,89669.5,89716.8,60.77348849,1285
1767438000,89716.9,89720.7,89631.1,89703.2,8.00748694,811
1767441600,89703.2,89967.7,89582.5,89961.6,59.4095607,1230
1767445200,89969.7,89989.9,89867.1,89953.5,12.766430699999999,1096
1767448800,89953.5,90175.1,89912.2,90063.7,110.1399538,2171
1767452400,90063.7,90119.1,89923.8,89923.9,64.71852049,1513
1767456000,89923.9,90150.0,89864.0,90051.1,87.07919686,1832
1767459600,90051.1,90078.2,89973.1,90022.4,5.60709824,1263
1767463200,90022.4,90147.9,90000.0,90099.7,10.04627609,1134
1767466800,90099.8,90099.8,90001.8,90055.4,67.15545327,1600
1767470400,90055.5,90305.0,90000.0,90300.0,94.96514639,1922
1767474000,90300.0,90677.5,90269.9,90503.7,96.16822746,2041
1767477600,90503.7,90674.1,90443.4,90534.4,21.89121963,1500
1767481200,90534.4,90644.7,90435.6,90590.1,21.17285846,1288
1767484800,90590.1,91524.9,90590.0,91291.3,141.40261841,4024
1767488400,91291.3,91429.6,90975.9,91191.9,32.07494077,1721
1767492000,91191.9,91234.0,91030.5,91084.2,17.51623444,1528
1767495600,91084.2,91307.0,91058.4,91199.4,22.97480228,1353
1767499200,91199.4,91515.2,91136.5,91358.4,19.16275481,1444
1767502800,91358.4,91451.6,91314.7,91451.6,12.72909737,1086
1767506400,91451.6,91768.3,91200.0,91200.0,103.91997922,1989
1767510000,91200.1,91476.2,91200.0,91476.2,48.12754684,1255
1767513600,91476.2,91478.0,91132.3,91316.8,61.65184023,1557
1767517200,91316.9,91436.3,91215.3,91411.8,19.66980187,1001
1767520800,91411.8,91550.0,91394.0,91532.4,16.10017484,1080
1767524400,91532.5,91532.5,91200.0,91252.0,39.44160804,1219
1767528000,91252.1,91288.0,91077.1,91100.1,30.14152062,1313
1767531600,91100.1,91223.1,91000.0,91210.1,9.82334568,1230
1767535200,91210.1,91361.6,91104.9,91274.9,57.19737664,1283
1767538800,91275.0,91325.3,91074.1,91288.6,20.23353616,1390
1767542400,91288.7,91392.0,91207.6,91285.2,32.61550436,1324
1767546000,91285.2,91390.5,91285.1,91304.6,10.90398936,1288
1767549600,91304.6,91304.6,90934.2,91165.0,29.99911113,1588
1767553200,91165.1,91165.1,90804.1,91116.6,25.65749589,1631
1767556800,91116.7,91302.4,91106.4,91253.0,11.23509217,1406
1767560400,91253.1,91357.7,91160.0,91223.4,15.28505266,1280
1767564000,91223.4,91352.5,91107.1,91193.5,14.51032096,1448
1767567600,91193.5,91522.8,91193.5,91507.0,50.710034209999996,1805
1767571200,91507.0,92377.4,91489.5,92355.6,288.51358704,6696
1767574800,92355.6,93333.0,92250.1,92906.9,271.03489495,6083
1767578400,92906.9,93130.5,92720.7,92983.9,46.99759741,2630
1767582000,92983.9,93159.1,92829.8,92835.8,23.64075688,1855
1767585600,92835.8,92896.2,92293.4,92566.3,55.76163495,2339
1767589200,92566.3,92685.7,92321.0,92321.1,43.57346249,1686
1767592800,92321.1,92452.2,92121.8,92440.2,33.76298948,1496
1767596400,92440.2,92574.3,92440.1,92475.2,21.266540720000002,952
1767600000,92475.2,92698.4,92399.5,92402.1,29.52175972,1383
1767603600,92402.2,92778.0,92282.0,92650.1,14.0878177,1257
1767607200,92650.1,93092.8,92622.5,93028.5,68.71939806,1458
1767610800,93028.5,93092.3,92839.8,93049.5,32.48933024,1290
1767614400,93049.6,93146.0,92702.8,92810.9,37.92372069,1751
1767618000,92810.9,92956.6,92500.0,92678.1,30.85648281,2207
1767621600,92678.1,93600.0,92369.9,93361.8,162.48360654,4787
1767625200,93385.2,93975.8,93121.0,93937.0,114.04555479,5184
1767628800,93937.1,94054.0,93574.0,93680.7,187.15769944,4094
1767632400,93680.7,94445.3,93250.0,94308.8,137.74520986,4821
1767636000,94308.9,94500.0,93923.3,94450.0,100.44756394,4114
1767639600,94450.0,94497.1,94124.9,94288.1,69.12500449,3039
1767643200,94288.2,94783.9,94038.0,94169.9,131.79575081,4312
1767646800,94169.9,94232.2,93817.4,94088.5,59.59197179,2733
1767650400,94088.5,94390.0,94029.4,94176.8,91.05083474,2586
1767654000,94176.8,94176.8,93866.8,93866.9,19.05977144,2067
1767657600,93866.9,93963.0,93550.0,93812.5,64.80073755,2988
1767661200,93812.5,94164.9,93724.2,93759.9,32.51798408,2265
1767664800,93760.0,93874.3,93525.2,93609.4,23.4757296,1893
1767668400,93609.4,93928.4,93609.3,93754.9,28.19773389,1505
1767672000,93755.0,93965.1,93731.4,93795.2,27.51682873,1291
1767675600,93795.2,93795.2,93538.9,93581.0,21.83789892,1165
1767679200,93581.0,93900.0,93545.0,93761.1,21.93612972,1375
1767682800,93761.1,93761.1,93122.1,93215.3,40.53438658,2063
1767686400,93215.4,93375.6,93152.3,93199.8,15.86309587,1301
1767690000,93199.8,93508.2,93190.8,93437.5,26.27141827,1283
1767693600,93437.6,93608.7,93379.6,93538.3,16.00183291,1111
1767697200,93541.4,93862.5,93532.3,93794.1,44.99721108,1324
1767700800,93794.1,93950.0,93760.4,93836.8,32.43748775,1314
1767704400,93836.8,93836.8,93625.1,93682.4,42.22599024,1537
1767708000,93682.4,94401.8,93500.0,93786.9,190.38653025,5467
1767711600,93786.9,94260.6,93280.8,93591.8,122.99222448,4624
1767715200,93591.8,93715.5,92282.8,92650.1,289.0259193,6048
1767718800,92650.1,92730.5,91500.8,91514.9,370.34773456,6049
1767722400,91515.0,92155.0,91230.8,91988.8,133.26111187,4985
1767726000,91988.8,92271.8,91862.4,92061.7,49.23429351,2526
1767729600,92048.6,92632.8,92045.8,92461.7,62.85742674,2750
1767733200,92461.7,93771.6,92350.0,93219.6,149.37425405,4594
1767736800,93219.5,93464.6,92914.0,93291.8,52.97143987,2935
1767740400,93306.8,93741.2,93306.7,93711.8,63.12603912,2262
1767744000,93711.8,93712.5,92598.9,92662.3,75.23445461,3380
1767747600,92661.8,92828.9,92274.0,92412.3,67.57381737,2729
1767751200,92412.3,92965.7,92201.0,92899.9,23.33552244,1902
1767754800,92900.0,93021.5,92668.4,92736.8,18.38089134,1304
1767758400,92736.8,92841.8,92541.8,92605.5,13.70671023,1147
1767762000,92605.5,92790.5,92455.0,92458.7,37.60182521,1398
1767765600,92462.5,92842.1,92455.0,92562.4,7.38447451,1117
1767769200,92562.4,92789.1,92562.3,92789.0,6.38955639,931
1767772800,92789.1,92869.3,92646.8,92649.6,11.01912277,1114
1767776400,92649.6,92649.6,91555.0,91650.1,95.71070779,2467
1767780000,91650.1,91926.7,91550.0,91926.5,32.53630634,1483
1767783600,91926.5,92166.0,91876.0,92031.8,50.22916513,1424
1767787200,92021.9,92085.6,91902.0,91935.1,26.914082280000002,1457
1767790800,91935.1,92188.2,91787.9,91973.8,84.53553539,1890
1767794400,91973.9,92055.5,91308.3,91896.4,108.79793698,4015
1767798000,91896.4,91911.8,90963.6,91266.7,161.10434216,5202
1767801600,91266.8,91720.4,91095.6,91168.9,97.9892862,2989
1767805200,91169.1,91617.2,90968.4,91188.9,54.39917904,2404
1767808800,91176.9,91336.9,90666.8,90821.3,91.53185623,3358
1767812400,90821.3,91179.9,90591.9,91094.6,216.78804571,4130
1767816000,91087.3,91187.0,90673.5,90925.8,57.46876083,2669
1767819600,90951.8,91137.7,90946.7,91011.8,41.03133524,1775
1767823200,91008.9,91267.2,90788.7,91113.0,51.04211709,2008
1767826800,91103.9,91368.7,90913.4,91273.3,28.9443016,2069
1767830400,91273.3,91417.1,91000.0,91298.8,19.70034411,2017
1767834000,91298.8,91584.7,91222.1,91327.2,44.82788884,1751
1767837600,91327.2,91360.8,90661.5,90843.9,39.85402645,2069
1767841200,90844.0,91018.2,90500.0,90701.5,67.35965552,1733
1767844800,90701.5,91027.1,90598.4,90918.9,25.96787167,1480
1767848400,90918.9,91045.8,90688.4,90699.9,11.4930444,1214
1767852000,90699.9,90751.8,89741.1,89765.9,148.75635138,3618
1767855600,89765.8,90424.2,89507.4,90424.2,69.49679816,2684
1767859200,90424.2,90629.1,90051.8,90096.8,64.3418912,1615
1767862800,90096.8,90243.6,89862.0,89883.1,45.60940748,1829
1767866400,89883.1,90348.4,89683.4,90291.9,37.76780782,1993
1767870000,90291.9,90351.8,89910.2,90096.8,75.89551584,1889
1767873600,90096.8,90097.0,89661.1,89866.3,62.8138442,2388
1767877200,89866.3,89981.7,89780.1,89854.9,68.39765526000001,1725
1767880800,89855.0,90042.0,89225.0,89919.9,128.23776845,5646
1767884400,89919.9,90722.4,89722.6,90711.4,99.78130404,4168
1767888000,90706.9,90826.6,90229.4,90826.6,74.38214588,3219
1767891600,90829.3,91345.9,90771.8,91308.7,91.76612176,3278
1767895200,91308.7,91367.7,90882.2,91038.3,36.5948842,2357
1767898800,91038.4,91229.8,90739.9,90846.8,76.37874415,2282
1767902400,90846.8,90898.7,90475.6,90844.5,40.14512217,2428
1767906000,90844.6,91230.8,90840.4,91208.9,50.689175060000004,1893
1767909600,91208.9,91401.8,90983.5,91133.8,18.561386849999998,1493
1767913200,91133.8,91250.5,90981.9,91029.1,21.90018346,1467
1767916800,91029.1,91215.3,90992.9,91211.1,19.690454289999998,1436
1767920400,91211.2,91539.8,90761.3,90947.0,34.2616812,2001
1767924000,90947.0,91371.8,90937.5,90938.8,13.45784712,1501
1767927600,90938.8,91163.3,90877.5,91118.4,13.62587403,1251
1767931200,91118.4,91118.4,90846.9,90913.3,5.56192656,1013
1767934800,90913.3,91002.7,90816.9,90966.8,5.0115837,957
1767938400,90966.8,91024.6,90880.1,91024.6,22.60813491,1150
1767942000,91024.6,91024.6,90626.5,90626.5,23.38186041,1323
1767945600,90626.6,90751.8,89603.4,89895.0,128.36558136,3379
1767949200,89900.0,90348.4,89900.0,90221.4,34.09602958,1610
1767952800,90221.5,90429.9,90186.8,90377.4,29.78157648,1205
1767956400,90377.4,90578.9,90297.1,90336.8,12.75724266,1477
1767960000,90336.8,90484.6,90126.9,90351.9,22.69308227,1585
1767963600,90351.9,90848.4,90309.6,90516.9,75.48468377,2542
1767967200,90516.9,90558.8,89850.4,90054.9,81.23514988,3878
1767970800,90055.0,91955.9,89756.0,91041.8,271.61316224,7348
1767974400,91056.8,91671.8,91056.7,91521.8,304.34494514,4658
1767978000,91521.8,91581.6,90924.8,91346.6,60.51339905,3387
1767981600,91346.6,91400.0,90255.2,90722.0,89.25464839,3475
1767985200,90722.0,90722.0,90096.8,90231.9,86.48655809,2949
1767988800,90231.9,90456.8,90131.6,90188.0,25.11341804,2844
1767992400,90192.9,90500.0,90021.4,90414.4,37.02305597,2077
1767996000,90414.4,90565.4,90238.6,90495.6,14.84393626,1523
1767999600,90495.6,90599.4,90478.3,90513.2,10.5743505,1198
1768003200,90513.3,90550.0,90411.8,90436.1,40.62359488,1185
1768006800,90436.1,90594.2,90436.0,90549.4,4.33424995,826
1768010400,90549.4,90630.7,90476.0,90540.0,16.16642584,1023
1768014000,90539.9,90540.0,90430.9,90516.0,2.71157157,776
1768017600,90516.0,90516.0,90295.3,90321.7,23.25661972,864
1768021200,90321.8,90477.1,90310.9,90473.0,3.28540383,760
1768024800,90473.1,90473.1,90351.8,90370.4,37.559284579999996,874
1768028400,90370.4,90536.3,90370.3,90532.5,13.62335088,813
1768032000,90532.6,90612.8,90486.9,90510.0,13.22240786,862
1768035600,90510.1,90612.9,90500.0,90612.9,5.95982534,798
1768039200,90612.9,90699.7,90599.9,90699.7,5.8082143,739
1768042800,90699.7,90699.7,90584.7,90584.8,25.51879867,868
1768046400,90584.8,90656.0,90538.5,90598.8,4.02656696,768
1768050000,90598.9,90626.2,90525.6,90528.9,5.04828458,912
1768053600,90529.0,90538.5,90424.8,90444.4,9.14235822,973
1768057200,90444.4,90539.7,90444.4,90539.7,6.09922734,859
1768060800,90539.7,90600.0,90507.6,90552.0,25.58711352,960
1768064400,90552.1,90619.7,90419.7,90419.8,6.9497086,1216
1768068000,90419.8,90458.6,90400.0,90452.6,13.93739462,1025
1768071600,90452.6,90504.7,90452.5,90504.7,5.77510763,959
1768075200,90504.7,90517.5,90444.0,90444.1,6.58543577,1006
1768078800,90444.1,90444.1,90374.6,90380.1,7.08300942,1015
1768082400,90380.1,90440.1,90285.2,90303.9,32.91933063,1350
1768086000,90304.0,90429.9,90303.9,90375.2,6.26234,989
1768089600,90375.2,90521.1,90339.2,90506.6,13.80120363,984
1768093200,90506.7,90538.8,90445.2,90487.0,2.14801826,767
1768096800,90487.0,90594.0,90486.9,90585.2,5.40136622,971
1768100400,90585.1,90608.0,90535.1,90608.0,16.63377701,938
1768104000,90608.0,90674.3,90565.1,90674.3,7.93856752,875
1768107600,90671.9,90723.7,90635.1,90638.7,17.56244738,888
1768111200,90638.7,90659.7,90480.5,90618.8,3.4783413899999998,806
1768114800,90618.9,90621.5,90565.1,90586.2,2.53228833,540
1768118400,90586.2,90669.9,90500.1,90669.9,31.51996232,1038
1768122000,90669.9,90670.2,90560.1,90615.4,4.99539373,741
1768125600,90615.4,90615.4,90570.1,90605.1,25.37029778,633
1768129200,90605.1,90619.0,90573.1,90605.6,4.56229704,580
1768132800,90613.9,90874.4,90600.0,90828.1,17.01024137,856
1768136400,90828.1,90835.5,90688.6,90750.9,43.58138136,1058
1768140000,90750.9,91040.8,90750.8,91015.9,90.46692033,1471
1768143600,91015.9,91015.9,90507.7,90749.8,63.97835821,1866
1768147200,90749.8,91132.3,90749.8,90914.1,30.431166570000002,1883
1768150800,90914.1,91003.3,90795.8,90854.4,15.30228133,1446
1768154400,90854.4,90854.4,90670.8,90755.8,12.4533088,1289
1768158000,90755.8,90783.7,90530.8,90576.0,14.98748821,1311
1768161600,90570.9,90593.8,90300.0,90577.1,28.50972394,1975
1768165200,90577.1,90691.2,90469.1,90611.3,17.206892540000002,1652
1768168800,90611.3,90611.3,90328.0,90413.4,14.23660494,1470
1768172400,90413.4,90886.9,90100.0,90849.8,46.77071807,2541
1768176000,90861.1,91099.5,90573.3,91099.5,50.12452369,2660
1768179600,91099.5,91658.7,90964.0,91280.1,139.11407181,3479
1768183200,91280.1,92243.5,91259.4,92095.6,110.621041,3213
1768186800,92095.6,92364.1,91674.3,91674.4,82.55759209,2852
1768190400,91674.4,92149.6,91629.4,92036.3,21.14077683,1447
1768194000,92036.4,92124.6,91920.9,91970.3,22.22130183,1404
1768197600,91970.4,92053.1,91682.7,91699.2,75.60188816,1447
1768201200,91699.2,91811.5,91285.5,91296.1,30.671405,1573
1768204800,91296.0,91500.1,90275.1,90628.5,355.53990229,3580
1768208400,90628.6,90805.1,90545.6,90558.0,51.23871199,1761
1768212000,90558.0,90655.6,90250.9,90308.7,86.94206633,1702
1768215600,90308.7,90679.4,90300.0,90520.4,61.61471394,1523
1768219200,90518.6,90732.0,90480.9,90659.4,53.16110336,1490
1768222800,90659.4,90689.3,90424.8,90500.0,119.6327096,2132
1768226400,90500.0,90997.2,89995.2,90808.4,169.51971596,4695
1768230000,90808.5,91565.4,90621.7,91565.4,153.11901009,4269
1768233600,91565.4,92217.6,91505.0,92052.1,126.10304893,4129
1768237200,92052.1,92234.4,90957.5,91422.4,164.83317054,3792
1768240800,91422.5,91860.3,91337.2,91626.2,121.11055688,2933
1768244400,91626.2,91791.0,91358.3,91781.5,124.32738196,2642
1768248000,91779.2,91960.2,91341.9,91400.1,60.24503076,2267
1768251600,91406.0,91420.7,90849.4,90964.9,61.27187771,2394
1768255200,90964.9,91351.4,90964.9,91152.0,26.53915711,1619
1768258800,91152.0,91216.1,90969.1,91190.9,16.96050218,1461
1768262400,91191.0,91437.0,91160.3,91394.0,79.92338124,1801
1768266000,91394.0,91424.3,90938.2,91078.0,14.05873203,1538
1768269600,91078.0,91267.9,91020.3,91020.3,45.22342023,1413
1768273200,91020.4,91339.1,91014.9,91295.3,14.0646203,1200
1768276800,91295.3,91503.4,91239.7,91400.5,30.78754398,1379
1768280400,91400.5,92140.6,91379.6,91808.8,37.64255309,2103
1768284000,91808.8,92143.9,91712.2,92092.0,33.24496087,1688
1768287600,92092.0,92092.0,91807.8,91846.4,23.56213039,1393
1768291200,91846.5,92148.8,91836.2,92067.7,17.0696682,1379
1768294800,92067.8,92581.1,91873.0,92158.2,107.83796901,2908
1768298400,92158.3,92243.7,91890.1,92040.8,36.385691800000004,1522
1768302000,92040.8,92152.5,91870.1,91891.9,23.96140776,1588
1768305600,91891.9,92041.9,91834.8,92006.1,13.92417024,1389
1768309200,92006.2,92500.0,91893.4,91976.9,154.6329607,3249
1768312800,91976.9,92816.0,91650.0,92403.8,120.69503831,4625
1768316400,92398.9,93386.4,92055.6,93386.4,229.34190901,5418
1768320000,93386.5,93716.2,93055.0,93353.4,324.02403258,5316
1768323600,93353.5,93448.4,93048.8,93200.0,96.05798959,3055
1768327200,93200.1,93818.0,93168.6,93599.6,67.78287181,3227
1768330800,93599.7,94200.0,93451.8,94200.0,342.36427301,4038
1768334400,94200.0,94487.7,94100.1,94433.0,154.35349733,4839
1768338000,94394.6,94500.0,94053.1,94069.4,93.51389967,2674
1768341600,94069.4,96476.1,94069.3,95656.1,487.03227301,10191
1768345200,95704.2,96046.3,95042.6,95358.1,169.95175246,4233
1768348800,95358.2,95599.0,95132.7,95207.5,114.7627797,3233
1768352400,95192.7,95519.3,95073.1,95202.5,99.24128605,2751
1768356000,95202.5,95499.9,95154.2,95282.1,34.39510725,2353
1768359600,95282.2,95650.3,95235.4,95650.3,52.25088734,1748
1768363200,95651.0,95727.8,95172.7,95185.2,35.93287508,1840
1768366800,95185.2,95219.8,94938.6,94977.9,67.76013062,2067
1768370400,94977.9,94993.0,94509.0,94992.3,187.5352798,2938
1768374000,94992.3,95184.3,94833.4,95172.6,44.511106840000004,1712
1768377600,95172.6,95269.0,94856.8,94856.9,54.04183994,1506
1768381200,94856.9,95127.8,94856.8,95049.6,27.60280637,1367
1768384800,95049.7,95246.0,94863.2,95051.5,317.28424552,2222
1768388400,95051.5,95051.5,94704.5,94729.5,41.76462328,1759
1768392000,94729.5,95100.0,94623.1,95030.4,26.97586256,1575
1768395600,95030.5,95190.0,94866.3,94955.8,53.22974521,2412
1768399200,94955.8,96800.0,94955.7,96484.3,327.96445402,6551
1768402800,96484.4,97071.3,96196.2,96747.8,354.03225889,7005
1768406400,96747.9,97680.0,96742.7,97299.9,313.82974896,6053
1768410000,97300.0,97789.9,96665.4,96963.6,327.6326698,5345
1768413600,96963.6,97105.5,96271.9,96805.3,125.98212992,4075
1768417200,96805.3,97630.3,96693.4,97242.8,157.1303242,3713
1768420800,97242.9,97899.7,97217.5,97670.9,329.07290979,4335
1768424400,97671.0,97720.1,97376.6,97546.2,76.28082559,2628
1768428000,97546.3,97567.0,96808.5,96904.4,157.21385926,3833
1768431600,96904.5,97359.0,96896.6,96933.3,32.53718489,2025
1768435200,96933.4,96983.6,96500.0,96624.7,37.68055304,2423
1768438800,96624.8,96950.1,96311.6,96437.7,34.34328316,2404
1768442400,96437.8,96570.1,96050.0,96299.9,54.55108067,2172
1768446000,96300.0,96352.7,95742.2,95937.9,108.78683432,2912
1768449600,95937.9,96334.9,95927.1,96257.6,30.60910392,1686
1768453200,96260.4,96468.8,96213.7,96396.7,17.89795018,1612
1768456800,96396.9,96517.6,96150.0,96226.9,27.19996374,1676
1768460400,96227.0,96719.0,96188.6,96566.3,21.99123826,1442
1768464000,96575.0,96626.4,96352.7,96625.2,22.83219518,1217
1768467600,96625.2,97151.1,96555.7,97030.6,76.39294731,1601
1768471200,97030.7,97030.7,96702.9,96800.1,40.23423409,1292
1768474800,96800.1,96904.6,96558.5,96569.8,33.79809195,1239
1768478400,96569.8,96987.4,96503.9,96962.1,17.58296129,1479
1768482000,96962.2,96991.2,96613.5,96822.3,58.3922176,2444
1768485600,96822.3,97092.9,95575.0,96034.8,222.74131704,5168
1768489200,96034.8,96722.6,95418.4,96712.5,229.78694819,5895
1768492800,96712.4,96895.0,96253.4,96711.8,98.97655947,3599
1768496400,96711.8,97022.9,96405.0,96592.5,82.91242024,3183
1768500000,96592.6,96592.6,95729.2,95801.8,120.02279008000001,3419
1768503600,95801.9,95890.7,95153.1,95481.6,220.88036619,3927
1768507200,95481.7,95621.7,95101.0,95175.9,136.83401505,3977
1768510800,95219.3,95579.7,95161.4,95556.9,119.52574672,2052
1768514400,95557.0,95819.8,95465.6,95539.4,24.96528268,1679
1768518000,95539.5,95677.9,95398.0,95559.4,31.77235137,1546
1768521600,95559.5,95780.2,95544.6,95584.9,131.04347106,2023
1768525200,95584.9,95797.2,95417.0,95629.8,15.72319937,1370
1768528800,95629.8,95645.0,95282.5,95460.0,133.49978002,1982
1768532400,95460.1,95537.9,95299.7,95311.4,14.12182324,1269
1768536000,95311.4,95536.7,95121.0,95216.3,20.44152513,1391
1768539600,95216.4,95634.0,95216.3,95609.3,53.365385859999996,1620
1768543200,95609.3,95759.0,95500.0,95713.5,26.50679228,1243
1768546800,95713.5,95746.3,95458.0,95632.6,9.96841695,883
1768550400,95632.7,95800.0,95565.4,95638.3,16.83312338,1364
1768554000,95638.4,95721.0,95565.4,95581.4,13.345658330000001,920
1768557600,95581.4,95589.3,95270.7,95274.1,94.06172717,1293
1768561200,95274.1,95470.7,95218.8,95396.0,100.7980974,1321
1768564800,95396.0,95532.7,95336.9,95417.8,23.45329068,1421
1768568400,95417.8,95524.3,95251.0,95406.7,34.11223694,1630
1768572000,95403.6,95774.7,95138.5,95138.6,103.41761842,3155
1768575600,95138.6,95611.6,94260.4,94550.0,220.76903949,6474
1768579200,94550.1,94959.5,94467.1,94847.8,73.74881787,3121
1768582800,94847.8,95081.6,94518.1,95081.5,22.90770776,2536
1768586400,95039.1,95179.9,94935.9,94971.5,45.34771109,2914
1768590000,94971.5,95010.1,94800.4,94961.8,27.47526588,2525
1768593600,94961.8,95527.9,94640.1,95527.9,90.63230841,3510
1768597200,95527.9,95546.8,95315.6,95475.0,69.970206,2529
1768600800,95475.1,95500.0,95211.2,95467.7,64.50278219,2227
1768604400,95467.7,95532.8,95388.5,95510.9,26.83212799,1637
1768608000,95510.3,95540.1,95390.3,95412.8,13.743583430000001,1469
1768611600,95412.9,95487.8,95352.3,95363.0,17.798881559999998,1278
1768615200,95363.0,95363.0,95184.0,95320.5,17.81173068,1186
1768618800,95320.6,95337.2,95225.3,95337.2,9.84237795,809
1768622400,95337.2,95337.2,95224.5,95265.0,8.27188116,758
1768626000,95265.0,95333.5,95243.2,95269.6,14.58071281,861
1768629600,95269.6,95279.8,95154.4,95193.5,3.4009928,796
1768633200,95193.6,95193.6,95036.1,95053.0,5.69675036,836
1768636800,95053.0,95200.8,95002.6,95200.0,2.17791859,676
1768640400,95200.0,95241.6,95150.4,95223.5,4.7301031700000005,673
1768644000,95223.5,95223.5,95037.0,95075.0,23.351710230000002,843
1768647600,95075.1,95266.8,95045.9,95254.4,5.62470185,730
1768651200,95254.4,95333.4,95195.8,95218.8,3.17422458,606
1768654800,95218.8,95382.8,95172.3,95368.7,14.12523165,988
1768658400,95368.7,95509.6,95319.3,95421.9,25.55609762,1135
1768662000,95422.0,95600.0,95401.0,95538.2,18.358833,1523
1768665600,95538.2,95538.2,95203.3,95280.9,28.10818496,1685
1768669200,95280.9,95380.0,95250.0,95293.4,7.47174369,1072
1768672800,95293.4,95426.7,95293.4,95373.6,5.98642524,977
1768676400,95373.6,95373.6,95239.9,95253.8,18.89317577,1028
1768680000,95253.8,95325.0,95239.9,95325.0,46.47464505,981
1768683600,95325.0,95362.7,95231.9,95253.5,8.22138977,883
1768687200,95253.6,95253.6,95023.5,95147.1,22.13639996,1230
1768690800,95147.1,95166.5,95078.0,95089.9,9.19582394,1024
1768694400,95089.9,95180.9,95045.5,95057.9,21.14421234,1078
1768698000,95057.9,95057.9,94822.9,94909.6,35.24644911,1560
1768701600,94909.6,95012.0,94850.6,94969.3,31.55710334,1254
1768705200,94969.3,95142.5,94969.2,95138.0,26.62705163,855
1768708800,95138.0,95138.0,95042.5,95043.0,8.483290479999999,664
1768712400,95043.1,95194.9,95030.6,95136.9,19.15542513,858
1768716000,95136.9,95170.0,95102.5,95127.8,5.49713498,652
1768719600,95127.8,95150.2,95000.0,95000.0,16.97481443,655
1768723200,95000.1,95154.0,94996.0,95140.6,3.35757637,575
1768726800,95140.7,95240.0,95132.2,95239.9,5.39472545,673
1768730400,95240.0,95240.0,95059.9,95122.7,25.3991371,542
1768734000,95122.8,95126.8,95035.0,95115.8,3.87905609,523
1768737600,95115.9,95124.7,95037.5,95052.4,3.98298717,551
1768741200,95052.5,95132.8,94860.0,95108.8,20.75589881,944
1768744800,95108.9,95296.0,94875.2,94911.9,30.2454534,1314
1768748400,94912.0,95082.4,94895.7,95082.4,29.85887907,958
1768752000,95082.4,95141.8,95032.0,95131.7,11.97669549,982
1768755600,95131.8,95228.3,95107.9,95222.5,44.24047825,1048
1768759200,95222.5,95475.0,95146.2,95407.1,48.72177108,1341
1768762800,95407.2,95472.2,95300.0,95329.9,46.25746445,1297
1768766400,95330.0,95403.6,95263.6,95263.6,11.710929440000001,1082
1768770000,95263.7,95389.9,95244.1,95385.5,10.15696208,1017
1768773600,95385.6,95480.8,95364.6,95459.2,16.15824232,1089
1768777200,95459.2,95459.2,93554.6,93632.6,315.80805862,6170
1768780800,93626.8,93626.8,91866.0,92695.0,378.35678372,10697
1768784400,92695.0,92825.0,92195.1,92519.5,141.30130604000001,3404
1768788000,92519.5,92617.1,92353.2,92546.4,25.31567042,1598
1768791600,92546.4,92735.6,92456.2,92650.4,12.64853403,1407
1768795200,92650.4,92692.4,92456.2,92640.3,19.42247554,1540
1768798800,92640.4,92754.0,92489.9,92490.0,69.17358225,1776
1768802400,92490.0,92570.8,92334.9,92506.0,45.21200045,1511
1768806000,92520.0,92781.1,92520.0,92779.2,33.96833236,1037
1768809600,92779.3,93319.5,92658.5,93231.0,56.56850766,1700
1768813200,93231.0,93231.0,92888.4,92995.3,13.20827927,1128
1768816800,92995.4,93020.8,92810.7,93006.6,28.699409,1002
1768820400,93006.7,93234.9,92922.2,93145.7,9.27021293,954
1768824000,93145.7,93152.3,92948.4,93002.4,24.37178704,1351
1768827600,93002.4,93085.0,92750.0,92951.7,37.07568209,1541
1768831200,92951.8,92980.6,92678.2,92770.0,38.18572753,1879
1768834800,92770.1,93012.0,92770.0,93012.0,33.18668045,1926
1768838400,93012.0,93399.0,92940.0,93273.9,37.7146299,1836
1768842000,93274.0,93332.6,93101.3,93167.5,21.59751373,1491
1768845600,93167.6,93206.3,92883.3,92993.2,18.23677666,1695
1768849200,92993.2,93089.8,92933.7,93056.4,8.48165491,1447
1768852800,93056.4,93198.7,93042.8,93075.7,36.33177188,1366
1768856400,93075.7,93272.4,92926.5,92945.3,55.54804885,1580
1768860000,92945.4,92978.4,92000.0,92478.8,301.16872968,2735
1768863600,92478.8,92664.9,92090.3,92546.5,290.75026343999997,3139
1768867200,92546.5,92791.1,92295.4,92650.1,27.76847491,1725
1768870800,92650.1,92805.9,92482.5,92631.5,56.53570417,1508
1768874400,92631.5,92646.7,92303.2,92497.0,43.70876785,1662
1768878000,92497.0,92587.5,92200.0,92370.6,34.68395477,1440
1768881600,92370.6,92391.6,91895.0,91986.4,81.71917847,1741
1768885200,91986.4,91986.4,91221.1,91573.0,107.24592017,3411
1768888800,91560.7,91560.7,90676.4,90810.4,192.45835266,4178
1768892400,90819.2,91184.2,90759.5,91092.5,42.67631275,2258
1768896000,91092.5,91142.3,90584.5,91000.8,51.94849563,2695
1768899600,91000.8,91000.8,90813.6,90926.6,34.15115982,1630
1768903200,90926.6,91176.1,90912.4,91160.5,35.51419329,1395
1768906800,91160.2,91329.3,91128.5,91128.6,10.08511325,1380
1768910400,91128.6,91199.0,90977.8,91197.1,37.37837108,1605
1768914000,91197.2,91213.9,90706.8,90866.5,102.29195098,2644
1768917600,90866.5,91274.6,90171.8,90418.1,205.75575425,5886
1768921200,90418.1,90696.9,89797.1,90591.1,142.57633335,7133
1768924800,90591.1,90880.5,89948.2,90076.4,133.06831615,4486
1768928400,90076.4,90400.0,89358.8,89675.3,165.15604943,6008
1768932000,89675.3,89834.9,89281.4,89388.2,94.38126194,4239
1768935600,89388.2,89673.6,89174.2,89596.5,189.62638447,4230
1768939200,89596.5,89711.0,89270.8,89594.0,177.39778402,3898
1768942800,89605.5,89689.5,89303.1,89360.0,78.66484571,2418
1768946400,89352.3,89509.1,87800.0,88385.8,452.00671805,7178
1768950000,88385.8,88396.7,87784.4,88309.9,131.42312545,4801
1768953600,88309.9,88845.0,88151.8,88814.1,114.43392348,5041
1768957200,88814.1,89051.0,88739.4,88904.6,84.78378316,3295
1768960800,88904.6,89227.8,88881.0,88932.9,115.03464681,2791
1768964400,88933.1,89469.2,88933.0,89316.6,101.43022346,2508
1768968000,89316.7,89496.0,89243.7,89329.9,91.74201858,1702
1768971600,89329.9,90000.0,89329.8,89830.3,49.69502338,2018
1768975200,89830.3,89830.3,89399.4,89547.8,29.75822888,1344
1768978800,89547.8,89632.2,88969.7,89119.1,59.83179574,1990
1768982400,89119.1,89278.9,88880.8,89087.5,56.05627701,1901
1768986000,89087.6,89387.2,88969.9,88998.3,39.58453294,1621
1768989600,88998.3,89272.2,88971.5,89158.1,108.11933244,1669
1768993200,89158.1,89269.0,88603.5,88700.0,32.76744462,1922
1768996800,88700.0,88762.5,88101.0,88645.1,117.15171947,3753
1769000400,88645.1,88911.9,88477.0,88599.9,54.36728778,3074
1769004000,88588.5,91111.7,88517.5,89726.9,729.16547722,8724
1769007600,89727.0,90504.9,89685.1,90218.3,330.43032147,6025
1769011200,90218.3,90297.7,87507.6,87533.4,254.53156874,7567
1769014800,87533.8,88047.2,87200.0,87853.9,320.65738443,8318
1769018400,87853.9,88545.3,87405.6,88374.9,503.41256341,5443
1769022000,88375.0,90347.9,88202.5,90275.8,242.28491274,6901
1769025600,90275.8,90275.8,89351.2,90098.6,155.46850738,5045
1769029200,90105.6,90241.7,89895.6,90160.0,65.05267837,2574
1769032800,90160.0,90342.5,89692.8,89692.8,51.65043932,2221
1769036400,89692.8,90132.3,89281.7,89372.9,57.71993888,2658
1769040000,89372.9,89935.0,89372.9,89815.1,53.49195645,2337
1769043600,89815.1,90112.1,89746.7,90023.0,48.759489,2093
1769047200,90023.0,90261.7,89770.7,89868.2,28.9192688,1881
1769050800,89868.2,90063.8,89621.8,89804.0,17.85541579,1560
1769054400,89807.6,89975.8,89743.2,89926.5,14.05753301,1320
1769058000,89918.7,89984.1,89850.0,89912.0,53.81725409,1323
1769061600,89912.1,90100.0,89820.3,90079.5,16.48156962,1365
1769065200,90079.5,90099.0,89716.3,89741.9,14.78161914,1207
1769068800,89741.9,89875.2,89677.0,89820.5,20.39046845,1225
1769072400,89820.5,90039.1,89797.1,89939.8,13.02470835,1146
1769076000,89957.7,90010.3,89873.5,90010.1,15.28625736,1144
1769079600,90010.2,90056.5,89812.0,89860.4,26.67390587,1322
1769083200,89860.4,89988.1,89788.7,89928.2,13.58543293,2004
1769086800,89928.2,90250.1,89410.1,89521.9,79.05394274,3083
1769090400,89521.9,89620.1,88958.5,88993.9,144.16524802,4632
1769094000,88993.8,89420.6,88422.6,88905.4,345.46041829,6432
1769097600,88904.8,89163.7,88573.9,88947.5,65.84460255,3800
1769101200,88947.6,89500.0,88947.6,89499.9,145.7297304,3769
1769104800,89483.0,89716.6,89211.4,89221.8,85.71724909,3445
1769108400,89221.8,89818.7,89012.1,89699.6,135.80872527,3167
1769112000,89699.6,89851.0,89312.1,89312.1,75.82860042,2719
1769115600,89312.2,89554.8,89155.9,89158.4,39.00483229,2514
1769119200,89158.4,89452.0,89043.8,89269.1,32.47533793,2377
1769122800,89269.1,89485.8,89085.6,89454.2,14.63688239,1568
1769126400,89454.2,89532.5,89365.2,89440.3,17.165092,1724
1769130000,89440.3,89845.7,89440.2,89845.7,27.83332512,1724
1769133600,89845.7,89872.6,89555.7,89565.2,20.69821146,1630
1769137200,89565.3,89818.7,89540.2,89818.7,9.23627536,1307
1769140800,89818.8,89955.0,89782.0,89888.9,10.10216991,1295
1769144400,89888.9,89888.9,89344.0,89536.8,28.40092185,1526
1769148000,89527.4,89679.9,89313.6,89392.3,13.00751926,1560
1769151600,89392.4,89553.3,89351.6,89445.0,7.27411563,1241
1769155200,89445.1,89485.1,89011.6,89117.3,32.663910800000004,1965
1769158800,89117.3,89249.2,88799.0,88849.3,128.98990003,2378
1769162400,88849.4,89031.7,88763.8,88903.1,43.98636128,1770
1769166000,88903.1,89209.1,88879.1,89075.2,21.37052615,1310
1769169600,89075.2,89227.6,88968.8,89160.4,10.74004025,1236
1769173200,89160.4,89300.0,89113.0,89230.9,20.73039007,1522
1769176800,89231.0,89593.1,88500.0,88882.1,162.16013338,4915
1769180400,88893.4,89741.8,88470.9,89644.4,182.69230175,4490
1769184000,89644.4,90367.6,89388.6,90035.1,109.81630431,4688
1769187600,90035.2,91099.5,89875.0,90494.2,190.5012043,5690
1769191200,90494.2,90919.0,90372.6,90399.1,84.01626067,3300
1769194800,90399.1,90419.2,89517.4,89860.9,121.95465572,4813
1769198400,89860.9,90048.5,89091.7,89404.1,126.88064305,4318
1769202000,89405.9,89567.9,89212.0,89236.3,31.31929887,2140
1769205600,89236.3,89640.1,89236.2,89523.9,53.70210462,1990
1769209200,89523.9,89523.9,89316.5,89495.0,30.24892729,1404
1769212800,89495.0,89495.0,89306.0,89340.7,15.07140188,1297
1769216400,89340.7,89469.9,89340.6,89430.5,4.28655095,941
1769220000,89430.5,89563.3,89430.4,89563.2,12.48126034,893
1769223600,89563.2,89786.3,89563.1,89643.6,23.03963859,1278
1769227200,89643.6,89703.3,89597.6,89703.2,9.00213413,774
1769230800,89703.3,89705.5,89630.2,89656.4,12.61643401,799
1769234400,89656.4,89656.4,89518.7,89527.2,12.06467139,682
1769238000,89527.3,89539.8,89435.5,89479.7,6.25447737,774
1769241600,89479.7,89527.3,89455.0,89502.6,4.83559996,589
1769245200,89502.7,89518.5,89457.0,89457.1,3.76785607,520
1769248800,89457.1,89499.8,89448.3,89495.4,12.48439468,575
1769252400,89495.4,89505.4,89440.6,89457.8,26.50365478,724
1769256000,89457.8,89457.8,89366.6,89377.0,5.88860328,775
1769259600,89377.0,89384.0,89257.4,89257.4,3.95268665,703
1769263200,89257.4,89371.6,89055.7,89311.6,13.1646401,1324
1769266800,89311.6,89339.0,89140.9,89142.8,24.85946132,1273
1769270400,89142.9,89200.8,89038.1,89148.7,15.51963611,1417
1769274000,89148.8,89260.5,89134.2,89256.0,9.93746166,1094
1769277600,89256.1,89311.5,89241.5,89257.5,10.42929253,1033
1769281200,89257.5,89257.5,89137.2,89183.4,19.55764667,957
1769284800,89183.4,89254.2,89183.3,89245.9,12.26163856,954
1769288400,89245.9,89245.9,89128.0,89245.9,12.37234303,1090
1769292000,89245.9,89345.7,89187.8,89290.6,18.21926891,1031
1769295600,89290.7,89300.0,89079.5,89079.6,14.44224391,1105
1769299200,89079.6,89150.3,89041.5,89146.6,5.87825136,991
1769302800,89146.6,89177.0,88961.0,89038.2,58.32716404,1206
1769306400,89038.2,89100.3,88994.4,88994.5,5.8112213299999995,913
1769310000,88994.5,89024.9,88726.1,88849.5,26.09799558,1373
1769313600,88849.5,88950.0,88813.1,88888.1,8.6263098,857
1769317200,88888.1,88907.4,88693.6,88838.3,81.62968674,1023
1769320800,88838.3,88849.3,88517.2,88718.9,22.41384188,1262
1769324400,88719.0,88719.0,88500.0,88513.0,10.84049281,935
1769328000,88513.1,88623.4,86362.0,88178.9,665.85087613,4989
1769331600,88178.9,88346.7,88111.1,88250.9,34.22352636,1289
1769335200,88250.9,88513.2,88250.8,88513.2,10.30443511,1010
1769338800,88513.3,88534.7,88410.0,88430.0,23.05394253,975
1769342400,88430.1,88640.9,88310.8,88640.1,13.10211554,990
1769346000,88640.2,88822.0,88506.0,88778.6,27.97833891,1059
1769349600,88778.6,88800.6,88457.2,88580.2,26.38952945,1527
1769353200,88580.3,88616.5,88250.0,88316.3,38.02816042,1399
1769356800,88316.3,88316.3,87429.2,87952.8,286.98370532,5444
1769360400,87952.8,87956.5,87627.5,87750.8,93.36331312,2508
1769364000,87750.9,87832.9,86721.3,87295.6,244.03798916,6265
1769367600,87295.6,87359.9,86107.0,86379.6,309.97371328,7081
1769371200,86379.6,86609.1,86129.9,86538.7,170.98538967,4268
1769374800,86538.6,86892.8,86310.9,86484.7,144.31231587,3524
1769378400,86484.7,86587.4,86115.2,86420.6,199.71884319,3874
1769382000,86420.7,86674.1,86007.0,86572.3,100.97202318000001,3947
1769385600,86572.3,87078.7,86430.5,86754.9,83.59415949,3076
1769389200,86755.0,87716.1,86725.6,87579.6,73.75673882,3549
1769392800,87579.6,87827.4,87341.0,87414.9,74.06897396,2371
1769396400,87440.9,87552.4,86986.7,87146.8,39.96037391,1725
1769400000,87146.8,88171.7,87114.5,87617.3,510.85404496,2357
1769403600,87617.4,87842.5,87555.0,87712.0,31.84800946,1520
1769407200,87712.0,87897.4,87641.3,87822.6,39.47995231,1508
1769410800,87822.7,87960.5,87581.5,87906.1,21.91073437,1496
1769414400,87906.1,88263.3,87749.2,87878.2,36.7608454,1953
1769418000,87874.3,87894.5,87510.1,87563.5,17.3366415,1275
1769421600,87566.3,87846.9,87566.3,87795.6,11.77062765,933
1769425200,87795.6,87885.1,87686.3,87749.7,17.37832905,1029
1769428800,87749.8,87868.6,87626.9,87695.1,26.50889415,1037
1769432400,87695.1,87945.5,87601.1,87874.0,36.08444475,1420
1769436000,87874.0,88400.0,87375.0,88103.3,134.81394847,3790
1769439600,88103.4,88747.4,87207.0,87545.3,178.41648252,4824
1769443200,87545.3,87846.7,87133.0,87531.7,111.11715517,3588
1769446800,87531.7,87683.5,86950.7,87600.0,153.51665721999998,3274
1769450400,87600.0,88311.5,87570.0,88311.5,117.08656385,3471
1769454000,88311.8,88459.4,87857.4,87914.8,116.95593328,2873
1769457600,87914.8,88011.3,87452.8,87514.2,65.40014772,2766
1769461200,87514.3,88141.9,87491.9,87961.2,65.65291777,2269
1769464800,87961.2,88174.2,87897.9,88043.1,46.35950945,1851
1769468400,88037.4,88534.9,87944.6,88247.4,66.6738881,2062
1769472000,88247.4,88349.9,88121.4,88256.1,31.06955256,1534
1769475600,88256.1,88577.7,88096.8,88451.4,54.87111898,1790
1769479200,88451.4,88747.0,88451.3,88712.8,21.35725477,1580
1769482800,88712.8,88774.3,88483.5,88654.3,21.06257965,1332
1769486400,88668.2,88903.1,88392.1,88466.9,62.938860240000004,1708
1769490000,88466.9,88466.9,88291.1,88331.7,12.58209564,1013
1769493600,88331.7,88446.0,88168.3,88214.4,16.87436293,1077
1769497200,88214.4,88451.5,88214.3,88216.1,39.12852428,1178
1769500800,88216.1,88289.6,88000.1,88060.5,21.37630301,1313
1769504400,88060.5,88060.5,87752.0,87759.9,26.12513522,1244
1769508000,87759.9,87930.8,87636.3,87656.1,40.19097289,1125
1769511600,87656.1,87976.4,87636.2,87874.6,15.87908104,1074
1769515200,87874.6,88034.5,87838.7,87847.9,10.30228255,967
1769518800,87847.9,87942.7,87682.4,87838.3,20.45617127,1484
1769522400,87838.3,88314.1,87531.6,87605.1,97.91153706,3323
1769526000,87602.8,88044.8,87457.7,87912.9,102.99463933,3917
1769529600,87913.0,88705.7,87881.0,88515.2,141.61597845,3969
1769533200,88515.2,88569.3,87206.2,87432.0,110.53720245,4079
1769536800,87432.0,88368.1,87353.5,88157.8,47.21076461,2944
1769540400,88157.8,88400.0,87936.3,88268.5,62.91047445,2297
1769544000,88268.5,89356.4,88268.4,89292.7,325.60754197,4664
1769547600,89292.6,89436.2,88904.4,88940.2,79.91032706,2484
1769551200,88954.8,89300.0,88902.3,89130.9,52.58380142,1760
1769554800,89130.9,89430.0,89026.8,89124.1,58.05844117,1724
1769558400,89124.1,89325.0,89035.0,89325.0,16.6957794,1401
1769562000,89325.0,89370.0,89084.1,89286.0,35.73532568,1579
1769565600,89286.1,89311.8,88972.5,89152.9,14.4664812,1385
1769569200,89153.0,89169.6,88882.8,88990.7,27.62415163,1282
1769572800,88990.8,89029.8,88723.6,88847.7,14.52719054,1311
1769576400,88847.8,88970.7,88735.8,88970.7,63.7957041,1408
1769580000,88970.7,89259.9,88970.7,89205.2,35.34841207,1332
1769583600,89205.2,89205.2,89000.0,89009.8,5.65644062,1105
1769587200,89009.8,89121.7,88775.0,88800.0,14.10314241,1435
1769590800,88800.0,89444.8,88750.0,89444.8,29.68832307,1552
1769594400,89437.4,89566.4,89211.8,89295.3,58.18690735,1719
1769598000,89288.4,90000.0,89152.8,89955.9,108.47887669,2647
1769601600,89956.0,90034.5,89678.0,89860.0,48.21138437,2037
1769605200,89860.0,90349.1,89850.0,90130.8,112.57510225,3331
1769608800,90130.8,90139.2,89337.4,89513.0,124.31509693,3341
1769612400,89490.2,89723.0,88764.0,89359.6,136.24990975,3785
1769616000,89359.7,89702.0,89124.8,89520.6,59.61075167,2967
1769619600,89520.7,90438.3,89179.2,90042.5,140.56715419,4178
1769623200,90042.6,90042.6,89217.2,89395.8,98.48909155,3432
1769626800,89416.0,89591.2,88889.0,89252.1,103.1428429,4391
1769630400,89263.1,89754.6,88875.3,88953.5,136.79642722,3700
1769634000,88971.6,89335.0,88719.2,89281.5,79.13710595,2561
1769637600,89281.5,89340.0,89006.8,89245.4,27.27726974,1522
1769641200,89245.4,89325.7,89081.4,89159.6,39.9167049,1707
1769644800,89159.7,89202.7,88780.1,88991.1,51.45392902,1891
1769648400,88996.8,89030.3,88249.8,88461.4,346.45613797,3050
1769652000,88461.4,88598.9,87581.4,87764.7,194.90030218,3932
1769655600,87764.7,88100.0,87642.2,87922.0,191.64680328,2634
1769659200,87922.0,88225.3,87753.9,88177.8,44.96117347,1795
1769662800,88177.9,88248.3,88006.2,88045.3,12.0185126,1567
1769666400,88045.3,88197.9,88035.1,88178.0,9.35741503,1358
1769670000,88178.0,88280.0,88125.3,88188.5,21.16370331,1401
1769673600,88196.0,88333.0,87750.0,87934.4,45.70703456,1514
1769677200,87934.5,87996.1,87758.5,87760.3,17.09079941,1239
1769680800,87760.4,87852.2,87679.4,87804.0,55.6465243,1613
1769684400,87804.0,87910.0,87611.6,87697.2,86.91680595,1902
1769688000,87697.3,87957.6,87669.0,87957.5,20.56016317,1495
1769691600,87957.6,88000.0,87814.8,87894.0,47.44234442,1897
1769695200,87894.0,87926.7,86868.0,86881.3,182.55782699,5056
1769698800,86881.4,86881.4,84242.0,84797.6,737.96917332,17862
1769702400,84788.8,85240.5,84149.9,85153.6,283.70511717,8677
1769706000,85153.6,85474.7,83902.0,84105.9,222.87252376,7415
1769709600,84114.9,84476.8,83290.0,83337.1,379.65461607,9002
1769713200,83337.1,84163.1,83220.3,83840.9,297.36714566,7832
1769716800,83840.9,84222.0,83661.2,84050.7,131.46883184,5483
1769720400,84050.8,84502.5,84041.1,84380.6,78.64136078,3696
1769724000,84380.7,84472.8,84178.3,84425.2,53.91256153,2588
1769727600,84425.2,84588.4,84301.3,84515.1,46.59545937,2162
1769731200,84515.1,84596.4,84032.1,84069.4,57.72348386,2811
1769734800,84069.4,84069.4,81000.1,82348.7,561.60976399,13311
1769738400,82348.7,82406.5,81041.4,82029.5,221.9452607,8165
1769742000,82029.5,82600.0,81935.5,82562.7,116.02226863,3965
1769745600,82562.7,83204.9,82562.7,82797.4,74.99148248,2852
1769749200,82797.5,83182.6,82771.9,82774.1,49.04098778,2353
1769752800,82774.1,82788.7,81950.8,82485.0,543.74722508,6692
1769756400,82485.0,82961.5,82355.0,82684.5,54.98076153,2562
1769760000,82684.5,82821.2,82305.6,82520.4,54.5518474,2272
1769763600,82520.4,82688.2,82019.6,82214.2,84.07747629,2493
1769767200,82217.0,82726.0,82034.5,82691.4,42.4175854,2119
1769770800,82691.4,83157.8,82558.0,83014.0,34.85042836,2005
1769774400,83014.0,83177.0,82523.2,82649.3,48.318382,2732
1769778000,82649.3,82910.2,82285.8,82623.3,62.20847603,3397
1769781600,82623.4,83675.0,82596.9,82941.7,238.45975879,5356
1769785200,82941.7,83469.2,82249.3,82768.1,141.79302207,5479
1769788800,82768.1,83339.0,82401.2,83021.8,201.47454038,4764
1769792400,83013.6,83335.9,82518.7,82810.0,137.3871942,4783
1769796000,82810.0,84041.2,81764.2,83808.1,341.90678012,7666
1769799600,83804.3,84486.9,83788.6,84096.6,187.83299285,5528
1769803200,84096.6,84132.9,83426.0,83753.8,135.55310805,5118
1769806800,83768.1,84365.9,83648.9,84144.0,79.79868567,3148
1769810400,84129.3,84174.9,83763.0,84067.7,32.67213562,2319
1769814000,84067.7,84151.7,83803.0,84124.7,27.5202283,1873
1769817600,84124.7,84124.7,83892.1,83925.6,54.94470448,2031
1769821200,83925.6,84114.3,83762.1,83850.4,28.65861626,1629
1769824800,83850.4,84036.5,83691.0,83987.7,28.7122194,1668
1769828400,83987.7,84077.1,83900.0,83900.1,19.15062192,1463
1769832000,83900.1,84002.0,83795.0,83847.9,9.13645323,1260
1769835600,83848.0,83952.7,83741.5,83861.1,12.49585975,1116
1769839200,83861.1,83892.2,83509.4,83634.7,9.64218417,1410
1769842800,83634.8,83648.2,83251.7,83399.6,33.98637413,1509
1769846400,83399.6,83458.3,82453.9,82934.0,171.57033459,3699
1769850000,82934.1,83139.2,82755.1,82963.8,21.480683,1780
1769853600,82963.9,83056.3,82781.0,83004.9,49.90774976,1527
1769857200,83005.0,83014.8,82711.3,82856.1,95.91864874,1629
1769860800,82856.2,82996.6,82581.7,82600.0,31.39377617,2051
1769864400,82626.8,82777.0,82360.0,82626.1,42.26117138,2488
1769868000,82627.9,82786.6,80704.9,81365.2,358.79247931,9138
1769871600,81365.2,81641.0,80965.9,81180.2,154.96604112,4875
1769875200,81180.2,82064.1,79938.2,80246.9,1122.97998202,12498
1769878800,80246.9,80415.7,78082.2,78752.0,985.5199741,16983
1769882400,78752.0,78999.9,75600.0,77916.5,742.06688308,14443
1769886000,77916.5,78457.7,77113.8,77648.3,330.63849218,8073
1769889600,77648.3,78000.0,76968.8,77895.9,349.06828388,5690
1769893200,77896.0,78266.4,77300.0,78187.3,245.13042327,4885
1769896800,78187.3,78382.6,77904.3,78085.4,193.6981316,4126
1769900400,78085.4,79118.6,77992.0,78648.4,292.71054979,4512
1769904000,78648.4,79315.2,78552.7,78822.8,97.43080613000001,3694
1769907600,78822.8,78859.6,78222.8,78450.7,108.2007595,3472
1769911200,78450.7,78967.9,78307.9,78814.9,56.58402639,2971
1769914800,78814.9,78920.4,78580.0,78792.6,54.07256498,2195
1769918400,78792.6,79017.1,78645.2,78920.0,33.04230536,2123
1769922000,78920.1,78925.0,78467.2,78529.1,36.08816252,1784
1769925600,78529.2,78731.2,78194.7,78210.7,248.4887369,1892
1769929200,78210.7,78613.8,77898.7,78263.7,235.27694673,2449
1769932800,78263.8,78786.9,78186.3,78518.0,62.10181299,1832
1769936400,78518.0,79057.7,78490.0,78940.8,115.03096415,1416
1769940000,78940.9,79152.5,78082.2,78192.4,144.5577913,2185
1769943600,78201.1,78817.1,78201.1,78674.4,38.56037658,1244
1769947200,78674.4,78674.4,78204.1,78381.8,17.52459348,1386
1769950800,78388.9,78674.3,78157.1,78248.6,45.12089064,1460
1769954400,78249.9,78425.8,77178.6,78150.4,164.35436065,3845
1769958000,78147.7,78168.6,76707.7,77526.1,714.186761,5425
1769961600,77527.5,77748.7,77021.3,77410.3,110.02593533,3232
1769965200,77410.4,77661.7,77235.4,77661.7,64.83961736,2224
1769968800,77661.7,78344.9,77656.6,77954.8,95.93352281,2664
1769972400,77954.8,78020.1,76901.1,77087.8,81.05757147,2582
1769976000,77087.8,77641.8,76500.0,77019.7,117.87626645,3262
1769979600,77019.7,77076.8,76300.0,76441.6,105.37607538,3828
1769983200,76441.7,77679.8,76371.6,77162.7,160.63741274,3628
1769986800,77162.8,77519.8,75665.8,76882.2,802.92047352,8288
1769990400,76892.4,78086.7,76558.3,77591.9,193.75573588,4829
1769994000,77591.9,77867.5,76566.6,77441.4,112.68838465,3694
1769997600,77441.3,77452.3,76380.0,76400.3,103.79475357,3093
1770001200,76398.2,76474.2,74543.0,76213.0,622.42617155,12049
1770004800,76213.4,76499.9,75241.0,75811.2,94.82129611,4555
1770008400,75811.2,75900.1,74835.0,75404.4,171.62576196,4796
1770012000,75404.4,76739.6,74870.8,76421.3,201.06961268999999,5474
1770015600,76429.0,76845.9,76248.9,76556.1,65.76520613,3395
1770019200,76556.1,77056.8,76527.9,76800.7,64.55250477,3103
1770022800,76800.7,77726.9,76580.1,77610.0,95.53163362000001,3455
1770026400,77629.4,77769.7,77375.6,77417.9,133.55997994,2757
1770030000,77417.9,77860.2,77356.5,77644.0,87.18776439,2556
1770033600,77663.1,78317.6,77636.9,77916.7,120.32757467,3289
1770037200,77916.7,78353.0,77745.2,78157.6,111.75717596,3096
1770040800,78151.7,78801.6,77562.2,77753.5,214.19585908,5945
1770044400,77802.8,79250.0,77485.1,78804.8,327.35134754,6490
1770048000,78821.3,79250.0,78525.6,78571.5,319.9744763,4838
1770051600,78571.6,79167.1,78561.7,78957.0,155.95262065,4083
1770055200,78957.0,78957.0,78316.7,78521.8,78.45433963,3638
1770058800,78521.8,78617.3,78228.0,78274.2,55.67478967,3661
1770062400,78278.7,78597.4,77848.3,77925.2,94.60354604,3635
1770066000,77925.2,78467.2,77843.3,78462.9,54.30928923,3127
1770069600,78462.9,78780.9,78462.9,78730.0,63.04377522,2316
1770073200,78730.0,78897.1,78471.1,78669.2,34.73844347,2459
1770076800,78669.2,79000.0,78327.3,79000.0,131.35535699,2786
1770080400,79000.0,79120.2,78656.7,78948.2,90.45094098,2537
1770084000,78948.2,78948.2,77727.0,77732.1,541.10658704,6391
1770087600,77732.1,78807.5,77530.5,78687.9,594.84127133,5699
1770091200,78687.9,78911.3,78426.0,78739.5,45.59852166,1940
1770094800,78739.5,78739.5,78161.7,78163.2,30.83127145,1820
1770098400,78163.2,78597.8,77831.4,78516.8,70.79936744,2153
1770102000,78516.9,78831.7,78430.6,78704.7,19.53199404,2089
1770105600,78704.8,78988.2,78409.0,78671.3,40.8118094,2082
1770109200,78671.3,78775.3,77871.0,78342.1,62.11923992,2979
1770112800,78342.1,78476.6,78004.5,78060.7,46.316037,2116
1770116400,78060.7,78270.4,77932.5,78007.0,43.02131857,2270
1770120000,78007.0,78336.2,77924.7,78257.5,56.85875798,2085
1770123600,78254.5,78364.8,78123.0,78228.6,27.17571264,2230
1770127200,78222.7,78350.0,77113.8,77131.7,248.75509239,5012
1770130800,77131.7,78124.0,76994.2,78073.0,256.87422359,6293
1770134400,78071.6,78071.6,76405.1,76419.1,378.37960686,6272
1770138000,76407.8,76449.9,74811.0,74811.8,1398.76648306,11429
1770141600,74812.6,75200.7,73038.9,73065.1,686.55404338,13636
1770145200,73065.1,75182.3,72865.2,74857.8,778.6059485,10053
1770148800,74857.9,76623.6,74509.0,76420.7,418.68137825,6788
1770152400,76374.3,76836.7,76029.7,76145.8,203.99104327999999,4357
1770156000,76145.8,76183.5,75312.3,75631.2,224.88579718,4226
1770159600,75631.2,75892.9,75339.2,75662.0,115.27348609,3632
1770163200,75662.0,76139.2,75366.7,75804.3,78.79883108,2992
1770166800,75804.3,76659.2,75804.3,76311.2,48.81400362,2530
1770170400,76311.2,76491.8,75631.5,75868.0,34.39770302,2214
1770174000,75868.0,76866.2,75799.9,76623.9,77.04446909,2558
1770177600,76624.0,76713.7,76321.4,76379.7,20.93632523,1572
1770181200,76379.7,76429.8,76029.8,76178.7,36.65226937,1530
1770184800,76178.8,76675.3,76175.0,76550.3,28.97892328,1522
1770188400,76550.3,76550.3,76199.9,76403.5,450.03627921000003,3301
1770192000,76403.5,76470.7,75984.0,76470.7,413.98110906,3319
1770195600,76474.8,76486.0,75861.0,76000.9,52.66320812,1559
1770199200,76001.0,76225.9,75969.3,76187.8,19.7587451,1260
1770202800,76178.9,76178.9,75557.1,76029.6,41.00912368,1575
1770206400,76000.1,76139.2,75912.4,76060.5,98.1768384,1730
1770210000,76060.6,76060.6,74750.0,74767.0,87.91207059,3545
1770213600,74767.0,75638.4,74098.8,74239.9,336.78779705,6634
1770217200,74240.0,75241.4,73686.6,74012.3,306.71373636,8172
1770220800,74013.0,74125.4,72957.4,73506.2,329.52125468,7830
1770224400,73506.2,73737.1,72046.5,72415.4,1253.2551643,11372
1770228000,72415.5,73940.0,72111.0,73262.9,352.85571339,8200
1770231600,73263.5,73835.9,72900.0,73757.6,148.2593958,5211
1770235200,73757.7,73975.3,73245.9,73352.8,104.42380741,3743
1770238800,73358.9,73487.5,72059.2,72629.8,244.71257015,5131
1770242400,72623.1,73500.0,71722.0,72380.0,406.62824222,7609
1770246000,72380.0,73350.1,72307.7,73013.6,104.86136639,4498
1770249600,73008.9,73141.3,72600.8,72698.8,86.28085331,3728
1770253200,72697.4,73156.8,71801.8,72236.2,306.80996658,5099
1770256800,72241.5,72671.1,71157.0,71323.7,390.96376774,6577
1770260400,71318.2,71727.0,71029.0,71107.5,500.07558344,5913
1770264000,71103.3,71275.3,70584.1,70725.0,320.97769135,6780
1770267600,70725.0,70982.9,70001.0,70586.8,289.11714963000003,6503
1770271200,70580.0,70831.5,70299.7,70808.0,141.4518635,4244
1770274800,70808.0,71447.0,70485.7,70569.9,241.06625116,4178
1770278400,70570.4,71383.4,70570.4,70902.9,62.77130315,3298
1770282000,70902.9,71834.5,70902.9,71416.2,98.89695556,3885
1770285600,71424.1,71589.7,70536.3,70727.9,52.45546656,3257
1770289200,70727.9,70921.8,69830.1,70201.3,437.03307705,7695
1770292800,70201.3,70458.0,69050.0,69425.2,305.70670394,9228
1770296400,69425.3,69669.9,69133.8,69549.8,170.76995095,6001
1770300000,69549.9,70731.2,69181.3,69276.1,261.3564904,9092
1770303600,69286.7,69479.6,66580.7,67390.1,2095.34418778,25886
1770307200,67378.9,68524.8,66800.3,68173.4,609.25690751,12829
1770310800,68167.4,68223.5,66018.0,66043.1,712.98184544,13986
1770314400,66041.0,66411.8,65250.6,66227.6,583.52027345,12629
1770318000,66205.7,66477.6,65074.1,65119.6,677.57757485,10406
1770321600,65119.6,65542.1,62308.2,63633.6,2180.94998294,25126
1770325200,63646.3,64636.1,62826.0,63089.3,583.64811175,14775
1770328800,63089.2,64500.0,62558.4,63811.0,665.65584045,10318
1770332400,63794.8,64773.8,62650.7,62858.1,403.495488,10295
1770336000,62858.0,63833.6,60500.0,63444.2,1202.8132819,26144
1770339600,63444.2,65707.4,63436.3,65632.0,600.44462177,11070
1770343200,65632.0,65944.3,64163.9,64884.0,468.37350315,8011
1770346800,64896.4,65079.7,63711.1,64102.5,230.24018886,5620
1770350400,64102.5,64931.4,63901.6,64856.3,126.73240129,4582
1770354000,64837.8,66715.8,64730.6,66330.2,235.78457034,5286
1770357600,66333.1,66713.2,64814.8,64920.9,211.92073577,5402
1770361200,64909.4,65452.4,64561.0,64756.4,135.6240461,4155
1770364800,64766.8,65110.9,64442.5,64821.5,191.14990708,3961
1770368400,64820.1,66060.5,64679.2,65716.0,195.15494369,4393
1770372000,65716.0,66118.7,65487.1,65878.0,128.6689986,3487
1770375600,65878.0,66650.0,65710.6,66555.0,228.34033314,3498
1770379200,66555.1,66555.1,66050.1,66517.8,221.7448358,3189
1770382800,66513.2,67674.3,66417.1,67256.2,343.10642534,5919
1770386400,67256.2,68599.7,66591.2,68160.1,512.65576553,8512
1770390000,68160.1,69127.1,67759.0,68586.6,380.50301579,9029
1770393600,68604.0,70190.5,68426.5,69926.1,524.50981826,9985
1770397200,69932.3,71447.8,69586.4,70739.4,656.94506147,10585
1770400800,70719.8,70795.0,69293.8,69723.3,388.27730033,7774
1770404400,69723.3,70909.1,69611.4,70686.4,178.86329408,5105
1770408000,70673.1,70941.4,69988.3,69988.3,174.55989704,4927
1770411600,69985.7,70443.3,69812.3,70305.1,103.73547798,3726
1770415200,70318.9,71483.6,70250.0,71306.5,355.50223462,5175
1770418800,71300.0,71695.7,70460.2,70527.4,152.14528783,4174
1770422400,70527.4,70554.8,69683.1,69915.1,138.7583757,4392
1770426000,69915.1,70645.7,69736.9,70472.1,62.30978336,2596
1770429600,70459.6,70590.3,70139.7,70327.3,41.056267,1898
1770433200,70321.1,70884.2,70250.0,70883.6,38.85953398,2379
1770436800,70883.6,71631.2,70563.9,70747.4,147.76946854,3373
1770440400,70727.1,71138.4,69938.0,70105.7,111.94548747,2990
1770444000,70131.2,70276.4,68708.4,68748.8,235.4553919,4369
1770447600,68745.0,69054.8,67343.8,68081.7,480.61655686,7350
1770451200,68070.1,68764.5,67749.0,68474.2,289.08829042,3607
1770454800,68474.2,68726.5,67823.7,68093.0,182.93426888,2290
1770458400,68091.8,68238.6,67578.6,67947.5,84.37319207,2090
1770462000,67948.2,68126.1,67636.6,67941.8,41.08857184,1602
1770465600,67920.1,69894.0,67861.4,68965.6,221.42523225,4675
1770469200,68970.1,69318.3,68773.0,69000.0,113.46233251,2224
1770472800,69028.4,69101.6,68316.6,68582.7,118.35861531,2586
1770476400,68582.3,69680.6,68515.1,69071.3,110.62689036,3153
1770480000,69071.3,69807.7,68814.1,68938.3,153.09322865,4743
1770483600,68903.8,69347.5,68520.3,69118.7,91.24911727,2712
1770487200,69118.7,69635.7,68968.1,69460.2,46.39597504,2501
1770490800,69465.3,69525.5,69239.6,69311.3,25.34878729,1626
1770494400,69311.3,69653.2,69211.7,69586.1,21.94729671,1724
1770498000,69586.1,69653.2,69316.0,69425.4,118.78953539999999,1863
1770501600,69442.2,69649.9,69277.7,69354.0,28.55065494,1598
1770505200,69366.6,69394.6,68750.1,69268.8,186.27517604,2601
1770508800,69249.9,69374.2,68855.4,69095.1,22.64394734,1604
1770512400,69095.2,69427.9,69042.6,69352.1,13.75123067,1384
1770516000,69352.1,69628.1,69128.6,69329.0,32.11693726,1748
1770519600,69328.8,69376.3,69029.2,69072.4,19.04512918,1258
1770523200,69072.5,69280.8,68938.2,69272.1,25.06970299,1160
1770526800,69299.0,69361.3,69110.9,69173.7,51.7647083,1173
1770530400,69173.8,69361.3,69037.9,69288.6,27.04279681,1255
1770534000,69288.6,69665.1,69181.3,69660.1,27.15428024,1210
1770537600,69660.0,70718.9,69472.3,70607.7,162.24400263,3058
1770541200,70607.8,70648.5,70013.5,70100.0,62.42035791,1710
1770544800,70057.0,70383.5,69823.8,70204.2,45.88667257,1535
1770548400,70204.3,71180.1,70171.4,70941.0,143.87003545,2756
1770552000,70949.2,71200.0,70657.4,71200.0,101.62798662,1915
1770555600,71200.0,71449.1,70937.7,71445.0,309.90289613,2810
1770559200,71445.0,71500.0,71071.6,71175.0,49.18844181,2116
1770562800,71190.0,71398.9,70766.8,71100.0,91.92874464,2756
1770566400,71114.9,71190.0,70223.8,70362.0,202.53952068,3086
1770570000,70362.1,70816.2,70362.0,70725.0,34.01990476,2011
1770573600,70725.1,71350.1,70725.0,71086.9,78.80803167,2204
1770577200,71086.9,71465.1,71086.9,71370.1,35.47217786,1800
1770580800,71370.1,71384.9,70680.1,70789.7,35.22084268,1954
1770584400,70789.8,71083.6,70523.7,70687.6,44.33381304,1833
1770588000,70676.4,71056.8,70620.0,71024.9,53.6418546,1701
1770591600,71012.5,72256.1,70000.0,70305.0,282.63521973,6663
1770595200,70300.5,70714.3,70088.0,70455.1,58.57815423,2325
1770598800,70455.1,70877.6,70035.2,70309.2,86.36835666,2838
1770602400,70309.3,70926.7,70170.1,70576.4,19.38379732,1848
1770606000,70583.7,71369.9,70583.7,71286.5,80.29928513,1951
1770609600,71265.1,71286.9,70863.4,70965.1,39.08484207,1383
1770613200,70965.1,71052.1,70765.2,70987.0,12.89103425,1095
1770616800,70987.1,71000.9,70279.0,70610.6,66.84898145,1895
1770620400,70610.7,70824.7,70300.8,70365.6,32.14975424,2082
1770624000,70361.7,70529.9,69369.3,69824.8,155.14313455,3004
1770627600,69812.4,70038.7,69429.5,69540.0,210.83079061,2533
1770631200,69540.0,69653.2,68352.1,68658.8,331.51612024,4354
1770634800,68658.8,68935.9,68514.7,68826.7,53.97937339,1686
1770638400,68855.8,69165.6,68799.5,69079.8,200.29236791,1932
1770642000,69079.8,69220.2,68558.6,68558.8,104.69217734,2110
1770645600,68558.7,69725.6,68242.5,69237.3,195.9140106,4604
1770649200,69237.4,69817.3,68789.4,69552.9,283.21795020999997,4197
1770652800,69530.8,70370.1,69077.9,70053.0,99.58488566,3433
1770656400,70053.0,70916.4,69837.5,70574.9,392.12160907,4376
1770660000,70560.1,70964.4,70063.9,70366.6,177.24719945,3203
1770663600,70378.9,71000.0,70211.6,70883.9,114.46935871,2706
1770667200,70923.7,71059.5,70475.3,70709.6,158.03659457,3084
1770670800,70707.7,70780.2,69791.6,70375.1,118.23661697,2587
1770674400,70375.1,70662.0,70257.6,70331.4,45.30620439,1771
1770678000,70331.4,70543.3,70055.5,70087.2,32.84133425,1650
1770681600,70103.9,70213.4,69729.1,69815.2,180.93521714,2021
1770685200,69804.9,70468.6,69790.6,70376.5,32.81200447,1732
1770688800,70429.4,70429.4,69980.0,70069.8,26.04992953,1446
1770692400,70060.9,70129.8,69165.4,69460.8,109.11492386,2797
1770696000,69460.8,69845.6,69445.2,69778.0,52.99160644,1571
1770699600,69778.0,69806.5,69186.7,69397.7,54.731757349999995,1558
1770703200,69397.7,69436.0,68673.9,68879.0,103.34365233,2547
1770706800,68872.5,69138.4,68805.0,68860.2,38.57597418,1620
1770710400,68865.4,69143.1,68678.0,69073.4,58.82649236,2208
1770714000,69073.4,69329.0,68894.0,69069.5,42.91155362,1781
1770717600,69069.5,69179.0,68888.5,68888.5,43.8905053,1337
1770721200,68888.6,69005.3,68420.0,68478.6,247.88469967,2867
1770724800,68478.6,68792.4,68408.2,68559.4,107.24731131,2540
1770728400,68559.5,69098.9,68345.0,68984.0,145.08242355,3206
1770732000,68984.0,69544.6,67875.1,68429.1,346.41280073,6759
1770735600,68429.1,69452.8,68256.7,69239.0,178.97860092,4625
1770739200,69246.0,69749.0,68906.5,69494.1,180.9089681,4121
1770742800,69494.1,69954.7,69301.2,69884.0,177.26457563,2904
1770746400,69884.0,69899.0,68587.2,68850.0,109.41177578,3281
1770750000,68850.0,69253.1,68674.0,69033.6,101.43684678,2676
1770753600,69033.7,69089.0,68594.4,68708.3,101.27320283,2561
1770757200,68714.0,68954.0,68334.1,68593.0,79.03824428,2539
1770760800,68605.5,68800.0,68537.0,68639.1,33.39249424,1667
1770764400,68659.5,68805.9,68489.0,68785.5,77.19952666,1614
1770768000,68796.3,69183.5,68750.5,69164.7,91.21633627,2321
1770771600,69164.7,69228.6,68885.4,68927.3,32.35647469,1832
1770775200,68927.3,69104.0,68581.4,68624.1,21.794756,2113
1770778800,68624.1,68698.3,67979.1,68132.3,119.85231386,3086
1770782400,68132.3,68271.0,67324.9,67537.3,249.26483422,4169
1770786000,67537.4,67739.0,67362.5,67381.7,71.59858372,2162
1770789600,67379.1,67432.0,66532.6,66766.8,133.05672161,4833
1770793200,66760.1,67198.5,66619.2,67000.0,82.1944731,2751
1770796800,67000.0,67072.5,66767.5,66970.2,46.57213502,2101
1770800400,66970.3,67056.0,66708.4,66821.3,51.73265332,2096
1770804000,66831.4,66850.0,66351.0,66503.4,98.69589454,2136
1770807600,66503.4,67056.0,66485.6,67023.4,66.20875688,1939
1770811200,67023.4,67378.9,66954.0,67081.1,120.30748799,2278
1770814800,67105.8,67639.4,66780.7,67424.4,247.20099312,3314
1770818400,67424.6,68774.0,66421.8,66555.7,408.00198222,5753
1770822000,66566.6,66764.5,65727.7,66481.7,332.86874996,5371
1770825600,66488.8,67219.2,65907.3,66008.8,161.80589571,2986
1770829200,66000.1,66868.7,65845.8,66493.4,84.24183339,2637
1770832800,66482.5,67262.9,66120.0,67237.8,135.89760008,2624
1770836400,67233.4,67799.4,67076.5,67537.1,136.82027805,2370
1770840000,67540.4,67714.5,67150.1,67506.4,207.97174282,2165
1770843600,67515.2,68271.3,67376.9,67766.0,148.12393187,2481
1770847200,67766.1,67821.4,67343.8,67362.0,53.58314112,1654
1770850800,67382.4,67502.3,66748.4,67052.3,130.94162491,1991
1770854400,67039.6,67635.3,67007.2,67425.7,69.57193472,1823
1770858000,67425.7,67987.3,67425.7,67637.4,79.53365739,1571
1770861600,67646.8,67741.7,67369.4,67378.4,140.69387123,1518
1770865200,67380.0,67536.6,67282.3,67536.6,52.26493804,1252
1770868800,67533.5,67618.9,66964.8,66964.9,392.60940598999997,1831
1770872400,66965.8,67138.9,66618.6,67085.5,30.79126367,1359
1770876000,67090.0,67287.2,66957.9,67046.0,19.72912552,1464
1770879600,67067.5,67262.0,66893.6,67167.7,29.99430224,1414
1770883200,67167.7,67262.0,66860.7,67073.4,30.58114664,1188
1770886800,67088.9,67651.5,67001.8,67507.2,30.39928298,1100
1770890400,67507.2,67973.2,67379.9,67973.2,43.67358724,1377
1770894000,67970.1,68230.4,67713.6,68061.7,105.54796042,1910
1770897600,68049.5,68113.3,67687.4,67824.1,146.19746244,1653
1770901200,67830.2,68333.7,67651.5,68320.0,197.44835663,2235
1770904800,68320.0,68353.3,67500.0,67563.3,150.42300099,2845
1770908400,67560.1,67960.7,66989.3,67080.0,127.01477954,3298
1770912000,67100.0,67196.0,65510.7,65800.0,330.9704926,6221
1770915600,65818.5,66198.1,65306.6,65350.6,190.75251362,4323
1770919200,65366.6,65731.1,65072.2,65539.9,310.26551708,3984
1770922800,65540.0,66055.2,65228.2,65725.5,219.92633951,3138
1770926400,65735.8,65975.5,65167.0,65345.5,140.03608778,2969
1770930000,65345.6,65835.5,65345.6,65779.9,64.70969272,2006
1770933600,65779.9,66335.0,65587.3,66231.2,134.56938669,2218
1770937200,66231.2,66404.9,66098.5,66203.8,55.60155423,1624
1770940800,66208.5,66444.8,65825.8,65862.9,39.45533735,1807
1770944400,65860.1,66540.5,65860.1,66370.0,34.86411294,1850
1770948000,66380.0,66692.1,66342.2,66622.3,24.64257099,1807
1770951600,66620.1,66724.4,66420.0,66499.9,25.9916315,1602
1770955200,66500.0,66617.4,66261.7,66261.7,13.98452957,1343
1770958800,66261.8,66451.7,66142.4,66142.4,13.73882148,1610
1770962400,66140.1,66340.0,65976.0,66311.6,18.82732346,1500
1770966000,66311.7,66512.5,66002.3,66152.9,49.91394046,1444
1770969600,66153.0,66660.0,66152.9,66620.0,37.30429885,1896
1770973200,66629.6,66993.5,66570.5,66919.9,32.69193983,1595
1770976800,66920.0,67040.0,66759.2,66932.6,35.46209161,1649
1770980400,66932.6,67158.2,66750.6,67120.5,61.81526787,1820
1770984000,67120.5,67144.2,66880.1,67047.3,38.81841845,1856
1770987600,67030.4,67557.5,66897.1,67220.1,264.27936778,3660
1770991200,67220.1,67957.5,66832.9,67694.4,198.18749568,4844
1770994800,67694.5,69270.3,67660.1,68643.3,474.55726183,7443
1770998400,68643.3,69437.4,68506.0,68920.0,336.40650358,5049
1771002000,68920.0,69175.7,68591.6,68994.7,115.13976971,3174
1771005600,68994.8,69352.3,68872.3,69097.6,55.06055998,2717
1771009200,69097.7,69200.0,68911.3,68911.4,64.22137698,2626
1771012800,68911.4,68936.0,68644.6,68752.5,68.53931011,2560
1771016400,68752.5,69015.4,68700.1,68866.8,176.07542117,2437
1771020000,68866.7,68958.8,68703.8,68922.4,35.65019518,1894
1771023600,68930.9,68940.0,68793.0,68837.0,20.98999542,1318
1771027200,68820.1,69110.6,68750.0,69063.4,33.39666336,1439
1771030800,69063.6,69084.4,68899.9,68931.7,28.8053422,1293
1771034400,68931.7,68978.8,68820.0,68851.1,25.58470291,1171
1771038000,68851.1,68973.6,68820.0,68943.9,35.57769357,1050
1771041600,68943.9,68943.9,68778.0,68778.0,7.39614745,950
1771045200,68778.1,68860.0,68732.3,68733.3,13.95343074,742
1771048800,68733.3,68879.8,68709.7,68879.8,13.929730769999999,711
1771052400,68879.8,69292.3,68872.7,69186.2,74.43479145,1227
1771056000,69186.3,69825.9,69186.2,69707.9,70.67492455,2175
1771059600,69714.4,69840.0,69549.1,69692.5,38.94077646,1161
1771063200,69692.6,69692.6,69561.0,69639.9,15.482353380000001,786
1771066800,69640.0,70540.0,69639.9,70480.0,145.46358913,3105
1771070400,70480.0,70497.4,69589.6,69640.0,293.85604663,3436
1771074000,69620.1,69745.2,69212.0,69419.4,493.36546689,3998
1771077600,69440.0,69839.0,69336.4,69683.2,162.33099462,2213
1771081200,69690.1,70011.3,69565.6,69770.8,184.73532121,2407
1771084800,69772.0,69772.9,69263.9,69716.1,169.62773347,2415
1771088400,69716.1,69880.0,69600.0,69698.2,51.09834654,1808
1771092000,69698.2,69820.0,69660.0,69719.4,35.87699193,1339
1771095600,69719.4,69863.7,69588.1,69800.1,21.72829713,1480
1771099200,69829.0,69988.7,69717.0,69988.7,35.53292554,1516
1771102800,69988.7,70208.0,69648.9,69877.6,52.15766096,2108
1771106400,69877.6,70039.9,69739.2,69940.1,58.61139772,1550
1771110000,69940.1,69980.0,69700.0,69758.4,21.12438596,1186
1771113600,69777.8,69825.8,69586.4,69720.0,18.7182023,1293
1771117200,69720.1,69856.4,69340.0,69665.2,40.25021897,1550
1771120800,69665.3,69710.6,69328.1,69480.0,14.09332916,1314
1771124400,69460.1,69946.3,69236.5,69946.3,32.22232031,1734
1771128000,69946.3,70478.0,69925.6,70138.6,106.14413464,2408
1771131600,70138.7,70432.5,70121.0,70260.1,32.26747619,1384
1771135200,70260.1,70498.8,70180.5,70383.3,63.79119059,1155
1771138800,70383.3,70877.3,70304.4,70780.0,91.88134491,2169
1771142400,70783.7,70935.2,70149.6,70400.0,61.03576058,1792
1771146000,70400.0,70626.8,70357.7,70395.0,8.1141048,1058
1771149600,70395.0,70479.0,70200.0,70408.2,7.5612125500000005,939
1771153200,70408.2,70494.1,70243.9,70261.4,6.43731435,743
1771156800,70261.4,70377.2,69294.7,69294.7,66.59008278,2306
1771160400,69294.8,69559.2,68770.9,68900.1,126.64330729,2638
1771164000,68900.1,69180.0,68820.0,69112.9,39.43963486,1433
1771167600,69114.4,69190.9,68857.5,69056.6,46.08170543,1245
1771171200,69069.5,69069.5,68750.8,69011.9,37.38271423,1372
1771174800,68999.9,69053.1,68180.1,68600.0,139.81211407,2755
1771178400,68594.6,68731.0,68320.1,68380.0,102.27790216,2125
1771182000,68400.0,68516.9,68049.8,68242.2,68.18396875,2178
1771185600,68242.2,68500.0,68100.0,68414.6,52.31828989,1185
1771189200,68414.7,68911.1,68414.6,68835.0,72.20023889,1508
1771192800,68829.1,69028.6,68763.7,68933.8,61.99115653,1463
1771196400,68940.0,68940.4,68275.6,68780.0,42.41825594,1689
1771200000,68780.0,69000.0,68671.0,68815.8,16.91976179,1437
1771203600,68815.8,68992.5,68443.6,68600.4,50.37212497,1597
1771207200,68600.5,68699.9,68229.3,68291.6,9.58869267,1576
1771210800,68291.6,68420.0,68133.0,68387.7,43.74323432,1466
1771214400,68387.7,68838.9,68387.7,68838.9,20.2474708,1237
1771218000,68838.9,68838.9,68276.9,68364.5,27.10729117,1298
1771221600,68364.6,68488.5,68214.1,68419.9,10.43737216,1025
1771225200,68420.0,68632.7,68351.8,68540.0,17.24736867,1124
1771228800,68540.0,68748.1,68520.0,68740.0,29.10495346,964
1771232400,68740.0,69020.8,68719.0,68960.1,65.97861869,1158
1771236000,68960.1,68960.1,68674.7,68772.1,24.44402034,955
1771239600,68772.2,68859.9,68330.0,68780.1,48.31491533,1293
1771243200,68780.1,69791.0,68780.0,69720.1,58.80633613,2414
1771246800,69720.1,70073.2,68200.0,68370.1,233.42345749,3984
1771250400,68370.1,68649.2,68234.3,68380.1,104.50725093,1852
1771254000,68380.1,68560.0,67271.1,67500.1,392.10840242,4682
1771257600,67500.1,67920.0,67500.0,67840.0,106.99574149,2102
1771261200,67840.0,68042.8,67582.1,67922.1,82.03939666,1705
1771264800,67920.0,68198.0,67803.4,67824.6,95.16494561,1639
1771268400,67824.7,68111.9,67800.0,67882.5,77.03719918,1231
1771272000,67882.5,68533.9,67800.1,68497.7,69.91082081,1600
1771275600,68497.7,68891.9,68401.7,68840.0,98.8625749,1561
1771279200,68829.9,68830.0,68480.2,68560.1,119.46839253,1583
1771282800,68560.2,68950.0,68509.6,68860.0,22.02022578,1197
1771286400,68860.0,69035.2,68682.7,68847.7,99.71468936,1634
1771290000,68847.7,68960.0,68550.5,68584.8,30.71012494,1260
1771293600,68584.8,69191.0,68353.6,68816.4,42.65726195,2041
1771297200,68816.4,68816.4,68440.0,68440.0,29.18247488,1286
1771300800,68440.1,68659.9,68273.5,68439.9,23.43654423,1201
1771304400,68439.9,68460.0,67880.0,68211.4,29.62166848,1579
1771308000,68210.4,68464.0,68210.3,68383.8,8.53123519,1000
1771311600,68383.8,68436.6,68152.5,68366.4,14.75787425,995
1771315200,68366.5,68438.3,68100.0,68140.0,5.69118038,784
1771318800,68140.0,68260.0,67961.0,68069.8,90.42831139,1307
1771322400,68080.0,68140.0,67684.1,67800.0,57.20400315,1527
1771326000,67800.0,67879.9,67675.9,67800.1,192.73399181,1833
1771329600,67800.1,68246.1,67800.1,67862.8,77.98779807,1850
1771333200,67862.8,68319.9,67720.0,68087.0,69.85854006,2177
1771336800,68087.0,68294.8,66692.9,66848.9,334.16115983000003,5095
1771340400,66840.9,67367.8,66592.4,67353.2,307.08097381,3736
1771344000,67353.3,68095.2,67304.4,67489.5,265.35600942,3399
1771347600,67489.5,67679.9,66860.0,67207.4,198.50061502,2661
1771351200,67208.3,68164.9,67112.3,68060.0,126.40162598,2754
1771354800,68060.1,68189.4,67724.6,67760.0,156.6830166,2041
1771358400,67761.9,67880.8,67480.1,67723.0,171.41671555,2098
1771362000,67720.1,67869.6,67505.4,67627.6,56.25119919,1496
1771365600,67627.7,67740.0,67477.9,67506.8,22.23317775,1149
1771369200,67506.9,67580.5,67363.8,67475.4,14.46443618,1206
1771372800,67475.4,67592.8,67262.9,67287.6,19.72204676,1465
1771376400,67286.1,67336.1,66844.4,67132.1,88.44932172,2177
1771380000,67132.1,67368.0,67132.0,67291.9,31.19157234,1485
1771383600,67291.9,67651.5,67291.8,67600.0,17.30162992,1231
1771387200,67600.1,67838.5,67462.1,67771.2,28.67864724,1292
1771390800,67771.3,67880.0,67578.9,67613.7,33.18959177,1228
1771394400,67613.7,67919.6,67600.1,67813.9,13.36213894,978
1771398000,67813.9,68173.1,67668.7,68094.9,111.92384842999999,1390
1771401600,68094.9,68418.9,68048.0,68082.9,27.99215285,1489
1771405200,68082.9,68246.1,67982.1,68130.0,36.754761,1058
1771408800,68130.0,68140.0,67716.5,67754.6,40.77212859,1220
1771412400,67754.7,67769.0,67080.0,67340.1,69.66374107,1848
1771416000,67340.1,67640.0,67335.2,67430.6,52.02940091,1176
1771419600,67430.6,67560.0,67050.0,67212.7,51.93930388,1379
1771423200,67212.8,67340.0,66684.4,67160.1,160.98003519,2649
1771426800,67197.8,68310.0,67197.7,67672.3,200.55918536000001,3167
1771430400,67672.2,67689.6,66969.9,67118.7,182.02889076,2899
1771434000,67118.7,67448.9,67040.0,67150.5,59.72276011,1738
1771437600,67159.9,67196.7,66192.2,66333.4,246.89273516,3923
1771441200,66326.9,66567.3,65838.5,66143.7,232.81396497,3666
1771444800,66146.3,66511.7,66120.1,66209.9,110.47764833,2329
1771448400,66226.1,66454.8,66071.3,66300.4,197.11939017,2147
1771452000,66303.0,66446.7,66206.9,66377.1,58.18174406,1642
1771455600,66377.1,66464.7,66250.0,66425.7,32.61466687,1386
1771459200,66425.7,66537.5,66309.0,66408.7,19.10735728,1528
1771462800,66408.7,66839.2,66408.2,66839.2,44.61449574,1481
1771466400,66839.2,66913.5,66620.0,66820.0,41.67344454,1474
1771470000,66809.8,66969.3,66700.1,66953.3,23.10283274,1204
1771473600,66953.4,67021.3,66727.8,66780.1,39.34583367,1394
1771477200,66780.1,66853.3,66666.0,66838.9,9.8048942,1057
1771480800,66838.7,67254.9,66835.3,67105.0,132.17053647,1592
1771484400,67112.3,67296.2,67000.1,67173.0,37.11744564,1423
1771488000,67173.0,67173.6,66768.4,66920.0,38.08742429,1428
1771491600,66936.2,67145.7,66738.5,66810.0,13.66205858,999
1771495200,66810.1,66920.0,66724.5,66804.0,6.59001211,843
1771498800,66804.0,66887.1,66447.4,66465.0,42.28050889,1408
1771502400,66465.0,66640.0,66286.3,66486.9,51.232026250000004,1597
1771506000,66486.9,66529.7,65757.5,65889.9,212.05809932,3468
1771509600,65889.9,66629.3,65620.1,66380.0,202.70418781,4425
1771513200,66380.0,66708.3,65958.0,66382.7,192.74962299999999,4001
1771516800,66382.7,66483.0,65881.2,66300.0,69.09684646,3182
1771520400,66286.4,67000.0,66152.3,66339.9,109.25616439,3316
1771524000,66340.0,67005.2,66220.0,67003.8,207.90378077,4010
1771527600,67004.6,67170.6,66678.3,67020.0,73.11647568,2643
1771531200,67020.0,67141.9,66817.3,67106.0,143.35209929,2555
1771534800,67107.9,67132.2,66893.6,66898.0,43.85276233,1688
1771538400,66898.0,66960.0,66643.4,66900.0,52.22999254,1881
1771542000,66900.1,66997.9,66790.7,66955.3,17.63073901,1529
1771545600,66955.3,67436.5,66922.9,67215.8,107.12001909,2806
1771549200,67200.1,67319.4,67125.7,67260.0,21.2379299,1485
1771552800,67260.0,67318.7,67162.8,67240.0,17.89913279,1352
1771556400,67225.0,67447.5,67215.4,67340.0,14.08477396,1244
1771560000,67340.0,67358.1,67081.5,67228.7,30.69943131,1309
1771563600,67228.7,67984.6,67177.4,67739.8,175.2628183,2495
1771567200,67739.9,67857.5,67643.2,67815.7,43.10485935,1328
1771570800,67815.7,67960.0,67744.6,67780.0,22.89591756,1186
1771574400,67780.0,67912.0,67733.6,67848.5,9.454676599999999,1204
1771578000,67848.5,68200.0,67848.5,68192.4,86.55394498,1892
1771581600,68190.6,68266.3,67849.0,67898.8,41.34589938,1600
1771585200,67898.9,67950.0,67263.6,67286.6,47.12022009,1999
1771588800,67286.7,67555.5,67255.5,67508.9,52.189473559999996,2000
1771592400,67508.9,67508.9,66450.0,66780.6,280.89714283,4392
1771596000,66780.6,67295.7,66657.5,67060.1,194.78699779,3686
1771599600,67060.1,68000.0,66540.5,67585.7,340.64523121,6585
1771603200,67570.9,67887.4,67280.1,67799.8,139.37434001,4158
1771606800,67780.1,67780.1,66965.1,67591.0,324.11554429,4749
1771610400,67591.0,67962.0,67447.4,67904.3,146.00972842,3390
1771614000,67904.3,67978.4,67530.4,67619.9,112.30664673,2674
1771617600,67619.9,67798.1,67519.3,67722.0,38.34252402,1751
1771621200,67721.9,67800.0,67620.7,67787.9,36.91025512,1748
1771624800,67787.9,68092.9,67625.3,68050.0,261.76905027,2796
1771628400,68050.0,68200.5,67900.0,67998.2,148.98357266,1849
1771632000,67998.2,68006.3,67786.0,67801.1,41.160863660000004,1278
1771635600,67801.1,67960.0,67801.0,67940.1,5.8968468000000005,825
1771639200,67940.1,68069.6,67900.0,67980.0,13.54779754,899
1771642800,67980.1,67980.1,67538.0,67642.7,28.61760131,1345
1771646400,67642.8,67818.0,67577.6,67796.8,8.31987292,1030
1771650000,67796.9,67860.0,67796.8,67823.5,10.65148645,745
1771653600,67823.5,67900.0,67731.3,67759.9,10.20671114,881
1771657200,67760.0,67848.3,67736.4,67835.2,10.29756234,667
1771660800,67835.2,68048.0,67812.4,68048.0,47.57133774,846
1771664400,68048.0,68266.1,67960.0,68134.4,40.73803536,1319
1771668000,68134.4,68221.6,68126.3,68175.4,47.65834548,880
1771671600,68175.4,68248.7,68066.2,68066.3,25.29818099,944
1771675200,68066.3,68178.4,67905.4,68178.3,11.14436629,964
1771678800,68178.3,68222.0,68105.0,68221.9,13.77467527,1020
1771682400,68222.0,68653.3,68160.3,68428.5,114.87853686,2374
1771686000,68423.7,68678.8,68400.0,68622.6,40.58173122,1714
1771689600,68600.1,68600.1,68079.0,68301.1,356.96356914,2717
1771693200,68307.3,68445.5,68184.6,68400.1,15.30968088,1305
1771696800,68400.1,68600.0,68382.9,68543.0,64.69854996,1411
1771700400,68543.0,68600.0,68499.7,68519.6,171.00288927,1710
1771704000,68519.6,68580.3,68189.4,68197.8,48.20622311,1624
1771707600,68197.7,68360.0,68166.7,68359.9,42.28265161,1047
1771711200,68359.9,68407.7,67879.2,67962.8,46.71219961,1421
1771714800,67962.9,68094.7,67927.7,67966.6,18.86535049,1069
1771718400,67966.7,68030.4,67800.0,67919.9,65.55128876,1490
1771722000,67920.0,68140.0,67919.9,68109.0,21.38083538,1068
1771725600,68129.9,68187.9,67864.6,67892.5,29.592540070000002,1232
1771729200,67892.6,68030.0,67820.0,68019.0,13.47801177,1017
1771732800,68019.1,68058.8,67960.0,67961.4,26.63750898,912
1771736400,67961.5,67982.3,67866.4,67939.9,6.52163178,732
1771740000,67940.0,68155.7,67939.9,68033.7,29.72853876,858
1771743600,68033.7,68080.3,67974.0,68000.1,13.69886616,641
1771747200,68000.1,68000.1,67918.5,67960.0,7.05692388,584
1771750800,67948.1,68077.4,67948.0,68060.0,29.76976588,808
1771754400,68060.1,68124.4,68010.1,68124.3,14.9697406,625
1771758000,68124.4,68214.5,68124.3,68195.2,13.16641959,802
1771761600,68195.2,68202.1,67900.0,67934.9,106.95561319,1413
1771765200,67935.0,68000.0,67561.3,67634.1,147.06077823,1834
1771768800,67634.1,67663.0,67348.7,67430.9,182.07640037,2065
1771772400,67431.0,67789.7,67285.1,67668.2,47.64240917,1916
1771776000,67668.2,67668.2,67494.6,67614.6,117.85469454,1412
1771779600,67614.6,67614.6,67180.0,67328.6,65.72641815,1758
1771783200,67358.5,67435.8,67301.9,67413.5,18.42749576,1166
1771786800,67413.5,67450.0,67374.6,67389.1,29.15872539,1248
1771790400,67389.1,67446.7,67321.1,67350.9,72.74920822,1548
1771794000,67350.9,67594.7,67350.9,67590.7,39.86457523,1129
1771797600,67590.7,67709.1,67461.8,67653.6,20.81675562,1218
1771801200,67653.7,67684.7,67447.0,67612.1,16.53972153,1324
1771804800,67612.1,67653.3,66701.3,66715.4,115.6110147,2861
1771808400,66715.4,66715.4,64203.2,64417.4,620.70215848,12966
1771812000,64410.7,64886.7,64334.3,64774.2,100.67752454,4680
1771815600,64774.3,65025.0,64688.5,64940.1,67.33884702,2776
1771819200,64940.1,65012.6,64679.9,64810.1,37.52869164,2097
1771822800,64810.1,65201.3,64810.0,65039.9,190.0939851,2672
1771826400,65040.0,65770.4,65024.2,65749.7,56.48240939,2595
1771830000,65749.7,65983.7,65654.5,65943.6,203.30338472,2137
1771833600,65943.6,65943.6,65580.0,65672.1,28.87011457,1690
1771837200,65672.1,66428.8,65672.0,66400.1,71.36799054,2408
1771840800,66396.8,66562.5,66232.0,66315.6,56.37951354,1674
1771844400,66315.6,66476.5,66118.7,66199.9,55.32968003,1688
1771848000,66199.9,66513.4,65907.4,66260.5,56.80382732,1846
1771851600,66260.5,66424.0,66110.8,66130.0,61.72022661,2021
1771855200,66130.0,66250.0,65500.0,65920.0,117.44682489,3071
1771858800,65920.0,66203.3,65578.2,65645.4,82.46309673,3041
1771862400,65645.9,65699.9,65169.4,65340.0,121.05548828,3229
1771866000,65340.0,65442.5,64160.4,64800.0,259.49861368,5407
1771869600,64803.0,65152.1,64579.4,64622.8,102.60463508,3214
1771873200,64622.9,64826.0,64088.0,64274.5,324.89316109,4118
1771876800,64282.8,64464.0,63888.0,64464.0,178.21284599999998,3744
1771880400,64459.1,64771.8,64440.3,64550.7,70.51855587,2247
1771884000,64550.7,64988.8,64549.4,64704.1,165.77250161999999,1957
1771887600,64704.1,64877.7,64512.2,64624.1,323.25867409,2009
1771891200,64624.1,64971.0,64624.0,64906.1,62.96051795,1962
1771894800,64906.1,64906.1,63351.6,64130.5,208.14895844,6310
1771898400,64130.5,64458.0,63995.5,64100.0,31.34117064,2374
1771902000,64100.0,64100.0,63123.6,63542.0,531.23675493,5059
1771905600,63542.1,63574.7,62859.0,63343.5,160.52547059,4673
1771909200,63343.5,63500.0,62679.6,63069.8,123.2315059,3921
1771912800,63069.8,63285.0,62881.5,63061.3,31.04196315,2484
1771916400,63061.3,63330.9,62910.1,63155.0,83.3697285,2084
1771920000,63160.0,63408.4,63001.8,63380.1,40.35983758,1726
1771923600,63380.2,63402.4,62929.5,63226.9,53.17134847,1860
1771927200,63226.9,63340.0,63120.0,63285.4,47.525560569999996,1629
1771930800,63285.4,63302.2,63062.0,63224.2,53.87183981,1870
1771934400,63224.2,63330.0,62951.0,62955.4,74.01186058,1896
1771938000,62957.1,63088.6,62500.0,62904.5,107.03804975,3882
1771941600,62904.5,63817.6,62747.1,63461.7,165.8373877,4820
1771945200,63458.4,64009.3,63323.5,63976.0,249.11223372,4247
1771948800,63976.1,64415.1,63700.0,64264.3,126.78264273,3439
1771952400,64264.3,64504.2,64056.9,64238.6,79.97877322,2759
1771956000,64220.1,64496.9,63932.9,64436.7,89.75625509,2620
1771959600,64436.7,64717.0,64259.7,64435.5,98.39617058,2137
1771963200,64435.5,64580.1,64319.3,64476.2,94.18241293,1738
1771966800,64469.3,64469.3,63849.5,64048.9,59.06443481,1904
1771970400,64047.4,64226.1,63982.7,64116.4,20.41422986,1203
1771974000,64124.7,64248.0,63835.0,64061.9,73.57058261,1479
1771977600,64062.0,64311.2,63921.3,64223.2,31.0280757,1534
1771981200,64223.2,66311.8,64159.7,65918.8,281.09927456,5613
1771984800,65918.7,66293.4,65878.3,65885.7,228.10999647,3193
1771988400,65885.7,65944.4,65361.4,65383.4,41.93650412,2095
1771992000,65383.4,65628.6,65130.5,65438.0,86.50589872,1876
1771995600,65438.0,65494.4,64777.4,64855.1,83.38463269,2173
1771999200,64855.1,65111.1,64855.1,64887.0,16.33216155,1287
1772002800,64887.0,65173.5,64777.3,65037.4,31.74535961,1610
1772006400,65037.4,65557.8,64960.8,65520.9,87.73770155,1935
1772010000,65520.5,65668.0,65436.1,65544.7,25.18373426,1562
1772013600,65544.7,65634.8,65344.4,65391.9,39.32035243,1445
1772017200,65391.3,65472.1,65165.0,65412.0,56.95962688,1520
1772020800,65412.0,66222.9,65324.8,66041.9,74.67453134,2660
1772024400,66041.9,66719.9,66007.8,66236.2,197.54485835,3327
1772028000,66236.2,67000.0,66217.0,66975.8,170.65324659,4457
1772031600,66976.1,67562.3,66707.6,67407.5,299.02052203,5206
1772035200,67414.1,68324.4,67413.9,68300.5,346.90261132,5842
1772038800,68300.6,68888.0,68040.7,68690.1,243.31537947,6081
1772042400,68690.1,69549.9,68371.8,69330.6,325.12131615,5695
1772046000,69330.6,69400.0,68789.9,69038.9,75.73337813,3310
1772049600,69039.0,69377.0,68650.0,69174.1,136.15036528,3554
1772053200,69165.2,70000.0,68806.0,68947.7,190.76406089,5068
1772056800,68947.7,69211.4,68091.3,68463.0,132.42449571,3580
1772060400,68435.9,68682.1,67620.0,67978.6,142.34314808,2835
1772064000,67978.6,68525.7,67745.2,68349.6,72.47985683,3104
1772067600,68349.6,68690.3,68229.5,68250.2,36.89829937,2667
1772071200,68250.2,68335.2,67814.1,68280.5,31.957225479999998,2538
1772074800,68275.7,68369.7,68061.5,68213.4,45.08255659,1884
1772078400,68213.4,68855.4,68202.0,68593.1,22.51460882,2163
1772082000,68593.1,68593.1,68141.8,68439.9,22.52220718,1903
1772085600,68439.9,68517.5,68074.8,68181.3,34.21212667,1724
1772089200,68180.4,68281.0,67833.5,67833.6,25.09661168,1771
1772092800,67833.6,68235.9,67824.1,67924.6,25.87277461,1548
1772096400,67945.1,68632.7,67945.1,68591.7,66.6190302,2081
1772100000,68591.9,68703.1,68271.4,68308.7,19.526836929999998,1511
1772103600,68308.7,68385.1,67993.3,68037.3,29.32316742,1455
1772107200,68037.3,68281.6,68032.2,68156.1,44.07028894,1821
1772110800,68156.1,68201.2,67850.0,67924.4,64.49392435,2070
1772114400,67908.9,68263.0,67279.3,67692.3,214.63991341,5338
1772118000,67692.4,67738.3,66747.8,67374.2,221.92696678,5878
1772121600,67368.7,67553.4,66513.0,66624.8,263.3409362,4959
1772125200,66624.8,67043.4,66602.0,66838.9,135.44212036,3144
1772128800,66838.9,67350.4,66588.5,67297.8,141.62762545,3388
1772132400,67305.6,67842.7,67282.1,67601.9,254.26320366,3901
1772136000,67601.9,67825.7,67291.5,67395.2,117.07292744,3039
1772139600,67415.0,67570.3,67137.3,67452.7,76.31967168,2408
1772143200,67452.8,67627.2,67337.9,67590.7,29.7956732,1747
1772146800,67590.7,67651.5,67404.7,67461.5,33.71241439,1650
1772150400,67484.2,67546.9,67021.4,67224.2,101.86953866,2302
1772154000,67224.2,67376.1,66881.8,67357.9,33.50996729,2424
1772157600,67357.9,67528.1,67283.4,67283.4,47.75377132,2005
1772161200,67269.2,67697.7,67113.8,67607.4,42.88705426,1750
1772164800,67607.4,68202.3,67580.0,67720.4,74.29038016,2627
1772168400,67733.5,67910.2,67692.1,67702.9,17.59973686,1369
1772172000,67720.4,67829.1,67538.1,67659.9,18.59545533,1516
1772175600,67659.9,67754.8,67467.5,67681.7,30.11388301,1766
1772179200,67681.7,68061.8,67664.7,67955.9,74.97937938,1899
1772182800,67951.1,68123.9,67298.9,67385.1,93.2648638,2280
1772186400,67365.2,67418.4,66587.7,66621.0,139.63020709,3491
1772190000,66621.1,66783.2,65984.1,66125.0,229.11255602,4309
1772193600,66125.0,66203.7,65748.0,65934.1,92.58004763,3286
1772197200,65925.2,66345.4,65690.0,66287.1,158.33958342,3812
1772200800,66287.1,66327.2,65722.2,65913.6,146.72499251,3707
1772204400,65894.2,66293.5,65861.4,66125.3,82.30168577,4299
1772208000,66111.4,66130.6,65473.9,65488.6,232.61757495,3779
1772211600,65488.6,65762.1,65114.7,65711.3,221.72642692,4445
1772215200,65711.3,65785.7,65221.0,65307.8,126.58209363,3097
1772218800,65307.8,65454.0,65183.0,65393.4,105.53020565,2637
1772222400,65393.4,65652.2,65393.3,65586.5,48.52541404,2471
1772226000,65586.5,65739.0,65403.5,65528.2,63.41153534,2296
1772229600,65528.2,65668.0,64925.0,65633.1,181.17475817,3497
1772233200,65633.1,65948.4,65561.2,65869.7,27.71884418,1967
1772236800,65869.7,66003.4,65735.4,65941.1,78.02102601,2027
1772240400,65941.1,65966.7,65750.0,65787.7,20.68512336,1819
1772244000,65774.1,66000.0,65752.8,65978.4,26.08729418,1407
1772247600,65978.4,65978.4,65757.4,65786.2,25.80617778,1524
1772251200,65786.2,65808.9,65502.7,65660.6,14.19015148,1509
1772254800,65660.6,65709.6,65509.0,65561.5,11.81521699,1098
1772258400,65578.9,65587.3,63030.0,63247.9,340.0204798,8585
1772262000,63229.7,64320.4,63055.9,63819.2,223.72616377,5624
1772265600,63819.3,63856.4,63425.7,63468.0,98.9052132,3088
1772269200,63468.0,63921.8,63384.2,63673.2,66.65282781,2725
1772272800,63669.1,64051.4,63490.7,64009.1,111.58526937,2917
1772276400,64009.2,64295.7,63804.0,63845.7,58.03975989,2659
1772280000,63845.8,64085.9,63837.8,64011.7,23.54752728,2147
1772283600,64011.8,65219.5,63912.2,65098.0,157.77461202,4035
1772287200,65107.1,65358.6,64284.1,64446.5,365.4998997,4815
1772290800,64446.5,65016.0,64203.3,64855.5,80.57838315,3615
1772294400,64855.5,65191.9,64688.4,65102.5,100.38273658,3002
1772298000,65102.5,65578.4,64863.6,65442.2,95.54188521,2905
1772301600,65442.2,66195.3,65199.0,65908.5,147.60694008000002,3891
1772305200,65908.6,66652.3,65604.3,66372.3,211.8741493,4959
1772308800,66372.3,67131.8,66214.0,66972.6,295.08388923,4799
1772312400,66964.8,67013.3,66387.4,66718.8,136.91530401,3809
1772316000,66718.8,67725.2,66619.0,67130.5,350.87954463,4577
1772319600,67124.1,67220.5,66764.6,66985.6,82.8096243,2719
1772323200,66985.7,67117.8,66644.5,66823.4,44.21775198,2344
1772326800,66801.0,67683.9,66086.6,67346.4,167.86288185,4978
1772330400,67346.2,68181.2,67342.1,67635.4,243.75800591,5615
1772334000,67635.4,67798.4,67418.6,67509.8,35.86421664,2530
1772337600,67509.8,67600.0,67101.8,67340.9,40.66436668,2496
1772341200,67340.9,67554.1,67209.1,67302.7,21.39154788,1836
1772344800,67282.9,67333.2,66807.0,66935.7,81.83280692,2700
1772348400,66935.8,67215.9,66793.3,67118.2,30.97713821,1743
1772352000,67118.2,67279.2,66465.0,66541.4,39.70181563,2540
1772355600,66550.0,66779.6,66255.2,66395.4,41.88923163,2303
1772359200,66412.4,66724.3,66239.2,66466.9,28.6213519,1911
1772362800,66467.0,66651.7,66388.1,66470.5,17.41538689,1626
1772366400,66470.5,66543.5,66245.9,66314.1,21.45102502,1599
1772370000,66314.2,67394.0,66148.4,66948.2,75.46998604,3252
1772373600,66948.2,67289.7,66767.3,66873.3,35.82510316,3132
1772377200,66873.4,67250.0,66831.1,66844.0,53.36401894,3136
1772380800,66844.0,67100.7,65850.0,66137.6,258.30688312,4802
1772384400,66137.6,66227.2,65740.6,65986.2,75.77438909,3647
1772388000,65986.3,66655.3,65986.3,66322.0,129.92028589,3277
1772391600,66322.0,66354.2,65794.2,65965.8,85.45942703,2620
1772395200,65965.7,65965.7,65100.0,65296.0,213.76932295,4446
1772398800,65296.1,65746.9,65296.0,65686.2,26.28676871,2367
1772402400,65686.2,66499.9,65056.4,65225.6,301.09441899,5252
1772406000,65229.1,66109.4,65111.2,65748.8,102.08434591,3399
1772409600,65764.3,66777.0,65763.9,66514.5,68.67274359,3767
1772413200,66510.4,67056.2,66394.0,66542.7,87.48481291,2971
1772416800,66542.8,66612.7,65903.7,66284.3,111.24282481,2941
1772420400,66284.3,67029.4,66107.6,66818.7,63.69763732,2751
1772424000,66818.7,66962.6,66636.6,66843.1,56.87608194,2592
1772427600,66843.1,66998.0,66588.4,66715.2,47.25196844,2628
1772431200,66715.2,66735.1,66071.1,66215.1,31.94013563,2453
1772434800,66215.1,66215.1,65559.6,66002.1,40.64654164,2252
1772438400,66002.5,66299.4,65675.9,66264.0,74.22114287,2800
1772442000,66283.0,66708.3,66182.2,66182.2,38.24260488,2499
1772445600,66182.3,66371.7,66102.9,66299.6,24.93915439,2267
1772449200,66310.0,66466.2,66023.6,66343.0,48.41986765,2458
1772452800,66343.0,66382.7,65920.1,65955.8,24.8228176,2258
1772456400,65955.9,66113.4,65345.7,65432.5,165.16291685,3599
1772460000,65432.6,67225.0,65269.2,67148.2,391.69504631,6634
1772463600,67148.2,69603.1,66979.6,69119.7,827.5095393,12793
1772467200,69126.8,70100.0,68946.5,69423.5,437.92642139,7821
1772470800,69423.5,69568.8,68804.8,69184.4,126.44630788,5437
1772474400,69184.4,69253.2,68755.2,68879.0,115.95858507,4167
1772478000,68879.1,69045.6,68578.4,68956.3,121.56306743,3411
1772481600,68964.9,69514.6,68600.1,69132.1,125.83556804,4569
1772485200,69105.9,69533.3,69013.6,69422.5,86.41154348,3368
1772488800,69420.7,69505.9,69166.3,69432.1,62.89765494,3589
1772492400,69432.1,69485.9,68753.0,68808.4,62.18106258,3312
1772496000,68810.8,69167.4,68665.7,69096.4,37.29634344,2733
1772499600,69096.5,69236.5,68748.3,68748.3,40.28074091,2554
1772503200,68748.3,68748.3,68233.8,68527.6,68.56208331,3086
1772506800,68515.1,68527.7,68238.7,68367.8,40.13847882,1950
1772510400,68367.8,68444.8,68058.6,68112.7,26.37643096,1851
1772514000,68112.7,68553.5,67854.8,67941.5,68.25359167,2730
1772517600,67941.5,68194.3,67808.0,68116.3,80.69717327000001,2610
1772521200,68116.4,68269.8,67947.3,68146.9,84.82824663,2108
1772524800,68162.6,68289.9,66911.6,66993.3,250.93943987,4203
1772528400,66993.3,67179.1,66356.0,66633.6,100.86418024,4251
1772532000,66633.7,67001.0,66451.8,66823.7,142.39731469,3010
1772535600,66827.7,67142.1,66775.7,67014.3,66.95925501,3337
1772539200,67014.3,67934.2,67014.3,67372.8,71.31654677,4159
1772542800,67372.9,67405.0,66628.9,66922.6,59.124352,4061
1772546400,66922.7,67557.5,66164.3,66556.1,295.69474042,7091
1772550000,66556.1,67821.7,66468.8,67717.1,277.87446344,6297
1772553600,67717.1,68979.1,67495.3,68165.8,281.85442639,7310
1772557200,68173.3,68389.0,67659.8,68317.8,407.97172043,4684
1772560800,68317.9,68909.0,68009.7,68623.2,113.7367387,3823
1772564400,68623.2,68872.0,68340.5,68450.7,125.18694951,3982
1772568000,68450.8,68575.0,68097.1,68264.6,91.32604703,3339
1772571600,68264.5,68264.5,67833.9,68035.0,43.309287499999996,2529
1772575200,68035.0,68504.8,68028.4,68305.6,73.45881154,2681
1772578800,68312.3,68838.9,68252.3,68336.7,93.51397175,2597
1772582400,68336.7,68421.5,67886.0,68116.7,39.07780953,2594
1772586000,68116.8,68897.7,67973.3,68401.8,58.697064680000004,2935
1772589600,68418.0,68431.4,68009.7,68314.7,57.486075480000004,1991
1772593200,68314.7,68381.3,67419.7,67738.0,95.69185441,2824
1772596800,67738.0,67936.3,67481.4,67795.3,54.17991402,2072
1772600400,67795.3,68361.4,67692.0,68206.6,33.86312115,1801
1772604000,68206.6,68657.4,68045.1,68497.1,87.62318413,2142
1772607600,68497.1,69636.5,68355.6,69507.9,122.10205065,3704
1772611200,69504.8,71167.8,69142.6,71000.0,572.77819306,7788
1772614800,71000.0,71889.9,70726.1,71514.6,526.81983216,8893
1772618400,71514.6,71869.1,71212.3,71324.7,149.13391301000001,4939
1772622000,71328.0,71490.0,70935.2,71124.9,77.04133506,4115
1772625600,71124.9,71357.5,70604.1,71345.0,191.93112565,4660
1772629200,71345.0,71627.1,71233.0,71479.1,85.27078891000001,3729
1772632800,71480.3,72600.1,71324.1,71604.3,498.88606025,8691
1772636400,71624.5,73500.0,71616.2,73429.7,678.15567017,10408
1772640000,73429.7,73553.0,72574.4,73348.6,369.99337083,7265
1772643600,73322.0,73782.0,72990.2,73271.0,330.7107622,6181
1772647200,73258.8,73726.0,72941.1,73697.5,134.00337636,4603
1772650800,73705.2,74062.1,73561.8,73651.6,194.00985281,6413
1772654400,73658.4,73742.0,73077.1,73077.1,138.72269251,4437
1772658000,73072.0,73350.0,72911.4,73345.7,144.63252238,3854
1772661600,73345.7,73550.8,72635.8,72712.1,168.6337355,3770
1772665200,72712.1,72875.7,72335.2,72684.8,74.79863265,4213
1772668800,72684.8,73010.0,72582.8,72789.9,87.6984926,3715
1772672400,72789.9,73300.0,72438.2,72531.5,90.84702224,3497
1772676000,72542.1,72897.9,72371.8,72521.1,69.89845085,3219
1772679600,72521.1,72767.2,72371.0,72510.0,36.95075239,2790
1772683200,72510.0,73089.7,72480.0,72827.5,60.3938129,3024
1772686800,72827.5,72917.5,72271.5,72417.5,67.08850971,2780
1772690400,72417.5,72666.9,72058.7,72562.9,65.12813111,2825
1772694000,72562.9,72669.8,71800.0,72067.6,110.75041566,3190
1772697600,72064.6,72379.7,71793.4,72362.3,84.87003829,2804
1772701200,72362.4,72878.7,72315.5,72612.2,54.48402764,2978
1772704800,72611.9,73585.9,72543.4,73416.9,267.12772389,5437
1772708400,73417.0,73468.7,72805.2,72925.2,84.07115399999999,2900
1772712000,72929.8,73074.2,72693.1,72917.0,49.45647587,2429
1772715600,72917.0,72936.6,72217.9,72467.6,108.41600076,3935
1772719200,72467.6,72880.1,71977.6,72619.7,367.60532537,4780
1772722800,72619.7,72772.9,71187.9,71647.3,479.3354887,6749
1772726400,71656.0,71656.0,70800.0,71322.5,701.57235981,6159
1772730000,71322.5,71595.2,70612.7,70704.9,311.57272648000003,4988
1772733600,70704.9,71084.0,70650.5,70989.4,102.57848625,3312
1772737200,70989.4,71413.5,70892.7,70960.9,100.84137833,3547
1772740800,70937.5,71379.2,70867.2,71248.6,60.31738723,3358
1772744400,71248.5,71555.0,71041.9,71142.5,67.29770771,2712
1772748000,71143.3,71361.7,71072.2,71241.5,27.79958385,1921
1772751600,71222.6,71307.6,70799.2,70877.4,70.43690381,2310
1772755200,70877.4,71036.9,70800.0,70954.8,29.54319444,2069
1772758800,70974.8,71280.0,70412.3,71254.8,227.59502099,3465
1772762400,71254.9,71386.4,71041.9,71226.9,51.35522742,2446
1772766000,71227.0,71280.6,71008.9,71099.6,15.07783716,1610
1772769600,71099.6,71121.4,70302.0,70615.1,53.44395909,2490
1772773200,70615.2,70649.6,70150.0,70433.7,82.69665937,2609
1772776800,70433.8,70833.1,70259.9,70604.4,43.92492484,1691
1772780400,70604.5,71178.7,70477.1,71081.9,62.8266547,2379
1772784000,71082.0,71082.0,70753.6,70773.7,31.775741280000002,1884
1772787600,70773.7,70800.5,70298.0,70570.9,53.28521071,2602
1772791200,70570.9,70773.7,70484.7,70538.7,27.97288054,1920
1772794800,70538.8,70638.2,70208.3,70229.0,69.74448435,2030
1772798400,70229.0,70229.0,69681.8,69939.0,393.80728095,5001
1772802000,69939.1,70316.6,69228.2,69228.2,329.17342672,6031
1772805600,69228.3,69257.0,68158.6,68409.7,836.03225406,10149
1772809200,68422.0,69101.0,68327.8,68522.3,192.63331422,6322
1772812800,68522.3,68788.7,68240.0,68449.5,116.96819472,4184
1772816400,68449.6,68646.2,67748.0,67964.3,110.73339072,4972
1772820000,67964.3,68468.2,67964.2,68177.2,59.6202908,3478
1772823600,68177.2,68460.0,68006.0,68123.7,58.69592369,3706
1772827200,68123.7,68267.0,67777.0,68117.1,67.49070463,3081
1772830800,68117.1,68333.0,67942.0,68290.0,70.78907729,2375
1772834400,68290.1,68411.6,68228.4,68308.3,207.82454245,2125
1772838000,68308.3,68369.0,68103.0,68128.0,34.18785815,1720
1772841600,68111.4,68383.8,68111.3,68300.1,19.82383893,1805
1772845200,68300.1,68352.0,68190.3,68271.4,12.79772889,1577
1772848800,68271.5,68367.3,68058.4,68352.1,34.60870168,1588
1772852400,68352.1,68541.5,68112.6,68112.7,30.86909154,1950
1772856000,68107.8,68149.2,67830.0,68072.1,33.5134644,1748
1772859600,68072.1,68128.7,67922.1,67997.1,25.23074069,1265
1772863200,68010.3,68015.0,67607.1,67691.9,87.53452924,1793
1772866800,67692.0,67854.8,67440.8,67854.8,142.75853648,2048
1772870400,67854.8,68027.0,67742.0,67802.0,18.78480202,1269
1772874000,67802.0,68055.7,67743.7,68008.3,12.44446265,1132
1772877600,68008.3,68081.5,67876.1,67876.2,62.88481435,1153
1772881200,67876.2,68218.7,67866.1,68027.1,126.8949226,1576
1772884800,68027.1,68072.0,67895.5,67990.4,5.07759654,1005
1772888400,67990.4,68072.0,67877.1,67922.1,40.07439136,1351
1772892000,67922.1,68081.3,67627.2,68027.1,18.01288334,1838
1772895600,68027.1,68027.1,67791.4,67892.1,77.65733994,1841
1772899200,67892.1,67892.1,67720.6,67810.1,19.59904516,1480
1772902800,67810.1,67937.0,67779.9,67780.0,18.314180750000002,1307
1772906400,67780.0,67780.0,67506.2,67580.1,35.33790695,2083
1772910000,67580.1,67580.1,66962.1,67098.4,290.0951631,4128
1772913600,67098.4,67426.4,67098.3,67397.1,73.46842389,1857
1772917200,67397.1,67486.7,67283.8,67454.6,10.87306791,1543
1772920800,67454.1,67464.0,67122.8,67249.7,40.63444592,1813
1772924400,67249.8,67392.6,67187.1,67270.1,40.7108589,1381
1772928000,67270.1,67472.0,67174.1,67202.1,73.34203547,1619
1772931600,67202.1,67349.1,67104.5,67295.7,31.94458698,1371
1772935200,67295.7,67409.4,66831.1,66916.6,54.5895848,2396
1772938800,66916.7,67076.7,66858.0,67006.9,42.02685265,1798
1772942400,67002.0,67092.9,66562.3,66639.0,56.85291914,2030
1772946000,66637.9,67238.8,66625.9,67148.4,22.90989178,1060
1772949600,67148.4,67218.4,67050.0,67166.9,10.80829575,1076
1772953200,67167.0,67438.2,67166.9,67317.7,32.92545335,1403
1772956800,67311.8,67557.5,67175.5,67548.5,32.969228,1542
1772960400,67548.6,67891.9,67487.0,67712.0,115.0600121,1744
1772964000,67700.1,68177.4,67700.1,67893.7,107.61782608,1769
1772967600,67893.6,67893.8,67427.0,67528.5,36.10093485,2241
1772971200,67528.5,67634.7,66905.3,67322.1,141.76968887,2661
1772974800,67322.2,67423.0,66823.5,67235.9,70.88542539,2878
1772978400,67235.9,67414.8,67047.9,67322.0,24.82755781,2155
1772982000,67327.9,67353.7,67088.6,67210.0,22.40579999,1719
1772985600,67210.0,67247.0,66786.8,66871.0,88.85033349,2312
1772989200,66871.0,67161.4,66800.0,67032.4,170.84456138,2141
1772992800,67037.6,67050.6,66758.4,66818.7,27.76033182,1848
1772996400,66818.7,67457.0,66789.4,67321.9,75.3086997,2249
1773000000,67322.0,67500.0,67030.1,67222.6,377.8121923,2758
1773003600,67222.6,67242.5,66732.4,66991.7,177.62972789,2412
1773007200,66992.2,66992.2,65646.2,66242.0,597.77580049,8623
1773010800,66242.0,66558.6,65942.0,65978.7,41.31430486,3190
1773014400,65978.7,66748.3,65839.6,66358.7,85.57145519,4114
1773018000,66363.4,66677.0,66142.6,66210.8,54.14499176,3148
1773021600,66210.8,66707.7,65971.3,66537.4,36.09864524,2706
1773025200,66537.5,67686.7,66521.3,67196.6,141.76485016,4147
1773028800,67196.6,67598.9,67118.0,67129.6,32.05284315,2170
1773032400,67137.4,68039.5,67118.0,67892.0,61.3951287,2898
1773036000,67892.0,67916.3,67246.9,67247.0,55.54060466,1929
1773039600,67247.0,67557.5,66892.8,67527.9,45.15046519,2127
1773043200,67528.0,67892.0,67403.7,67773.6,144.66748154,2158
1773046800,67786.8,68440.7,67562.1,67966.9,111.02144202,2821
1773050400,67967.0,68057.9,67550.1,67606.3,32.58226007,2027
1773054000,67606.4,67828.6,67341.8,67750.3,67.01440672,2127
1773057600,67750.3,68313.3,67750.2,68155.4,56.00734151,2571
1773061200,68155.4,69292.3,68128.6,68987.0,396.73224776,6766
1773064800,68987.0,69477.9,68706.9,69137.0,215.6419935,6734
1773068400,69148.7,69248.8,68756.4,68909.9,91.27920819,3447
1773072000,68900.1,69211.6,68657.4,68975.8,110.20519487,2954
1773075600,68973.7,69086.8,68284.8,68619.5,101.84302483,3809
1773079200,68619.5,68700.0,68255.0,68361.2,75.31666381,2830
1773082800,68363.7,69513.0,68363.7,69017.0,159.45101378,5182
1773086400,69008.3,69154.9,68792.0,68998.7,48.24987622,2455
1773090000,68990.9,69119.2,68698.6,68918.6,58.3565757,2180
1773093600,68929.2,69018.0,68620.4,68652.2,50.49413777,2227
1773097200,68652.3,68694.1,68377.7,68446.9,38.241790019999996,1761
1773100800,68447.0,69278.1,68399.9,69163.2,127.13795776,2570
1773104400,69163.2,69369.6,68814.5,69281.8,43.79815546,2242
1773108000,69272.2,70570.2,69126.4,70276.9,279.19586034,4636
1773111600,70277.0,70352.0,69411.2,69437.0,118.61969397,3036
1773115200,69437.1,70130.0,69437.1,70066.9,62.89701794,2187
1773118800,70066.9,70350.4,69920.0,69964.6,80.33474148,1974
1773122400,69964.7,70178.5,69775.3,69917.0,52.12627236,1817
1773126000,69923.6,70523.4,69847.6,70397.3,108.24579942,2765
1773129600,70397.3,71083.6,70397.0,70680.4,171.20783202,4048
1773133200,70680.5,71293.6,70662.0,71076.1,113.96353296,2955
1773136800,71072.9,71077.9,70685.6,70774.3,151.58126293,2015
1773140400,70774.4,70852.9,70558.4,70602.5,68.59444847,1968
1773144000,70600.2,70622.0,70319.2,70517.0,76.04683578,2078
1773147600,70517.0,70909.6,69750.0,69932.0,174.55875933,4555
1773151200,69932.0,71515.6,69259.8,71447.6,542.77010152,6928
1773154800,71450.0,71781.1,70918.3,71361.3,181.04988298,5567
1773158400,71361.3,71720.5,70960.7,71284.7,148.87481475,4299
1773162000,71286.4,71473.2,70541.7,70883.3,99.39479886,3559
1773165600,70883.4,70916.5,69892.0,70021.9,201.32928197,5113
1773169200,70022.0,70271.7,69745.2,70045.4,67.10747362000001,3506
1773172800,70056.0,70346.3,70024.0,70246.5,52.37420846,2207
1773176400,70246.4,70427.2,69569.7,69779.1,265.41497851,3766
1773180000,69779.1,69850.9,69457.4,69707.0,54.63798803,2322
1773183600,69707.0,69965.9,69707.0,69955.4,23.02740313,1735
1773187200,69955.4,70165.2,69782.1,70052.1,76.6657026,2628
1773190800,70052.1,70138.6,69902.1,70084.4,43.77882202,1659
1773194400,70084.5,70121.9,69644.8,69803.7,59.73146589,1982
1773198000,69812.0,69887.0,69517.1,69567.6,30.30295436,1663
1773201600,69567.7,70251.8,69519.8,70154.5,46.11602972,1670
1773205200,70133.2,70186.9,69450.0,69512.1,47.564571719999996,1691
1773208800,69512.2,69985.3,69512.1,69955.0,46.6754232,1508
1773212400,69955.0,70012.4,69512.4,69649.2,29.75263914,1339
1773216000,69647.1,69793.8,69512.1,69665.1,42.686790959999996,1707
1773219600,69664.6,69737.0,69387.1,69452.0,27.63573532,1753
1773223200,69463.9,69712.5,69403.8,69610.1,22.89201638,1323
1773226800,69610.1,69663.5,69155.9,69174.4,61.29138241,2102
1773230400,69175.6,69795.5,68971.6,69362.1,162.49315303,3319
1773234000,69362.1,71083.3,69360.3,70187.6,392.29024138,6411
1773237600,70187.7,70986.3,69942.9,70566.5,222.55723032,5717
1773241200,70573.8,70652.0,69707.1,70242.8,109.1090445,4385
1773244800,70253.1,70842.1,70183.7,70570.0,161.14536488,3986
1773248400,70570.0,71345.2,70524.1,70780.2,402.54350494,5438
1773252000,70801.1,70892.9,70463.4,70640.8,216.86396338,2882
1773255600,70640.7,70747.6,70405.3,70674.1,94.30214214,2357
1773259200,70674.1,70713.0,70408.6,70634.3,64.27941201,2050
1773262800,70634.4,70780.0,70517.9,70762.1,62.97120118,2162
1773266400,70762.1,70935.5,70270.1,70366.6,84.21605766,3026
1773270000,70366.6,70500.0,70148.0,70200.4,66.41775313,2428
1773273600,70200.4,70362.3,70147.5,70231.1,17.30121578,1708
1773277200,70227.7,70227.7,69781.5,69828.9,140.34320662,2037
1773280800,69829.0,69876.8,69244.9,69310.0,71.39619524,2273
1773284400,69310.1,69623.3,69257.2,69445.8,18.64161956,1350
1773288000,69445.9,69669.9,69304.5,69396.3,33.7201515,1326
1773291600,69383.2,69537.3,69228.2,69474.0,10.783890360000001,1183
1773295200,69478.6,69554.4,69367.4,69480.9,44.29951084,1191
1773298800,69491.5,69847.0,69434.6,69828.0,57.56691911,1664
1773302400,69828.0,70112.8,69716.8,69898.6,56.13115309,1597
1773306000,69914.1,70380.7,69587.1,69967.2,48.8574937,1903
1773309600,69957.3,70513.9,69870.8,70431.5,66.14504756,2200
1773313200,70431.5,70787.1,70380.8,70441.7,75.37616204,2283
1773316800,70441.7,70608.0,70303.7,70396.4,82.14479395000001,1776
1773320400,70396.4,70534.8,69713.9,69989.6,131.26137168,3390
1773324000,69989.7,70654.3,69387.8,69615.0,169.70299582,4866
1773327600,69615.0,70572.9,69498.7,70357.3,215.01012878,4331
1773331200,70357.3,70562.5,69927.0,70390.2,88.02123042,3241
1773334800,70397.0,70549.9,70121.4,70227.8,72.7201907,2804
1773338400,70227.9,70301.1,69829.0,69829.0,51.47731849,2507
1773342000,69829.0,70566.5,69800.0,70465.9,120.58477017999999,2897
1773345600,70462.9,70560.4,70139.1,70191.9,75.72389036,2084
1773349200,70191.9,70468.7,70191.9,70305.1,52.84774416,1505
1773352800,70305.0,70305.0,70021.9,70191.9,75.38022307,1897
1773356400,70182.6,70727.3,70175.4,70520.8,85.21657054,2484
1773360000,70526.3,72000.0,70406.0,71467.7,335.74336993000003,6728
1773363600,71470.1,71750.0,71305.5,71663.6,64.11296418,2806
1773367200,71663.7,71693.8,71073.1,71169.9,45.23984075,2265
1773370800,71169.9,71522.5,70978.7,71408.5,29.38158908,1829
1773374400,71408.6,71484.7,71270.2,71407.3,21.17364473,1248
1773378000,71407.3,71627.8,71255.9,71571.9,40.97058485,1611
1773381600,71562.4,71589.5,71200.0,71343.7,33.21748341,1497
1773385200,71343.7,71661.3,71239.0,71639.5,53.18399149,1822
1773388800,71639.5,72141.3,71401.5,71835.3,203.3204938,2632
1773392400,71827.3,72113.2,71619.5,72017.7,59.39873553,1810
1773396000,72017.7,72576.3,72014.5,72471.6,275.04346568,3522
1773399600,72478.6,72536.3,72218.4,72242.1,62.79321495,2031
1773403200,72242.1,72879.9,72221.7,72790.7,318.08618887,3592
1773406800,72790.7,73621.9,72698.3,73406.1,328.25468884000003,6395
1773410400,73406.2,73928.5,72399.6,72399.6,221.27168094,7188
1773414000,72399.7,72832.6,71765.4,71860.1,388.50129606,5538
1773417600,71860.1,72106.1,71176.9,71905.9,237.15566454,5000
1773421200,71905.9,72249.6,70897.8,71026.0,553.13331481,5077
1773424800,71030.1,71347.2,70831.0,71067.3,95.15933767,3204
1773428400,71067.3,71308.6,71029.1,71183.1,89.07893974,2531
1773432000,71183.1,71469.1,71164.7,71360.0,77.19907042,2126
1773435600,71360.1,71492.3,71082.2,71121.3,56.78941482,2264
1773439200,71121.4,71168.9,70200.0,70799.0,231.95263245,3389
1773442800,70799.0,71000.0,70728.1,70953.0,44.81226509,1636
1773446400,70953.1,70953.1,70582.6,70664.5,60.62540502,2004
1773450000,70664.5,70897.8,70509.1,70853.8,43.21208869,1738
1773453600,70853.8,70892.7,70760.1,70791.9,42.85887904,1571
1773457200,70784.1,71173.4,70784.0,71083.5,51.51138111,1736
1773460800,71083.4,71300.0,71033.8,71041.7,27.96089353,1381
1773464400,71041.7,71149.8,70933.4,71021.9,38.46579144,1071
1773468000,71021.8,71021.8,70293.9,70637.3,36.67686837,1949
1773471600,70630.9,70734.2,70507.6,70594.1,15.34988782,1129
1773475200,70594.1,70718.7,70559.9,70591.0,12.14597974,1187
1773478800,70591.0,70717.2,70420.0,70549.2,25.67759831,1274
1773482400,70533.1,70574.4,70421.0,70570.1,8.49178078,1096
1773486000,70570.2,70790.7,70570.2,70748.6,9.75355456,1114
1773489600,70748.6,70835.4,70642.3,70772.9,25.2400138,1198
1773493200,70769.6,70936.9,70736.2,70869.9,23.03996927,1604
1773496800,70868.6,70943.7,70597.9,70597.9,24.4726982,1465
1773500400,70598.0,70729.7,70510.9,70609.8,11.96462371,1480
1773504000,70609.9,70714.3,70528.9,70695.2,7.64708817,1258
1773507600,70695.3,70741.8,70602.3,70630.8,7.811865640000001,1102
1773511200,70630.8,70706.7,70582.0,70688.9,5.27228541,940
1773514800,70689.0,70743.0,70616.2,70715.9,6.58750868,944
1773518400,70716.0,70867.2,70669.9,70833.1,19.52917198,1098
1773522000,70833.0,70833.0,70693.0,70808.2,12.02396941,1156
1773525600,70808.2,70812.7,70720.3,70726.0,12.62669946,1013
1773529200,70726.0,71246.9,70726.0,71210.6,45.16645688,2030
1773532800,71210.6,71216.7,70978.7,71015.1,16.04631602,1450
1773536400,71015.1,71044.0,70885.7,71020.4,28.86500881,1267
1773540000,71020.4,71617.6,71020.4,71473.4,96.41947089,3032
1773543600,71473.4,71526.7,71262.8,71358.5,26.543683,1388
1773547200,71358.6,71653.2,71352.5,71578.1,30.61818389,1462
1773550800,71598.0,71777.0,71500.0,71515.4,30.4919184,1334
1773554400,71515.4,71595.3,71410.1,71463.2,12.72855331,1015
1773558000,71463.2,71673.7,71430.9,71451.6,17.31148529,992
1773561600,71451.7,71729.5,71451.7,71728.4,31.41388894,1073
1773565200,71727.1,72000.0,71727.1,71832.6,125.84531725,1709
1773568800,71832.7,71925.2,71745.9,71810.5,10.11619917,848
1773572400,71810.5,71891.5,71685.9,71862.4,15.11377338,984
1773576000,71862.4,71862.4,71586.2,71627.6,22.74912117,891
1773579600,71627.6,71691.7,71288.7,71610.2,68.77840795,1836
1773583200,71610.2,71625.1,71358.6,71614.4,33.3924796,1326
1773586800,71614.5,71625.1,71431.4,71495.5,19.1025707,1216
1773590400,71495.5,71597.0,71352.4,71441.4,32.82967732,1504
1773594000,71441.4,72016.0,71432.4,71830.9,34.69407683,1697
1773597600,71830.9,71875.5,71345.1,71388.0,36.06983172,1798
1773601200,71388.1,71569.6,71350.3,71567.2,26.78855652,1540
1773604800,71567.2,71938.1,71455.8,71745.1,40.56347198,1712
1773608400,71745.1,72230.6,71655.5,72116.1,69.86845133,2157
1773612000,72116.2,73095.4,71731.3,72729.5,149.54595077,4391
1773615600,72744.8,73200.0,72440.3,72835.7,134.10186474,4230
1773619200,72826.7,73007.8,72469.0,72541.3,87.51772715,2373
1773622800,72541.3,72850.1,72304.0,72738.2,48.50539956,2091
1773626400,72752.4,72850.2,72375.1,72541.9,39.665206839999996,1929
1773630000,72542.0,74295.9,72445.5,73582.5,516.87075789,5948
1773633600,73582.5,74424.0,73582.4,73842.1,136.8261043,3900
1773637200,73842.1,74235.6,73743.5,74196.9,117.71191228,2896
1773640800,74197.0,74197.0,73615.6,73717.8,76.70009726,2172
1773644400,73717.9,73923.0,73409.5,73456.6,70.93391864,2169
1773648000,73456.6,73774.6,72884.4,73134.7,144.16500722,3476
1773651600,73134.6,73330.4,73069.3,73257.2,50.20450078,1888
1773655200,73257.3,73782.8,73220.0,73782.8,120.63855837,2322
1773658800,73791.6,73843.6,73545.6,73554.1,52.96932074,1760
1773662400,73554.1,74042.3,73481.2,73863.1,103.97760923,2928
1773666000,73880.1,74500.0,73811.2,74122.1,180.78678963,4084
1773669600,74122.1,74467.1,73015.7,73556.2,175.74216809,5616
1773673200,73556.2,74046.6,73218.3,73292.1,329.95689753,3978
1773676800,73292.2,73915.6,73167.8,73765.1,130.95536657,3252
1773680400,73765.1,74047.7,73660.6,73954.7,68.91132829,2885
1773684000,73954.7,74359.6,73875.1,73895.7,145.054478,3810
1773687600,73907.0,74400.0,73805.5,73976.5,168.06273701,3709
1773691200,73975.4,74250.0,73864.6,74250.0,62.62427092,2387
1773694800,74250.0,74792.7,74179.3,74406.1,358.12146663,4542
1773698400,74402.8,74898.5,74402.7,74750.1,88.99424882,3175
1773702000,74750.2,74901.3,74262.5,74887.7,112.55720672,2748
1773705600,74887.7,75485.0,74637.3,75303.2,267.94293367,5711
1773709200,75303.3,75998.1,75085.5,75637.1,346.73882208,5287
1773712800,75637.1,75669.0,75128.4,75199.9,70.16363107,2536
1773716400,75200.0,75326.4,74294.4,74463.4,115.9159469,3431
1773720000,74463.9,74677.0,74010.7,74248.6,80.59622259,2680
1773723600,74248.6,74455.4,73796.9,74035.2,59.32563821,2320
1773727200,74035.2,74280.4,73888.4,74084.4,55.81365158,1809
1773730800,74084.5,74440.8,74084.5,74253.0,35.32056829,1361
1773734400,74253.1,74458.1,74133.7,74191.2,41.752366450000004,1736
1773738000,74191.3,74391.4,73880.2,73933.8,122.0237044,1852
1773741600,73933.8,73964.8,73500.0,73729.8,152.89714069000001,2394
1773745200,73729.8,74208.9,73704.0,74038.1,64.89876659,1840
1773748800,74038.1,74181.4,73685.4,73747.1,121.87503142,2302
1773752400,73747.1,74160.4,73459.0,73611.7,383.83275228,4174
1773756000,73611.7,74422.4,73455.9,74403.4,70.14534986,3491
1773759600,74403.5,74924.7,73720.8,73948.5,316.53035879,4272
1773763200,73948.5,74350.0,73900.1,74166.2,76.63483681,2924
1773766800,74166.2,74601.8,74046.3,74526.0,93.89703176,2631
1773770400,74526.0,74792.0,74436.2,74700.5,69.41816753,2613
1773774000,74700.5,74800.0,74451.7,74543.9,106.73107318,2463
1773777600,74543.9,74705.4,74396.5,74537.3,38.69851009,1992
1773781200,74537.3,74800.0,74494.7,74715.4,50.23418364,1938
1773784800,74715.5,74790.0,73960.0,74341.8,89.1133093,2606
1773788400,74341.8,74414.0,73889.1,73929.9,72.17372535,1993
1773792000,73930.0,74081.1,73575.9,73877.4,37.49584395,2439
1773795600,73877.4,74218.4,73861.3,74092.0,35.10020374,2017
1773799200,74092.1,74479.3,74091.9,74365.7,23.02360545,1583
1773802800,74365.7,74682.3,74285.8,74482.4,21.3542941,1403
1773806400,74481.6,74514.0,74182.2,74189.8,23.48373906,1185
1773810000,74189.8,74306.8,73871.3,73993.3,29.32338835,1207
1773813600,73993.4,74234.8,73946.4,73970.1,15.980645319999999,1319
1773817200,73970.1,74007.1,73730.0,73898.6,32.60520005,1601
1773820800,73898.7,74125.8,73898.6,74042.5,17.18851524,1282
1773824400,74052.3,74305.2,74051.6,74191.7,51.48963818,1237
1773828000,74191.7,74267.9,73844.9,73947.6,20.98779298,1469
1773831600,73947.6,74079.6,72822.7,72980.7,459.02600074000003,4900
1773835200,72980.7,72984.5,72310.3,72399.4,210.49599179,4784
1773838800,72399.4,72564.6,72000.0,72136.5,401.73775306,4484
1773842400,72140.0,72222.5,71173.0,71202.8,263.68366299,5397
1773846000,71205.3,71520.0,70897.7,71491.6,229.00015356,5323
1773849600,71491.7,71575.6,71050.0,71322.8,88.99722872,3634
1773853200,71322.8,71773.4,71208.3,71609.0,75.68857802,2942
1773856800,71605.4,72001.9,70959.9,71108.2,334.7189531,4954
1773860400,71112.6,71482.1,70961.5,71064.3,56.03593613,3319
1773864000,71064.3,71310.7,70500.0,71244.1,152.22052184,4385
1773867600,71237.0,71433.0,71177.8,71295.1,158.51346428,2335
1773871200,71280.3,71280.3,70963.3,71157.5,66.90452003,2103
1773874800,71157.6,71376.2,71079.1,71270.9,84.75986236,1766
1773878400,71270.9,71306.8,71000.0,71016.6,38.71981629,1723
1773882000,71016.7,71199.2,70971.5,71141.3,49.88751343,1449
1773885600,71141.3,71248.5,70900.0,71060.0,28.22155144,1595
1773889200,71060.1,71623.9,71060.1,71228.7,58.29220328,1929
1773892800,71228.8,71228.8,70680.3,70855.2,37.99438063,2136
1773896400,70835.3,70897.9,70680.3,70818.6,21.70635706,1477
1773900000,70818.6,70949.3,70521.5,70584.8,185.35952379,2609
1773903600,70582.2,70617.1,69505.8,70189.0,435.47905918,5948
1773907200,70203.4,70263.3,69920.0,69990.0,28.57421023,1982
1773910800,69990.0,70544.7,69990.0,70511.4,43.52979414,1957
1773914400,70511.4,70542.1,70123.2,70130.6,53.17083811,1526
1773918000,70130.6,70244.3,69921.2,69940.0,62.26028198,1637
1773921600,69940.0,69950.7,69128.7,69295.9,192.72686424,3895
1773925200,69296.0,70060.4,69098.9,69894.6,140.05329837,4147
1773928800,69889.8,70158.8,69098.0,69508.4,104.504207,4061
1773932400,69501.6,69912.3,68782.0,69416.0,186.90920958,5314
1773936000,69416.1,69642.1,69186.4,69454.0,320.43042984,3613
1773939600,69454.0,69929.5,69122.0,69847.8,88.81587341,2757
1773943200,69847.8,69916.9,69600.1,69818.6,75.00759546,2234
1773946800,69816.3,70598.3,69816.2,70265.5,207.18458591,3882
1773950400,70265.5,70669.5,70195.2,70498.7,258.82800889,2488
1773954000,70498.7,70694.0,70389.3,70424.9,54.8600806,1776
1773957600,70424.9,70498.2,69967.0,70180.5,95.50607171,2351
1773961200,70180.6,70274.0,69736.8,69911.9,41.90970082,1937
1773964800,69916.6,70302.6,69840.9,70185.0,207.53965993,3737
1773968400,70193.8,70570.2,70193.0,70410.0,83.25612857,2265
1773972000,70410.1,70501.3,70085.2,70416.0,54.80806236,1821
1773975600,70416.1,70789.3,70395.9,70733.4,66.59154911,1663
1773979200,70722.9,70941.6,70568.0,70773.4,30.9140873,1568
1773982800,70773.4,70856.7,70534.3,70585.4,20.63369969,1173
1773986400,70593.7,70633.5,70360.2,70492.3,17.7845044,1241
1773990000,70492.3,70909.1,70200.8,70856.2,32.89585307,1743
1773993600,70856.2,71340.6,70800.9,71050.0,79.28876141,2278
1773997200,71050.0,71050.0,70428.2,70578.2,60.35674327,1985
1774000800,70578.2,70654.9,70214.5,70606.5,94.21046456,1920
1774004400,70606.5,70781.8,70313.2,70470.5,52.35646383,1523
1774008000,70470.5,70657.9,70258.0,70319.9,42.5396918,1788
1774011600,70320.0,70599.8,69803.8,69857.0,134.63572363,3969
1774015200,69857.0,70240.7,69586.4,69728.8,302.62782518,4637
1774018800,69728.9,69971.5,69485.7,69856.8,64.82823872,3578
1774022400,69856.9,70080.7,69611.4,69830.3,37.391342879999996,2709
1774026000,69830.3,69999.2,69400.0,69969.7,92.10473625,3097
1774029600,69969.7,70041.7,69533.5,69748.6,35.87837493,2655
1774033200,69748.6,70178.2,69673.1,70169.0,62.641000670000004,2851
1774036800,70169.0,70237.7,69746.8,70039.9,84.34814662,2459
1774040400,70039.9,70688.8,69955.7,70527.7,87.99305318,2346
1774044000,70527.7,70901.1,70527.6,70784.1,82.3545821,2170
1774047600,70784.1,70784.1,70424.9,70515.6,37.16173766,1579
1774051200,70515.6,70800.0,70465.1,70670.4,51.2887374,1559
1774054800,70670.3,70752.7,70463.4,70463.4,16.90511121,1223
1774058400,70463.4,70749.8,70440.2,70724.1,12.34508686,1113
1774062000,70724.2,70761.2,70617.2,70660.6,3.43468105,785
1774065600,70652.3,70792.5,70614.5,70630.0,4.98354608,761
1774069200,70630.1,70799.8,70628.1,70692.2,11.53009443,733
1774072800,70692.2,70799.8,70690.6,70760.5,8.15692807,755
1774076400,70760.6,70850.2,70660.1,70692.5,19.11578633,860
1774080000,70695.6,70732.1,70484.2,70580.2,17.1913268,740
1774083600,70580.3,70729.7,70577.5,70632.5,310.85801088,1046
1774087200,70632.5,70663.6,70559.0,70585.1,11.07653654,592
1774090800,70585.2,70633.6,70570.0,70633.6,3.87108327,536
1774094400,70633.6,70764.8,70633.6,70707.2,11.31428083,943
1774098000,70707.3,70783.8,70691.0,70717.0,8.88426684,908
1774101600,70717.0,71071.7,70586.7,70620.4,48.004517560000004,1844
1774105200,70620.4,70743.5,70450.0,70632.6,14.13915352,1728
1774108800,70632.6,70632.6,70244.8,70286.8,29.58883643,1498
1774112400,70286.8,70409.2,70189.5,70311.6,28.51020284,1471
1774116000,70309.0,70500.7,70293.5,70382.2,15.12375427,1284
1774119600,70382.2,70427.6,70320.0,70380.6,7.22696975,984
1774123200,70380.7,70491.0,70344.6,70448.9,17.75224138,1249
1774126800,70448.8,70495.1,70238.0,70352.4,22.49601002,1138
1774130400,70352.4,70354.1,70255.1,70283.0,8.43660149,1008
1774134000,70278.2,70278.2,68538.3,68907.7,256.42578359,4979
1774137600,68907.7,69125.6,68250.1,68941.0,147.32415237,5332
1774141200,68941.1,69081.0,68763.1,68952.6,30.52421443,1945
1774144800,68952.6,69402.7,68952.6,69276.0,30.17249647,2077
1774148400,69276.0,69569.5,69121.5,69332.6,23.33654909,1545
1774152000,69332.6,69509.4,69204.6,69352.2,16.66416475,1216
1774155600,69340.5,69343.3,69145.4,69145.5,21.65882057,972
1774159200,69145.5,69213.3,69070.6,69141.1,29.65165908,925
1774162800,69141.2,69227.4,68902.1,68902.2,18.5360327,1327
1774166400,68902.2,68973.0,68561.0,68795.8,47.530104109999996,1903
1774170000,68795.8,68880.6,68573.0,68819.8,10.93452053,1218
1774173600,68819.9,68819.9,68597.4,68656.4,7.7583731700000005,1109
1774177200,68656.4,68671.4,68123.6,68208.0,72.02113653,2400
1774180800,68211.0,68731.6,68172.6,68655.0,39.54767873,1757
1774184400,68655.1,68940.2,68544.2,68702.3,45.39831668,1942
1774188000,68702.3,68894.4,68555.9,68710.8,47.62896951,1724
1774191600,68710.9,68979.5,68710.9,68824.7,53.58402711,1802
1774195200,68824.7,68858.8,68693.2,68819.1,22.66922667,1507
1774198800,68819.1,68833.1,68668.4,68684.5,48.63295518,1443
1774202400,68684.5,68738.4,68363.9,68599.4,34.10624438,1811
1774206000,68599.5,68619.8,68110.8,68180.2,217.69368302,2538
1774209600,68180.2,68484.1,68075.0,68184.3,41.41899475,1974
1774213200,68184.3,68199.9,67343.1,67871.0,317.2039757,5421
1774216800,67872.4,68377.0,67571.2,68309.1,75.77657761,2795
1774220400,68309.1,68443.6,67843.7,67857.1,38.55565229,1958
1774224000,67857.1,68144.2,67443.2,67677.5,64.2789601,2747
1774227600,67677.5,68124.0,67544.3,67900.1,40.07561481,2024
1774231200,67900.1,68353.3,67808.6,68308.0,44.55814671,1676
1774234800,68307.1,68556.9,68047.4,68057.3,38.41241538,1517
1774238400,68057.3,68520.1,68034.2,68519.7,28.06815238,1211
1774242000,68519.7,68869.5,68519.7,68869.5,85.44347238,2183
1774245600,68869.5,68876.9,67692.8,67837.4,49.6238834,2345
1774249200,67837.4,68429.2,67500.1,68297.8,103.29745529,2586
1774252800,68307.0,68665.6,68307.0,68424.2,69.19712375,2087
1774256400,68424.2,68445.8,67911.8,68284.3,38.9660665,1721
1774260000,68303.8,68702.5,68287.7,68540.9,54.34848912,1820
1774263600,68540.9,71479.0,68540.8,70070.8,650.5761302,11099
1774267200,70089.5,70847.4,69669.6,70719.9,245.06506018,5192
1774270800,70719.9,71605.6,70590.0,71442.6,209.65268008,5785
1774274400,71442.7,71816.6,71131.4,71448.9,203.18121673,4713
1774278000,71437.7,71624.1,70101.0,70103.8,192.61761774000001,5094
1774281600,70109.4,70714.2,70109.4,70533.8,103.99790085,3760
1774285200,70533.8,71085.2,70340.6,71067.7,77.59126525,3320
1774288800,71067.8,71164.8,70864.8,71061.8,57.46412901,3085
1774292400,71061.8,71200.0,70650.1,70679.3,97.28658139,2488
1774296000,70662.6,70967.9,70561.7,70888.0,43.22350088,1488
1774299600,70895.1,70978.7,70813.1,70833.4,22.0772831,1164
1774303200,70836.4,70866.7,70499.3,70761.2,144.23998522,1677
1774306800,70761.2,70951.9,70394.1,70887.2,189.40666586,1749
1774310400,70887.2,71067.4,70421.1,70671.3,47.42072013,2129
1774314000,70671.4,70850.2,70263.0,70492.6,121.87512649,2086
1774317600,70492.7,70675.0,70344.5,70428.3,20.31166943,1596
1774321200,70428.3,70554.6,70384.1,70512.4,23.34117214,1293
1774324800,70512.4,70705.8,70253.6,70358.7,72.92446295,1622
1774328400,70358.7,70358.7,70100.0,70246.3,21.90423002,1512
1774332000,70258.6,70531.7,70252.0,70500.4,18.84037865,1189
1774335600,70500.4,71369.0,70479.0,71272.6,99.08931107,2382
1774339200,71272.7,71313.5,70846.0,70962.0,25.41296918,1563
1774342800,70962.0,71333.8,70846.6,71306.2,51.7814811,1417
1774346400,71306.2,71306.2,71083.0,71239.5,42.41875088,1447
1774350000,71239.5,71322.2,70953.7,71118.3,35.97584203,1612
1774353600,71118.3,71161.1,70858.8,70925.1,35.78690074,1657
1774357200,70925.2,71036.4,69970.7,70073.3,157.82209013,4300
1774360800,70073.3,70434.8,69500.0,69824.8,174.29638221,4794
1774364400,69845.5,70216.9,69757.6,69860.8,69.83053036,3427
1774368000,69860.9,69973.9,69354.9,69438.9,120.86741909,3823
1774371600,69438.9,69487.8,68902.0,69204.2,475.87261989,4913
1774375200,69204.3,69705.0,69155.1,69403.6,120.26986859,3342
1774378800,69403.6,69658.8,69266.0,69322.9,44.10228353,2322
1774382400,69323.0,70257.7,69266.0,70058.2,157.74366361,3511
1774386000,70058.2,70355.4,69877.8,70282.1,56.25346104,2262
1774389600,70282.1,70549.3,70122.8,70286.5,107.21902735,2504
1774393200,70286.6,70780.0,70246.6,70515.6,57.09572128,2160
1774396800,70515.6,70996.5,70452.5,70801.3,73.89548253,2275
1774400400,70801.3,70932.4,70604.4,70674.2,28.247285690000002,1735
1774404000,70659.9,70719.7,70477.2,70488.3,22.54693323,1691
1774407600,70488.4,70769.2,70374.0,70700.5,26.76174298,1489
1774411200,70700.6,70935.0,70678.5,70920.7,41.44075752,1432
1774414800,70932.8,71309.7,70919.5,71086.0,66.29832997,2230
1774418400,71086.0,71223.6,70978.8,70978.8,33.3962204,1449
1774422000,70978.8,71233.8,70855.2,70897.1,79.3329922,1681
1774425600,70897.2,71475.0,70791.4,71232.9,87.94051506,2270
1774429200,71232.9,71375.7,71093.2,71333.4,41.80765606,1515
1774432800,71333.5,71586.4,71286.9,71477.3,57.29215873,1703
1774436400,71477.4,71985.0,71459.7,71658.8,104.31363395,3023
1774440000,71658.9,71912.2,71122.7,71696.6,120.44089474,3179
1774443600,71696.7,71920.9,71505.1,71560.8,108.73152122,3095
1774447200,71560.8,71657.1,71221.2,71224.2,132.24814307,3250
1774450800,71224.1,71286.5,70543.1,70832.6,129.30814775,4207
1774454400,70825.0,71755.2,70723.2,71318.1,130.0838014,3790
1774458000,71318.1,71366.6,70720.0,70744.4,97.92366116,2656
1774461600,70744.4,71111.6,70652.5,70765.8,28.28085857,2068
1774465200,70765.8,71063.3,70760.8,70838.6,27.45483654,2170
1774468800,70838.6,71029.7,70638.0,70982.4,66.7112238,2363
1774472400,70982.4,71144.3,70936.8,70996.1,34.51966244,1899
1774476000,70996.1,71548.0,70932.2,71341.4,47.92793938,1930
1774479600,71341.4,71411.9,71172.0,71309.6,28.81738929,1606
1774483200,71302.2,71406.2,71121.9,71276.1,174.17907474,4015
1774486800,71276.2,71328.4,71148.2,71243.8,167.08513638,3308
1774490400,71243.8,71250.5,70676.0,70862.8,91.29606737,1836
1774494000,70862.8,70940.1,70676.0,70857.5,23.44581578,1302
1774497600,70872.7,70875.2,70686.9,70747.0,42.40901748,1362
1774501200,70747.0,70747.0,69938.5,69975.4,180.97268395,2736
1774504800,69975.4,70116.5,69823.7,70053.9,47.2984024,1784
1774508400,70055.3,70129.9,69779.9,70054.7,21.87300288,1595
1774512000,70054.7,70096.0,69771.0,69974.8,29.84499687,1512
1774515600,69974.9,70110.1,69376.0,69547.4,103.94540202,2778
1774519200,69536.3,69664.0,69450.0,69461.6,27.78861814,1473
1774522800,69461.6,69623.1,69178.5,69255.6,71.50988704,2155
1774526400,69255.6,69421.7,69215.9,69421.7,49.83154834,2080
1774530000,69421.7,69830.1,69196.0,69611.1,125.01364033,3171
1774533600,69615.9,69801.5,69219.1,69447.7,75.19719466,3137
1774537200,69447.7,69447.7,68685.0,69050.0,224.66139122,4549
1774540800,69050.0,69050.0,68800.1,68881.2,109.52791423000001,2543
1774544400,68881.2,69122.8,68400.0,68439.9,148.49463385,3081
1774548000,68440.0,68582.4,68115.8,68446.4,186.20050406000001,4188
1774551600,68446.4,68626.0,68321.0,68485.0,167.07464576,2665
1774555200,68479.5,69402.8,68395.7,68968.4,161.62059818,3930
1774558800,68968.4,69143.2,68850.0,68881.6,44.40590143,1920
1774562400,68881.6,68971.0,68576.1,68834.7,126.59506487,1995
1774566000,68834.8,68940.8,68592.6,68780.4,165.66576718,1771
1774569600,68780.4,68911.2,68501.1,68728.8,98.0091318,1937
1774573200,68728.8,69000.0,68659.4,68995.9,22.74684133,1373
1774576800,68995.9,69112.0,68834.2,68870.2,34.78838663,1395
1774580400,68870.2,68870.2,68650.0,68730.6,23.26511746,1277
1774584000,68730.6,68749.9,68243.3,68537.2,55.51386709,2242
1774587600,68537.2,68797.6,68483.3,68571.7,13.98880761,1378
1774591200,68571.8,68789.8,68527.5,68606.3,28.35806312,1320
1774594800,68606.4,68903.8,68394.2,68466.8,81.82160331,1858
1774598400,68476.0,68569.2,67571.0,67892.6,262.82360262,4570
1774602000,67892.7,67904.3,67521.8,67656.2,94.66889255,2349
1774605600,67656.2,67724.6,66317.6,66457.8,363.94088075,6674
1774609200,66459.1,66813.5,66214.0,66670.1,87.86952839,3128
1774612800,66670.1,66735.1,66398.5,66593.4,93.76032557,2958
1774616400,66593.4,66694.9,66006.2,66144.6,262.86297378,4382
1774620000,66144.6,66352.0,65680.3,66166.2,531.13379579,5202
1774623600,66163.1,66588.5,65941.3,66074.2,149.14096976,3185
1774627200,66074.3,66119.9,65778.5,65950.3,111.7949113,2962
1774630800,65950.3,66266.2,65561.7,65600.1,145.01812276,3114
1774634400,65600.1,65898.1,65519.7,65809.4,64.74820312,2494
1774638000,65800.1,66087.2,65658.2,65998.2,73.59396546,2357
1774641600,65998.2,66087.2,65779.9,65957.8,29.86369628,1878
1774645200,65970.0,66118.7,65955.3,66025.4,182.9133385,1796
1774648800,66039.1,66042.5,65865.0,65981.6,44.20979567,1548
1774652400,65981.6,66368.7,65921.0,66358.3,68.74536067,1583
1774656000,66360.4,66462.2,66242.4,66369.6,143.83396261,3100
1774659600,66369.7,66369.7,66001.1,66117.9,194.72980638,3457
1774663200,66117.9,66186.6,65889.0,65983.6,37.71783622,1586
1774666800,65983.6,66191.5,65983.5,66176.3,23.65526376,1099
1774670400,66183.3,66254.7,66077.0,66230.7,12.81041452,952
1774674000,66237.9,66325.3,66166.6,66301.8,27.81866809,963
1774677600,66301.8,66456.6,66253.5,66355.9,33.03711281,1237
1774681200,66350.3,66500.0,66350.2,66500.0,16.616282560000002,825
1774684800,66500.0,66516.6,66340.3,66354.7,20.557832,971
1774688400,66356.9,66356.9,66192.7,66255.1,12.67937597,887
1774692000,66255.2,66350.3,66095.0,66173.1,13.515931890000001,958
1774695600,66173.1,66308.2,66161.3,66276.0,9.88250499,842
1774699200,66276.0,66466.3,66200.0,66404.8,26.01997488,1246
1774702800,66404.8,67101.0,66371.8,66787.3,230.2084266,3209
1774706400,66788.3,66898.2,66628.4,66704.1,49.66563501,2284
1774710000,66704.1,67237.8,66674.5,66976.5,95.92424019,2652
1774713600,66976.5,67054.0,66817.9,66876.9,43.51674608,1684
1774717200,66876.9,66944.6,66645.2,66814.2,24.38676165,1496
1774720800,66814.3,66899.3,66793.8,66882.0,30.81134619,1229
1774724400,66882.0,66896.5,66764.3,66847.2,5.43241496,1074
1774728000,66847.3,66953.4,66847.2,66868.0,30.67152101,1261
1774731600,66868.1,66875.0,66523.9,66645.8,22.1841965,1331
1774735200,66645.7,66737.3,66550.0,66697.4,24.01303736,1391
1774738800,66697.4,66697.4,66201.9,66321.7,58.619164749999996,2028
1774742400,66321.8,66450.9,66246.5,66429.4,40.2857263,1497
1774746000,66435.7,66562.3,66338.3,66515.4,34.73056912,1439
1774749600,66515.5,66772.5,66498.9,66742.6,23.514430830000002,1265
1774753200,66747.8,67066.2,66716.2,66846.6,47.6878828,1284
1774756800,66846.6,66873.0,66678.0,66678.1,13.9047988,900
1774760400,66678.1,66748.2,66564.5,66733.3,27.99564546,1201
1774764000,66733.3,66811.0,66582.8,66684.3,12.89525236,900
1774767600,66684.3,66684.3,66508.6,66610.1,7.4951303000000005,834
1774771200,66610.1,66707.2,66559.2,66671.7,7.634798,722
1774774800,66671.7,66706.0,66501.0,66574.2,16.433996360000002,828
1774778400,66574.2,66574.2,66385.9,66464.1,19.18533375,1029
1774782000,66464.1,66910.3,66464.0,66749.7,16.36989843,1357
1774785600,66749.7,66803.3,66654.2,66788.1,20.61242516,999
1774789200,66788.1,66788.1,66479.0,66515.9,36.89726938,1569
1774792800,66516.0,66718.3,66415.8,66541.4,48.41933975,1716
1774796400,66541.4,66657.1,66293.3,66463.5,59.95969899,1890
1774800000,66463.5,66587.0,66376.2,66433.1,39.70449109,1600
1774803600,66433.1,66467.4,66093.8,66325.9,81.4196033,2184
1774807200,66325.9,66483.0,66280.0,66368.0,21.35694664,1315
1774810800,66368.1,66422.1,66282.0,66293.0,28.14521154,1259
1774814400,66293.0,66750.0,66292.9,66554.4,68.1252376,1621
1774818000,66554.4,66680.0,66452.0,66664.9,97.30892991,1453
1774821600,66664.9,66664.9,64960.0,65800.1,494.21057167,7809
1774825200,65800.1,66317.3,65800.1,65950.3,245.7576507,3815
1774828800,65950.4,66999.0,65733.2,66225.4,374.00023177,4866
1774832400,66225.4,66759.4,66225.4,66576.0,112.04565138,2340
1774836000,66591.3,67392.3,66518.4,67059.0,203.72380248,3361
1774839600,67059.0,67242.8,66934.1,67100.0,77.92360324,1816
1774843200,67100.0,67588.9,67099.9,67559.3,100.77409241,2301
1774846800,67559.4,67724.6,67387.5,67441.0,65.50869216,1943
1774850400,67433.4,67521.8,67217.3,67249.7,29.70763277,1513
1774854000,67249.8,67700.7,67178.8,67556.1,66.73141989,1637
1774857600,67556.2,67871.0,67556.1,67605.0,65.39658419,2088
1774861200,67605.0,67627.7,67423.0,67445.8,56.81419131,1480
1774864800,67445.8,67449.4,67319.5,67420.0,41.37715859,1214
1774868400,67420.1,67916.5,67420.0,67610.6,74.58603916,2227
1774872000,67610.6,67899.9,67600.5,67849.1,61.79195652,2137
1774875600,67849.1,68105.1,67400.0,67472.4,160.45672594,3311
1774879200,67472.4,67828.4,67061.5,67758.8,191.82881999,3873
1774882800,67745.1,67842.0,67368.9,67570.7,87.40875832,2615
1774886400,67570.7,67570.7,67183.5,67310.0,110.82392085000001,2397
1774890000,67310.0,67398.5,66605.3,66767.7,172.67153193,2841
1774893600,66767.7,66860.7,66470.6,66600.1,97.74786763,1982
1774897200,66590.8,66599.6,66200.0,66482.9,373.92556314,2602
1774900800,66484.2,66620.3,66473.0,66592.3,29.55567086,1379
1774904400,66592.3,66930.0,66541.8,66756.5,78.21200146,1621
1774908000,66757.3,66930.0,66641.4,66728.6,49.13023434,1224
1774911600,66728.7,66728.7,66372.2,66725.0,39.3540994,1321
1774915200,66725.0,67237.5,66495.7,67139.2,112.01897437,2279
1774918800,67139.3,68325.5,67010.5,67887.9,222.77721094,3719
1774922400,67881.5,68008.2,67728.6,67900.0,46.18481354,1648
1774926000,67900.1,67925.3,67599.0,67640.5,23.50295243,1358
1774929600,67640.5,67800.0,67458.9,67482.1,64.73448627,1579
1774933200,67482.1,67705.2,67352.0,67624.9,61.530160359999996,1473
1774936800,67624.9,67629.8,67300.0,67438.9,77.21687916,1443
1774940400,67439.0,67461.0,67053.2,67285.8,155.98819763,1985
1774944000,67285.8,67424.9,66624.0,66733.1,249.94273576,2423
1774947600,66729.5,66831.0,65939.0,66050.0,101.09757313,3004
1774951200,66050.0,66408.3,66049.9,66299.8,65.13194901,1794
1774954800,66299.8,66807.3,66186.4,66640.1,120.87604994,2395
1774958400,66640.1,66864.4,66472.4,66608.8,142.13083127,2481
1774962000,66608.8,67336.4,66608.7,67225.9,198.86419023,3505
1774965600,67226.0,67681.9,66382.8,66529.5,358.32252335,5186
1774969200,66529.6,67200.0,66529.6,66657.4,120.89614293,3476
1774972800,66657.4,67935.4,66657.4,67599.6,188.70267657,4536
1774976400,67599.6,68500.0,67360.0,67449.3,297.0757671,5193
1774980000,67449.4,67887.7,67449.4,67784.0,51.58048865,2203
1774983600,67786.0,67949.7,67663.6,67799.4,53.388377320000004,2041
1774987200,67775.8,68181.3,67764.0,68181.3,88.72309579,1823
1774990800,68181.3,68333.3,67827.0,68211.6,51.03608476,2020
1774994400,68211.7,68246.5,67911.8,68103.3,43.95840448,1592
1774998000,68103.4,68299.1,68039.1,68219.7,45.8999941,1554
