1767225600,87500.2,87660.0,87500.1,87593.0,8.94457883,484
1767226500,87593.1,87620.0,87593.1,87620.0,4.9284966,311
1767227400,87620.0,87620.0,87584.2,87584.3,5.176393829999999,294
1767228300,87584.3,87686.7,87584.2,87663.5,6.45642138,345
1767229200,87663.5,87860.0,87663.4,87845.3,4.42156515,418
1767230100,87845.2,87878.0,87707.5,87725.4,5.27509916,410
1767231000,87725.5,87744.2,87680.5,87729.6,2.25816239,272
1767231900,87729.5,87850.0,87729.5,87810.3,2.08240584,280
1767232800,87810.3,87865.8,87752.6,87849.9,9.61951531,337
1767233700,87850.0,87905.0,87810.2,87810.3,10.89053254,284
1767234600,87810.2,87897.6,87800.0,87800.1,4.12811406,330
1767235500,87800.1,87801.0,87742.4,87764.0,2.63786972,235
1767236400,87764.0,87801.0,87730.0,87801.0,4.72094522,330
1767237300,87810.2,87844.1,87745.8,87774.9,10.84647701,317
1767238200,87775.0,87775.0,87759.2,87774.9,7.26260595,230
1767239100,87775.0,87775.0,87679.2,87679.2,9.11117237,274
1767240000,87679.4,87698.3,87500.1,87500.2,27.18961612,445
1767240900,87500.2,87508.6,87400.0,87469.2,20.87010395,420
1767241800,87469.2,87485.4,87403.5,87403.5,9.04844068,306
1767242700,87403.5,87471.2,87403.4,87417.6,7.12870448,314
1767243600,87417.5,87543.4,87417.5,87542.9,5.3610285,277
1767244500,87542.9,87550.0,87502.3,87533.8,4.6947885,289
1767245400,87533.8,87572.1,87485.1,87529.5,4.53362011,296
1767246300,87529.5,87552.8,87529.4,87552.7,4.97048291,197
1767247200,87552.7,87552.7,87481.4,87488.5,4.43841472,244
1767248100,87488.5,87489.0,87488.5,87489.0,0.8721034400000001,135
1767249000,87489.0,87505.7,87488.9,87505.6,7.10757704,179
1767249900,87505.7,87505.7,87501.2,87501.3,3.41648935,128
1767250800,87501.3,87501.3,87461.2,87479.8,5.740558,234
1767251700,87479.8,87505.0,87463.2,87463.2,3.83322633,183
1767252600,87463.2,87499.7,87463.1,87482.3,2.4182010199999997,184
1767253500,87482.4,87496.0,87453.6,87453.7,2.6813343,161
1767254400,87453.7,87640.7,87453.6,87585.3,3.85099196,298
1767255300,87585.4,87585.5,87542.1,87577.5,4.56553345,184
1767256200,87577.5,87609.8,87540.8,87540.9,2.28393068,233
1767257100,87540.9,87615.6,87540.8,87615.6,0.27906003,128
1767258000,87615.6,87699.1,87615.6,87699.0,1.18079041,169
1767258900,87699.0,87784.5,87687.0,87687.2,3.24709676,237
1767259800,87687.1,87705.0,87677.3,87705.0,2.37671773,111
1767260700,87705.0,87705.0,87704.9,87705.0,2.11151697,111
1767261600,87705.0,87733.6,87699.9,87700.0,23.83141304,246
1767262500,87700.0,87700.0,87648.5,87676.9,2.176561,145
1767263400,87676.9,87700.0,87676.8,87697.4,7.222728270000001,145
1767264300,87697.4,87709.3,87684.4,87709.3,44.34464494,214
1767265200,87711.1,87794.0,87711.0,87794.0,3.35241978,241
1767266100,87794.0,87809.8,87763.0,87763.2,12.15044864,215
1767267000,87763.2,87791.7,87736.6,87736.7,2.32408991,166
1767267900,87736.7,87879.8,87736.6,87866.7,1.27820691,189
1767268800,87866.7,87866.7,87853.1,87855.5,2.15090736,191
1767269700,87855.5,87863.2,87821.6,87863.2,1.07511682,199
1767270600,87863.2,87863.2,87802.0,87832.6,2.3623795899999998,163
1767271500,87832.6,87832.6,87831.2,87831.3,1.41915407,140
1767272400,87831.3,87831.6,87766.4,87831.6,4.6974703799999995,269
1767273300,87831.5,87891.0,87831.5,87848.4,6.98800235,290
1767274200,87848.3,87848.4,87815.3,87824.0,8.69172286,228
1767275100,87824.0,87824.0,87750.1,87791.1,39.77061916,424
1767276000,87791.1,87824.0,87700.0,87824.0,226.68560541,836
1767276900,87824.0,87858.0,87780.0,87780.1,87.27887697,489
1767277800,87780.1,87788.6,87710.2,87774.5,105.4780317,595
1767278700,87774.6,87851.2,87774.5,87851.1,2.64505326,262
1767279600,87851.2,87851.2,87815.3,87850.5,3.14822179,292
1767280500,87850.4,87971.1,87850.4,87877.7,24.6476155,496
1767281400,87877.7,88000.0,87829.4,87927.8,16.52061892,426
1767282300,87927.8,87945.6,87879.3,87923.5,3.0545454,382
1767283200,87923.5,87923.5,87806.9,87835.1,6.90864391,416
1767284100,87835.1,87835.1,87776.1,87827.1,2.47908589,358
1767285000,87827.2,87859.2,87795.9,87831.4,19.03779238,345
1767285900,87831.4,87852.9,87820.4,87852.9,5.2140881199999995,305
1767286800,87852.9,87940.1,87838.6,87940.1,18.80399606,364
1767287700,87940.1,88131.9,87940.0,88124.8,5.93197971,474
1767288600,88124.8,88382.4,88124.8,88230.5,13.964250550000001,719
1767289500,88230.5,88305.0,88166.9,88183.2,8.82603967,483
1767290400,88183.2,88230.1,88054.7,88054.8,15.0573376,506
1767291300,88054.7,88120.2,88013.6,88013.6,6.67736591,402
1767292200,88013.7,88058.2,88013.1,88058.1,2.81435136,298
1767293100,88058.2,88096.1,88023.0,88044.9,23.638271109999998,433
1767294000,88044.9,88047.4,87956.4,87980.6,2.14669378,377
1767294900,87980.6,88040.8,87980.6,88040.7,0.79008194,303
1767295800,88040.8,88204.9,88035.8,88204.8,3.06435972,403
1767296700,88204.7,88313.5,88193.9,88245.9,8.74231053,439
1767297600,88250.9,88253.9,88194.4,88200.0,3.54145617,309
1767298500,88200.0,88240.7,88199.9,88225.0,17.91286241,329
1767299400,88225.0,88228.7,88143.8,88143.9,2.85300309,274
1767300300,88143.9,88164.1,88143.8,88152.6,1.26046492,309
1767301200,88152.6,88306.5,88144.9,88285.2,2.61986555,315
1767302100,88285.2,88285.2,88246.9,88257.8,10.01211893,231
1767303000,88257.8,88266.6,88226.2,88226.2,5.61243062,271
1767303900,88226.2,88282.0,88200.0,88281.5,2.96323715,249
1767304800,88281.5,88470.5,88281.4,88382.3,14.36238826,499
1767305700,88382.3,88441.4,88356.7,88422.5,5.78798312,370
1767306600,88421.3,88472.4,88306.4,88460.3,10.81068674,447
1767307500,88460.3,88546.0,88442.1,88530.4,15.68688922,388
1767308400,88530.4,88638.3,88355.8,88435.0,21.46282755,806
1767309300,88435.0,88657.6,88435.0,88615.2,2.0328121,389
1767310200,88615.2,88750.0,88615.2,88750.0,11.77845128,505
1767311100,88750.0,88779.3,88650.0,88731.8,18.51414665,536
1767312000,88730.0,88753.2,88499.9,88519.8,5.0378096,651
1767312900,88519.8,88596.0,88494.9,88588.3,3.61039332,361
1767313800,88588.3,88752.7,88535.6,88581.3,10.66094172,511
1767314700,88581.3,88761.0,88581.2,88706.1,4.48833957,482
1767315600,88706.1,88757.9,88637.1,88668.4,11.21499372,389
1767316500,88668.3,88668.3,88589.9,88589.9,8.21386583,424
1767317400,88590.0,88590.0,88422.9,88525.6,5.16586994,424
1767318300,88525.6,88547.2,88474.1,88537.5,6.69815066,310
1767319200,88537.5,88563.8,88326.0,88383.6,5.35474505,583
1767320100,88383.6,88400.0,88273.3,88313.1,7.5141804,413
1767321000,88313.0,88386.5,88305.8,88368.9,5.0650282,323
1767321900,88368.9,88520.1,88368.9,88519.9,12.65748664,349
1767322800,88520.0,88827.9,88467.3,88827.9,8.90946765,508
1767323700,88827.9,88837.1,88697.3,88742.9,12.44633615,510
1767324600,88742.9,88979.0,88742.5,88865.0,12.76211226,615
1767325500,88865.1,88991.4,88742.3,88827.1,34.06694139,684
1767326400,88827.2,88866.9,88703.5,88713.1,2.57612961,504
1767327300,88713.1,88714.9,88589.9,88606.2,8.88444586,341
1767328200,88606.2,88707.8,88606.2,88615.3,10.62510263,388
1767329100,88615.3,88648.4,88526.6,88526.7,3.48072971,298
1767330000,88526.7,88591.9,88525.5,88572.9,3.27859504,314
1767330900,88573.0,88629.1,88479.1,88479.2,4.20997646,325
1767331800,88479.1,88581.2,88462.4,88570.0,23.28622415,351
1767332700,88570.0,88675.2,88570.0,88644.2,8.767612080000001,308
1767333600,88644.3,88729.1,88623.8,88693.6,4.2202695,353
1767334500,88693.6,88810.5,88672.6,88810.5,4.10359076,290
1767335400,88810.5,88950.0,88810.5,88870.8,10.49905834,403
1767336300,88870.9,88928.8,88832.3,88832.3,2.79506211,270
1767337200,88832.4,88936.0,88832.4,88935.9,2.21148784,293
1767338100,88935.9,88936.0,88775.5,88776.8,4.9294395,373
1767339000,88776.7,88798.2,88750.9,88751.0,3.46839991,365
1767339900,88751.0,88784.4,88739.4,88739.4,7.35395693,326
1767340800,88739.5,88981.2,88713.1,88981.2,15.094142960000001,584
1767341700,88981.2,89000.0,88878.1,88948.7,54.25515536,593
1767342600,88948.7,89042.1,88932.4,88991.2,18.69840055,449
1767343500,88991.3,89064.5,88978.9,89064.5,4.27878496,308
1767344400,89064.5,89200.0,89013.7,89115.5,13.29878652,727
1767345300,89115.5,89127.7,89002.6,89044.8,5.8052351,363
1767346200,89044.9,89098.4,89017.7,89098.4,9.74402327,450
1767347100,89098.4,89354.0,89098.4,89339.0,15.24056219,757
1767348000,89339.1,89720.0,89339.1,89697.7,31.89095256,1146
1767348900,89697.8,89806.9,89483.8,89483.9,35.96543792,1015
1767349800,89483.9,89596.3,89483.9,89588.6,26.43518131,480
1767350700,89588.7,89638.5,89538.2,89544.6,11.40018934,385
1767351600,89544.6,89563.4,89400.2,89415.3,23.90020894,483
1767352500,89415.3,89442.4,89271.8,89271.8,8.52349954,478
1767353400,89271.8,89426.8,89271.8,89409.5,4.3565239,455
1767354300,89409.5,89466.3,89402.0,89402.1,2.54187114,348
1767355200,89402.1,89434.4,89279.6,89367.5,19.87091405,564
1767356100,89367.6,89480.1,89353.1,89382.9,6.468018170000001,434
1767357000,89379.2,89417.0,89341.6,89416.9,13.94637863,496
1767357900,89417.0,89444.0,89304.4,89304.5,3.6812527900000003,416
1767358800,89304.5,89416.9,89284.3,89361.3,7.4678945,510
1767359700,89361.3,89579.0,89361.3,89474.1,12.27664406,687
1767360600,89474.2,89487.8,89307.8,89376.8,18.04815292,699
1767361500,89372.6,89414.5,89222.2,89250.3,8.71249197,493
1767362400,89250.4,89290.0,89053.0,89053.1,8.365267470000001,723
1767363300,89053.1,89053.1,88636.2,88826.8,20.30567864,1247
1767364200,88817.2,89390.6,88389.2,89284.3,33.71608602,1939
1767365100,89312.0,90042.4,89062.1,89511.3,147.89139592,2640
1767366000,89511.3,89784.8,89051.0,89121.7,19.15276211,1885
1767366900,89104.8,89299.9,88739.4,89052.8,22.66352458,1690
1767367800,89052.7,89708.3,89002.8,89708.3,27.52216353,1399
1767368700,89695.6,89812.8,89241.6,89324.3,37.51687284,1480
1767369600,89324.4,89686.7,89115.0,89686.7,22.53198402,1278
1767370500,89689.4,90100.0,89667.3,89991.6,51.15366275,1674
1767371400,89991.5,90800.0,89986.0,90056.3,118.39191317,3020
1767372300,90066.9,90380.9,89840.0,90326.3,36.63972946,1477
1767373200,90326.3,90675.0,90319.8,90572.3,66.58061636,1347
1767374100,90572.3,90900.0,90467.3,90549.0,109.59683285,1908
1767375000,90560.0,90647.6,90323.6,90479.1,37.79645807,1218
1767375900,90479.1,90522.6,90175.1,90315.1,22.3060257,876
1767376800,90315.1,90500.0,90180.1,90297.2,9.60550195,944
1767377700,90297.1,90500.0,90214.7,90293.9,13.71082699,813
1767378600,90281.9,90281.9,89940.1,89956.9,60.05196537,1385
1767379500,89956.9,90027.1,89517.4,89703.2,126.96239558,1523
1767380400,89703.2,89936.5,89605.6,89936.5,10.16849694,904
1767381300,89936.4,90099.4,89807.0,89916.2,10.28780503,850
1767382200,89916.2,90010.1,89833.0,89967.4,9.90950032,790
1767383100,89956.9,90042.7,89830.0,89852.9,15.92844027,720
1767384000,89852.9,90000.0,89750.0,90000.0,19.29620795,766
1767384900,89999.9,90010.2,89819.2,89855.4,32.02914211,847
1767385800,89850.0,89892.9,89762.8,89861.7,16.33493977,629
1767386700,89861.6,89861.7,89582.6,89694.1,18.83599008,790
1767387600,89694.1,89781.6,89684.5,89755.7,4.93542755,563
1767388500,89755.6,89968.4,89755.6,89934.0,7.90015056,407
1767389400,89936.3,89943.0,89830.4,89884.4,6.91396215,486
1767390300,89884.4,90103.7,89863.5,90030.9,45.23353337,658
1767391200,90028.0,90267.6,89974.2,90065.6,22.78301514,745
1767392100,90065.5,90152.1,90042.8,90076.9,5.96057094,392
1767393000,90076.9,90280.1,90013.2,90269.6,6.88031756,608
1767393900,90269.7,90346.6,90156.2,90156.2,22.91693653,675
1767394800,90156.3,90156.3,90044.7,90044.8,10.80991759,477
1767395700,90044.8,90088.6,89906.4,89906.5,3.01279919,515
1767396600,89906.5,89939.1,89862.9,89919.3,5.6092713100000005,365
1767397500,89919.3,89978.7,89876.8,89934.0,3.21714828,392
1767398400,89934.0,90092.6,89934.0,90009.7,3.05532075,455
1767399300,90009.8,90045.2,89933.3,90045.2,4.65952716,425
1767400200,90045.2,90046.1,90000.0,90035.0,4.70360617,353
1767401100,90035.0,90137.2,90023.7,90102.2,5.06547626,409
1767402000,90102.2,90190.4,90099.5,90181.0,6.584877,445
1767402900,90181.0,90191.2,90032.5,90038.6,4.98097968,388
1767403800,90038.6,90151.6,90036.1,90134.9,2.96719652,366
1767404700,90135.0,90256.3,90134.9,90247.1,3.04315702,346
1767405600,90247.2,90247.2,90097.6,90125.3,1.5954537,471
1767406500,90125.3,90221.9,90105.6,90221.7,7.46161404,352
1767407400,90221.6,90285.0,90205.1,90269.6,1.33930079,298
1767408300,90269.6,90348.4,90269.5,90302.9,1.89827453,252
1767409200,90302.9,90325.1,90178.7,90178.7,4.9910156500000005,420
1767410100,90178.7,90243.3,90166.2,90188.2,1.17730747,304
1767411000,90188.2,90215.3,90166.2,90215.3,22.126318010000002,275
1767411900,90215.2,90336.6,90215.2,90282.1,1.42155932,253
1767412800,90282.2,90424.2,90215.8,90215.8,22.955182,455
1767413700,90215.8,90250.0,90215.2,90221.0,1.28551381,257
1767414600,90217.1,90240.7,90030.3,90030.3,11.12209711,366
1767415500,90030.3,90121.1,90030.3,90121.1,2.34816753,252
1767416400,90121.1,90150.0,90018.5,90018.5,2.6282841,273
1767417300,90018.6,90042.4,89999.0,89999.0,3.28409508,265
1767418200,89999.1,90000.0,89886.0,89920.3,2.08976805,284
1767419100,89920.3,89991.9,89899.0,89991.9,4.82127394,265
1767420000,89991.9,90072.9,89991.8,90056.2,1.2221588799999998,273
1767420900,90056.3,90056.3,89939.0,89939.1,1.59061846,267
1767421800,89939.0,90001.9,89872.6,89872.6,5.98367262,341
1767422700,89870.1,89870.1,89830.3,89845.2,1.41295352,216
1767423600,89845.2,89892.5,89725.7,89732.2,21.11834923,390
1767424500,89732.1,89732.2,89373.9,89373.9,29.03845713,949
1767425400,89374.0,89534.0,89300.0,89509.1,12.28396325,585
1767426300,89509.1,89558.4,89431.9,89558.3,10.86759574,397
1767427200,89558.4,89645.7,89395.3,89489.2,13.31769483,486
1767428100,89489.3,89775.6,89489.2,89681.8,16.18735297,560
1767429000,89681.9,89766.0,89621.9,89766.0,36.68737643,486
1767429900,89765.9,89773.4,89624.3,89624.3,3.50514691,253
1767430800,89624.4,89661.0,89624.2,89651.2,1.4415963,341
1767431700,89651.2,89793.1,89596.8,89775.1,2.57697201,318
1767432600,89775.0,89926.5,89744.2,89876.3,83.4247242,919
1767433500,89886.8,89916.4,89747.3,89747.3,24.84547027,473
1767434400,89747.4,89767.8,89669.5,89707.6,4.65807615,318
1767435300,89707.7,89754.9,89687.0,89754.9,25.0522732,271
1767436200,89751.8,89835.6,89706.6,89796.4,30.15004412,533
1767437100,89796.4,89796.4,89716.8,89716.8,0.91309502,163
1767438000,89716.9,89720.7,89631.1,89644.3,3.01295323,256
1767438900,89644.4,89700.0,89644.3,89680.7,0.58959308,157
1767439800,89680.8,89715.0,89645.6,89714.9,2.75634674,207
1767440700,89714.9,89720.7,89657.8,89703.2,1.6485938900000001,191
1767441600,89703.2,89703.2,89582.5,89610.4,19.89470841,269
1767442500,89610.3,89713.3,89610.3,89713.3,1.0865147800000001,181
1767443400,89713.4,89718.1,89707.5,89713.4,0.70351796,148
1767444300,89713.5,89967.7,89713.4,89961.6,37.72481955,632
1767445200,89969.7,89969.7,89867.1,89867.2,1.98646447,247
1767446100,89867.2,89989.9,89867.2,89918.9,3.39550053,346
1767447000,89919.0,89965.4,89899.7,89916.9,2.35653653,219
1767447900,89916.8,89970.9,89899.7,89953.5,5.02792917,284
1767448800,89953.5,89982.3,89912.2,89982.3,6.00743759,371
1767449700,89982.3,90156.8,89982.3,90133.6,24.53405973,618
1767450600,90133.5,90175.1,90096.6,90118.7,17.95459059,670
1767451500,90118.7,90118.7,90005.6,90063.7,61.64386589,512
1767452400,90063.7,90063.7,89947.8,89964.4,1.76918541,376
1767453300,89964.4,90019.2,89929.2,90019.1,0.71171612,269
1767454200,90019.2,90119.1,89964.8,89964.9,61.01934784,561
1767455100,89964.8,89964.9,89923.8,89923.9,1.21827112,307
1767456000,89923.9,89990.4,89923.8,89973.7,5.00771036,388
1767456900,89973.7,90027.8,89864.0,89995.3,4.9131352,400
1767457800,89995.3,90096.5,89995.3,90078.6,68.9052726,551
1767458700,90078.7,90150.0,90040.2,90051.1,8.2530787,493
1767459600,90051.1,90078.2,89975.0,90018.4,2.50813085,454
1767460500,90018.4,90018.5,89973.1,90011.2,1.23898903,295
1767461400,90011.3,90062.9,90011.2,90055.5,0.9689168300000001,294
1767462300,90055.6,90055.6,90022.3,90022.4,0.89106153,220
1767463200,90022.4,90025.1,90000.0,90000.0,3.62110433,296
1767464100,90000.1,90147.9,90000.0,90123.7,1.30183781,330
1767465000,90123.8,90139.4,90086.4,90100.1,1.92167843,285
1767465900,90100.0,90110.0,90099.7,90099.7,3.20165552,223
1767466800,90099.8,90099.8,90001.8,90010.3,47.68653332,719
1767467700,90010.4,90092.9,90010.4,90092.9,3.3152563,331
1767468600,90092.9,90092.9,90071.3,90072.8,3.35613548,257
1767469500,90072.9,90072.9,90046.2,90055.4,12.79752817,293
1767470400,90055.5,90068.8,90000.0,90017.7,26.43432405,404
1767471300,90017.7,90063.9,90017.6,90063.8,1.39225801,262
1767472200,90063.9,90248.7,90063.9,90207.9,36.55648383,668
1767473100,90207.9,90305.0,90207.8,90300.0,30.5820805,588
1767474000,90300.0,90337.5,90269.9,90299.4,7.38551466,399
1767474900,90299.4,90432.5,90299.3,90407.9,32.28216641,491
1767475800,90407.8,90677.5,90407.8,90558.0,22.77228901,691
1767476700,90558.0,90558.0,90435.0,90503.7,33.72825738,460
1767477600,90503.7,90503.8,90443.4,90466.3,2.65783388,301
1767478500,90466.3,90674.1,90466.2,90561.4,7.59004183,404
1767479400,90568.6,90646.0,90531.2,90578.3,2.82349241,394
1767480300,90578.4,90590.1,90450.0,90534.4,8.81985151,401
1767481200,90534.4,90594.7,90435.6,90482.4,4.37246571,391
1767482100,90482.4,90603.6,90482.3,90575.9,2.00804975,330
1767483000,90575.9,90644.7,90575.8,90631.6,13.71709926,392
1767483900,90631.5,90631.5,90574.3,90590.1,1.07524374,175
1767484800,90590.1,91524.9,90590.0,91349.9,109.24221768,2154
1767485700,91349.9,91374.0,91043.8,91043.9,18.77955064,829
1767486600,91043.9,91186.9,91020.9,91137.9,4.81715577,495
1767487500,91122.3,91399.3,91089.5,91291.3,8.56369432,546
1767488400,91291.3,91429.6,91244.6,91246.9,9.61201532,430
1767489300,91247.0,91247.0,91076.9,91091.0,9.59514721,462
1767490200,91091.0,91114.7,91002.1,91019.9,8.24908373,392
1767491100,91019.9,91214.2,90975.9,91191.9,4.61869451,437
1767492000,91191.9,91234.0,91067.2,91084.3,5.79484643,518
1767492900,91084.3,91164.3,91084.3,91164.3,5.19076586,324
1767493800,91164.3,91223.3,91103.9,91118.3,3.38009901,383
1767494700,91118.3,91133.3,91030.5,91084.2,3.1505231399999998,303
1767495600,91084.2,91307.0,91084.1,91307.0,14.89465101,390
1767496500,91306.9,91306.9,91103.1,91103.1,3.05930114,344
1767497400,91103.2,91209.6,91058.4,91209.6,2.1503968700000002,296
1767498300,91209.6,91262.5,91199.3,91199.4,2.87045326,323
1767499200,91199.4,91245.1,91136.5,91245.0,1.77548332,341
1767500100,91245.1,91422.7,91245.0,91336.2,9.00055166,398
1767501000,91336.2,91515.2,91317.8,91466.8,6.48791251,421
1767501900,91466.9,91480.0,91349.0,91358.4,1.89880732,284
1767502800,91358.4,91358.4,91314.7,91350.0,1.89010082,238
1767503700,91350.1,91438.1,91350.0,91431.4,3.8254381299999998,279
1767504600,91431.3,91431.3,91337.0,91348.4,5.05918296,280
1767505500,91348.4,91451.6,91348.3,91451.6,1.95437546,289
1767506400,91451.6,91768.3,91424.6,91637.6,32.43246007,663
1767507300,91637.5,91723.8,91516.8,91517.4,23.70758331,450
1767508200,91517.4,91540.6,91203.3,91233.4,6.25109677,383
1767509100,91233.3,91340.2,91200.0,91200.0,41.52883907,493
1767510000,91200.1,91330.7,91200.0,91320.1,32.68957707,379
1767510900,91320.0,91320.0,91215.0,91255.1,6.3164202,230
1767511800,91255.0,91453.8,91255.0,91453.8,2.55640994,289
1767512700,91453.8,91476.2,91405.5,91476.2,6.56513963,357
1767513600,91476.2,91478.0,91215.0,91267.4,18.30981976,505
1767514500,91269.2,91321.0,91132.3,91176.6,23.16771384,435
1767515400,91176.7,91329.5,91176.6,91329.4,2.22740603,244
1767516300,91329.5,91368.2,91246.5,91316.8,17.9469006,373
1767517200,91316.9,91366.8,91215.3,91262.3,2.13670408,276
1767518100,91262.2,91385.0,91252.6,91252.7,12.47552483,253
1767519000,91252.7,91370.0,91252.7,91370.0,0.92922377,215
1767519900,91370.0,91436.3,91345.0,91411.8,4.12834919,257
1767520800,91411.8,91533.2,91394.0,91501.6,4.86742866,304
1767521700,91501.6,91513.3,91400.0,91434.0,5.26420338,272
1767522600,91433.9,91517.4,91424.8,91501.2,5.25737165,307
1767523500,91509.2,91550.0,91509.2,91532.4,0.71117115,197
1767524400,91532.5,91532.5,91309.8,91309.8,12.92389284,389
1767525300,91309.9,91337.3,91271.1,91315.6,18.38449862,248
1767526200,91315.5,91370.9,91303.1,91303.2,3.5011215,250
1767527100,91303.1,91318.3,91200.0,91252.0,4.63209508,332
1767528000,91252.1,91252.1,91154.8,91205.3,2.72235986,295
1767528900,91205.2,91274.0,91191.1,91273.9,1.86296795,303
1767529800,91274.0,91288.0,91077.1,91077.2,22.36008775,444
1767530700,91077.1,91138.4,91077.1,91100.1,3.1961050600000003,271
1767531600,91100.1,91167.5,91072.3,91147.0,3.95088406,339
1767532500,91147.0,91147.1,91000.0,91139.7,3.4908445,369
1767533400,91139.8,91199.4,91139.7,91184.5,1.16805965,253
1767534300,91184.6,91223.1,91184.5,91210.1,1.21355747,269
1767535200,91210.1,91361.6,91210.0,91361.6,13.88828941,341
1767536100,91361.6,91361.6,91194.9,91195.0,13.85345875,299
1767537000,91195.0,91195.0,91104.9,91139.7,25.51162417,342
1767537900,91139.7,91292.7,91116.2,91274.9,3.94400431,301
1767538800,91275.0,91325.3,91264.7,91282.0,4.62524484,328
1767539700,91281.9,91282.0,91196.1,91196.2,2.74239672,301
1767540600,91196.2,91234.8,91150.0,91162.3,2.04179328,293
1767541500,91162.4,91297.9,91074.1,91288.6,10.82410132,468
1767542400,91288.7,91392.0,91207.6,91231.3,5.31343901,408
1767543300,91231.3,91299.2,91214.7,91271.6,14.190298850000001,327
1767544200,91271.6,91370.9,91241.7,91247.5,11.70226787,324
1767545100,91247.6,91285.2,91247.5,91285.2,1.40949863,265
1767546000,91285.2,91390.5,91285.1,91323.3,4.27934339,360
1767546900,91323.2,91370.7,91301.0,91315.2,2.76760504,283
1767547800,91315.2,91388.3,91315.1,91346.3,1.82485112,296
1767548700,91346.3,91357.4,91301.0,91304.6,2.03218981,349
1767549600,91304.6,91304.6,91194.0,91198.5,8.61173419,432
1767550500,91198.4,91198.5,91111.2,91123.0,3.32876576,254
1767551400,91123.0,91167.5,90934.2,91167.5,13.62455375,595
1767552300,91171.2,91182.6,91140.0,91165.0,4.43405743,307
1767553200,91165.1,91165.1,90804.1,90969.8,9.193329330000001,582
1767554100,90969.8,91165.1,90969.8,91071.3,7.37786028,459
1767555000,91071.4,91136.0,91027.0,91029.8,2.38841146,315
1767555900,91029.9,91126.3,91029.8,91116.6,6.69789482,275
1767556800,91116.7,91215.0,91106.4,91214.9,3.91605875,341
1767557700,91214.9,91299.7,91214.9,91299.7,2.61162246,328
1767558600,91299.7,91299.7,91244.2,91259.5,3.30022414,347
1767559500,91259.5,91302.4,91219.9,91253.0,1.40718682,390
1767560400,91253.1,91357.7,91246.2,91339.7,7.1613541000000005,409
1767561300,91339.7,91339.7,91281.3,91286.6,0.66438905,263
1767562200,91286.5,91307.7,91166.1,91171.8,2.98780604,354
1767563100,91171.8,91248.8,91160.0,91223.4,4.47150347,254
1767564000,91223.4,91352.5,91107.1,91148.8,5.22002336,439
1767564900,91148.8,91247.1,91110.2,91247.1,3.79623303,297
1767565800,91247.1,91250.0,91136.2,91163.0,3.28351172,346
1767566700,91163.0,91201.4,91143.7,91193.5,2.21055285,366
1767567600,91193.5,91460.9,91193.5,91282.7,26.50206839,693
1767568500,91282.8,91461.0,91282.7,91315.3,4.22229499,421
1767569400,91315.2,91370.9,91269.2,91279.3,14.62596527,350
1767570300,91279.3,91522.8,91250.0,91507.0,5.35970556,341
1767571200,91507.0,92031.0,91489.5,91850.4,152.32597949,2673
1767572100,91860.1,91970.6,91675.9,91815.3,45.1762581,1359
1767573000,91815.3,92020.0,91674.8,92007.3,30.83887399,986
1767573900,92007.3,92377.4,91953.8,92355.6,60.17247546,1678
1767574800,92355.6,92920.8,92250.1,92900.0,63.13556335,1841
1767575700,92900.0,92938.3,92692.7,92935.2,29.8186977,1248
1767576600,92935.2,93333.0,92765.8,93156.2,135.28554138,1910
1767577500,93156.2,93222.6,92906.6,92906.9,42.79509252,1084
1767578400,92906.9,93130.5,92766.5,92831.5,18.42897222,1064
1767579300,92831.3,92951.6,92720.7,92720.7,11.79305968,699
1767580200,92720.8,92922.6,92720.7,92848.1,13.23613203,460
1767581100,92848.1,93029.8,92848.1,92983.9,3.53943348,407
1767582000,92983.9,93159.1,92917.5,92961.7,8.06519533,607
1767582900,92961.7,92988.4,92905.4,92946.7,2.84071157,448
1767583800,92946.7,93076.4,92904.0,92904.0,6.56088179,454
1767584700,92904.0,92910.8,92829.8,92835.8,6.17396819,346
1767585600,92835.8,92896.2,92735.0,92735.0,7.404702250000001,495
1767586500,92735.0,92786.1,92390.0,92451.0,22.85397522,845
1767587400,92450.9,92487.7,92293.4,92344.0,3.90531985,511
1767588300,92344.0,92611.0,92344.0,92566.3,21.59763763,488
1767589200,92566.3,92636.6,92531.2,92601.2,23.64642397,567
1767590100,92601.2,92685.7,92544.3,92662.2,5.53485197,349
1767591000,92662.3,92662.3,92494.8,92510.7,9.13716555,400
1767591900,92510.8,92510.8,92321.0,92321.1,5.255021,370
1767592800,92321.1,92442.2,92321.0,92387.7,1.19358848,333
1767593700,92387.7,92398.7,92243.5,92250.0,1.70901341,277
1767594600,92250.0,92338.9,92121.8,92338.9,7.768524729999999,474
1767595500,92339.3,92452.2,92339.1,92440.2,23.09186286,412
1767596400,92440.2,92574.2,92440.1,92574.2,13.37706081,341
1767597300,92574.1,92574.3,92504.0,92513.4,2.9831718200000004,239
1767598200,92513.4,92518.3,92500.0,92500.0,1.26419824,174
1767599100,92500.1,92500.1,92472.8,92475.2,3.64210985,198
1767600000,92475.2,92605.4,92465.6,92605.4,8.01486055,397
1767600900,92605.4,92698.4,92568.0,92651.4,15.06925368,416
1767601800,92651.4,92671.3,92427.3,92427.3,2.67730265,261
1767602700,92427.3,92520.7,92399.5,92402.1,3.76034284,309
1767603600,92402.2,92455.4,92282.0,92372.0,5.87095186,405
1767604500,92372.2,92584.1,92367.2,92584.1,2.9607289900000002,271
1767605400,92584.1,92584.9,92511.0,92584.9,2.71671492,241
1767606300,92584.9,92778.0,92584.8,92650.1,2.53942193,340
1767607200,92650.1,92900.9,92622.5,92894.9,33.98330997,444
1767608100,92894.8,92895.7,92816.6,92845.8,3.87756274,233
1767609000,92835.9,92970.8,92723.7,92813.3,6.95156933,388
1767609900,92813.3,93092.8,92805.1,93028.5,23.90695602,393
1767610800,93028.5,93028.5,92858.1,92858.1,4.83033679,287
1767611700,92858.1,93084.5,92839.8,92918.9,3.63430162,356
1767612600,92919.0,92987.6,92865.0,92960.8,5.45724157,308
1767613500,92960.8,93092.3,92952.0,93049.5,18.56745026,339
1767614400,93049.6,93106.7,93003.1,93101.7,7.827540910000001,393
1767615300,93101.7,93146.0,92894.1,92894.1,11.68804039,510
1767616200,92877.0,92904.8,92747.9,92766.6,5.3389609899999995,413
1767617100,92766.7,92825.3,92702.8,92810.9,13.0691784,435
1767618000,92810.9,92956.6,92769.4,92884.9,3.9760745600000003,484
1767618900,92885.0,92885.0,92672.9,92730.2,3.65464491,462
1767619800,92730.2,92730.2,92500.0,92552.7,12.56065473,703
1767620700,92552.7,92698.9,92534.0,92678.1,10.66510861,558
1767621600,92678.1,92819.1,92654.8,92702.7,6.0690093,623
1767622500,92702.7,92783.5,92653.5,92702.7,6.10049902,465
1767623400,92702.8,93265.1,92369.9,93253.9,70.17188046,1664
1767624300,93234.4,93600.0,92892.2,93361.8,80.14221776,2035
1767625200,93385.2,93490.7,93121.0,93387.2,23.55985028,1179
1767626100,93387.2,93753.3,93200.1,93370.0,24.60932005,1309
1767627000,93351.7,93937.3,93283.3,93821.4,28.87062684,1466
1767627900,93821.4,93975.8,93692.9,93937.0,37.00575762,1230
1767628800,93937.1,94000.0,93752.9,93934.1,65.78075683,1227
1767629700,93934.1,94054.0,93656.2,93835.2,88.67426746,1147
1767630600,93835.1,93890.3,93726.8,93730.1,19.52922503,885
1767631500,93730.1,93787.8,93574.0,93680.7,13.17345012,835
1767632400,93680.7,93751.1,93600.0,93653.4,7.4882267,817
1767633300,93653.3,93682.6,93250.0,93423.0,45.22942316,1224
1767634200,93423.2,93839.2,93423.1,93765.6,18.884377230000002,984
1767635100,93765.6,94445.3,93765.6,94308.8,66.14318277,1796
1767636000,94308.9,94388.2,94056.0,94186.0,37.05770259,1177
1767636900,94186.2,94200.0,93963.9,94025.1,23.67540228,923
1767637800,94020.1,94077.1,93923.3,93983.3,11.995960460000001,837
1767638700,93983.3,94500.0,93983.3,94450.0,27.71849861,1177
1767639600,94450.0,94450.0,94217.3,94320.0,22.75070586,754
1767640500,94319.9,94428.0,94229.4,94417.3,12.96572676,751
1767641400,94417.2,94497.1,94153.8,94267.7,20.56013064,801
1767642300,94267.6,94321.7,94124.9,94288.1,12.84844123,733
1767643200,94288.2,94506.0,94193.4,94396.9,39.78231133,1144
1767644100,94409.0,94783.9,94294.3,94730.5,22.841083349999998,1168
1767645000,94730.5,94730.5,94167.1,94194.2,38.78937195,1115
1767645900,94194.0,94250.0,94038.0,94169.9,30.38298418,885
1767646800,94169.9,94200.0,94000.0,94000.1,19.78925765,774
1767647700,94000.1,94137.3,93850.0,93850.1,20.63675658,722
1767648600,93850.1,94118.0,93817.4,94085.8,12.20284364,693
1767649500,94085.8,94232.2,94085.7,94088.5,6.96311392,544
1767650400,94088.5,94229.3,94029.4,94174.1,12.91856209,604
1767651300,94174.2,94390.0,94174.2,94253.1,37.59359162,861
1767652200,94253.2,94353.1,94217.9,94271.6,7.307895,508
1767653100,94271.5,94336.5,94086.1,94176.8,33.23078603,613
1767654000,94176.8,94176.8,94026.0,94028.8,7.9363421800000005,655
1767654900,94028.9,94131.5,93982.8,93989.1,4.00775978,522
1767655800,93989.1,94044.7,93894.6,93942.0,3.7739619699999998,446
1767656700,93942.0,93982.8,93866.8,93866.9,3.34170751,444
1767657600,93866.9,93963.0,93718.3,93718.3,23.8152146,765
1767658500,93718.4,93805.7,93676.0,93805.6,19.00348431,944
1767659400,93805.7,93805.7,93550.0,93646.4,15.04476274,691
1767660300,93646.4,93812.5,93588.7,93812.5,6.9372759,588
1767661200,93812.5,93975.7,93797.9,93912.9,10.46179927,685
1767662100,93913.0,94164.9,93884.4,94128.7,9.271591729999999,638
1767663000,94128.6,94128.6,93847.2,93847.3,8.06890956,505
1767663900,93847.3,93947.4,93724.2,93759.9,4.71568352,437
1767664800,93760.0,93874.3,93693.7,93756.0,5.56990234,577
1767665700,93756.0,93762.4,93679.9,93715.6,4.80678714,391
1767666600,93715.6,93715.6,93525.2,93627.4,6.79895886,475
1767667500,93627.4,93639.0,93525.2,93609.4,6.30008126,450
1767668400,93609.4,93760.0,93609.3,93760.0,16.64699863,486
1767669300,93760.0,93818.5,93737.2,93789.4,7.51643717,366
1767670200,93789.4,93928.4,93760.5,93772.1,2.9232678,410
1767671100,93772.1,93813.3,93730.0,93754.9,1.11103029,243
1767672000,93755.0,93947.2,93731.4,93921.7,6.59084232,366
1767672900,93921.8,93965.1,93835.3,93856.1,6.96733785,314
1767673800,93856.1,93920.2,93813.3,93813.3,3.53103561,335
1767674700,93813.4,93839.2,93795.1,93795.2,10.42761295,276
1767675600,93795.2,93795.2,93659.7,93719.5,9.1951277,382
1767676500,93719.5,93778.6,93661.6,93709.0,4.9276909700000004,279
1767677400,93709.0,93739.5,93600.0,93600.0,1.42186884,234
1767678300,93600.1,93623.7,93538.9,93581.0,6.2932114100000005,270
1767679200,93581.0,93779.6,93545.0,93738.1,5.5951765,407
1767680100,93738.2,93749.2,93634.0,93749.2,2.81057095,236
1767681000,93744.3,93899.5,93744.2,93899.3,10.60920246,416
1767681900,93899.3,93900.0,93761.0,93761.1,2.92117981,316
1767682800,93761.1,93761.1,93523.2,93528.7,10.92707708,429
1767683700,93528.6,93562.9,93275.4,93363.8,14.95819624,604
1767684600,93363.8,93370.0,93182.2,93208.1,10.18888685,576
1767685500,93227.7,93286.9,93122.1,93215.3,4.46022641,454
1767686400,93215.4,93375.6,93184.5,93338.8,4.53344359,421
1767687300,93338.8,93364.1,93213.7,93281.5,2.48304129,286
1767688200,93299.2,93299.2,93201.2,93205.4,5.03613322,312
1767689100,93205.4,93265.0,93152.3,93199.8,3.81047777,282
1767690000,93199.8,93456.0,93190.8,93330.6,15.438276310000001,395
1767690900,93330.7,93508.2,93330.7,93445.3,4.61009286,345
1767691800,93445.3,93445.3,93339.8,93396.5,2.03853421,244
1767692700,93396.6,93503.0,93396.5,93437.5,4.18451489,299
1767693600,93437.6,93601.3,93379.6,93556.4,5.17132678,324
1767694500,93556.4,93608.7,93474.4,93567.6,6.60844757,273
1767695400,93567.6,93570.0,93518.5,93558.4,1.4298876200000001,264
1767696300,93558.5,93579.9,93459.5,93538.3,2.79217094,250
1767697200,93541.4,93753.2,93532.3,93744.9,24.853551709999998,471
1767698100,93745.0,93794.9,93663.2,93794.8,4.8211100600000005,305
1767699000,93794.8,93794.8,93745.5,93757.8,3.56285275,226
1767699900,93757.8,93862.5,93757.8,93794.1,11.75969656,322
1767700800,93794.1,93950.0,93779.4,93868.7,9.81809365,470
1767701700,93868.6,93906.0,93835.7,93843.6,13.27552545,311
1767702600,93835.8,93835.8,93760.4,93780.3,3.47261801,242
1767703500,93780.2,93854.5,93780.2,93836.8,5.8712506399999995,291
1767704400,93836.8,93836.8,93750.1,93798.2,19.4761629,474
1767705300,93798.1,93798.2,93689.8,93699.6,4.00816965,353
1767706200,93699.6,93727.0,93625.1,93674.6,8.77792882,369
1767707100,93674.5,93740.6,93628.4,93682.4,9.96372887,341
1767708000,93682.4,94133.2,93682.3,94078.2,14.86575582,864
1767708900,94078.2,94401.8,94026.8,94267.0,34.24706846,1504
1767709800,94281.8,94319.3,93968.8,94059.3,31.26786707,1483
1767710700,94059.3,94118.3,93500.0,93786.9,110.0058389,1616
1767711600,93786.9,93940.1,93678.3,93750.0,11.75224152,1029
1767712500,93750.1,94260.6,93750.0,94104.5,40.76279219,1341
1767713400,94104.4,94146.8,93332.1,93441.8,38.05270721,1119
1767714300,93441.9,93591.8,93280.8,93591.8,32.42448356,1135
1767715200,93591.8,93715.5,93368.2,93436.6,24.751085370000002,1069
1767716100,93436.5,93452.1,92711.1,92787.0,108.29704443,1778
1767717000,92787.0,92938.8,92334.0,92486.5,96.99541728,1743
1767717900,92491.2,92668.8,92282.8,92650.1,58.98237222,1458
1767718800,92650.1,92730.5,92500.1,92600.0,46.88663288,1076
1767719700,92597.7,92631.4,92350.7,92466.9,55.83867972,985
1767720600,92466.9,92591.9,91933.3,92166.8,81.41045543999999,1738
1767721500,92166.8,92181.8,91500.8,91514.9,186.21196652,2250
1767722400,91515.0,91901.0,91230.8,91791.9,56.531142960000004,1995
1767723300,91791.9,92064.7,91762.2,91971.8,38.03782457,1050
1767724200,91971.9,92022.3,91773.4,91916.9,17.07657662,927
1767725100,91896.9,92155.0,91896.9,91988.8,21.61556772,1013
1767726000,91988.8,92192.0,91862.4,92183.7,13.56491288,840
1767726900,92183.8,92271.8,92077.1,92215.0,13.187395200000001,595
1767727800,92215.0,92256.5,92024.7,92070.0,15.18554392,606
1767728700,92070.1,92130.1,91999.9,92061.7,7.29644151,485
1767729600,92048.6,92420.7,92045.8,92364.2,23.42238549,865
1767730500,92364.2,92522.9,92328.2,92451.9,16.91606251,643
1767731400,92451.8,92632.8,92440.9,92591.9,10.63150215,709
1767732300,92586.9,92593.7,92439.8,92461.7,11.88747659,533
1767733200,92461.7,92854.2,92350.0,92854.1,37.85169377,817
1767734100,92854.0,93771.6,92835.4,93456.5,68.21225034,2044
1767735000,93469.7,93711.3,93413.3,93567.7,9.9039845,909
1767735900,93567.6,93596.8,93110.9,93219.6,33.40632544,824
1767736800,93219.5,93464.6,93053.2,93053.2,20.10359161,861
1767737700,93052.7,93180.3,92914.0,93104.4,13.00283213,805
1767738600,93104.4,93126.6,92924.1,93000.4,12.68501786,654
1767739500,93000.4,93317.5,93000.3,93291.8,7.1799982700000005,615
1767740400,93306.8,93500.0,93306.7,93441.8,17.616958320000002,636
1767741300,93441.8,93514.0,93368.2,93484.1,5.85415078,502
1767742200,93484.1,93615.0,93484.1,93516.9,2.75204962,488
1767743100,93516.8,93741.2,93505.4,93711.8,36.9028804,636
1767744000,93711.8,93712.5,93518.3,93519.9,10.15504055,588
1767744900,93520.0,93520.0,93300.0,93312.0,14.08502363,1061
1767745800,93312.0,93321.8,93050.6,93126.8,33.21308686,838
1767746700,93139.2,93139.2,92598.9,92662.3,17.78130357,893
1767747600,92661.8,92828.9,92651.9,92758.6,16.63290149,703
1767748500,92758.5,92758.5,92274.0,92466.9,35.4539886,958
1767749400,92466.9,92541.8,92373.7,92373.8,5.70504663,591
1767750300,92373.7,92441.2,92316.8,92412.3,9.78188065,477
1767751200,92412.3,92612.7,92201.0,92612.7,5.86575998,673
1767752100,92612.6,92685.2,92452.0,92631.9,5.31512739,436
1767753000,92631.8,92854.3,92607.0,92816.6,9.55501132,416
1767753900,92829.6,92965.7,92829.6,92899.9,2.59962375,377
1767754800,92900.0,92965.2,92864.4,92916.8,9.08662429,361
1767755700,92916.7,93021.5,92886.8,92945.6,3.52427676,336
1767756600,92945.6,92945.7,92668.4,92781.9,4.22641143,340
1767757500,92781.8,92800.0,92709.2,92736.8,1.54357886,267
1767758400,92736.8,92841.8,92707.7,92721.7,3.02048656,293
1767759300,92721.6,92721.6,92622.6,92708.6,2.79613703,263
1767760200,92708.6,92721.8,92541.8,92711.8,4.19887502,341
1767761100,92711.7,92711.8,92603.2,92605.5,3.6912116200000002,250
1767762000,92605.5,92646.8,92571.4,92646.7,4.71232744,332
1767762900,92646.7,92730.3,92646.7,92646.9,20.32457062,330
1767763800,92646.8,92790.5,92646.8,92699.2,4.20639638,303
1767764700,92699.2,92699.2,92455.0,92458.7,8.35853077,433
1767765600,92462.5,92596.1,92455.0,92596.1,1.99504494,254
1767766500,92596.0,92765.1,92596.0,92759.0,2.38660551,249
1767767400,92758.9,92842.1,92617.7,92639.2,1.86253523,340
1767768300,92620.7,92664.0,92557.5,92562.4,1.14028883,274
1767769200,92562.4,92697.9,92562.3,92697.8,0.99142391,251
1767770100,92697.8,92746.6,92697.8,92742.4,1.78539575,233
1767771000,92742.3,92789.1,92711.6,92766.8,2.55378848,261
1767771900,92761.5,92789.1,92751.8,92789.0,1.05894825,186
1767772800,92789.1,92869.3,92781.8,92843.7,1.25960281,351
1767773700,92843.6,92866.2,92721.8,92781.1,0.80823764,232
1767774600,92781.8,92856.7,92697.2,92721.7,4.10519176,282
1767775500,92721.7,92721.8,92646.8,92649.6,4.84609056,249
1767776400,92649.6,92649.6,92231.1,92231.1,11.648219260000001,451
1767777300,92226.8,92256.8,91810.2,91906.1,26.24187177,904
1767778200,91906.2,91906.2,91614.7,91686.8,50.29738753,672
1767779100,91686.8,91705.2,91555.0,91650.1,7.52322923,440
1767780000,91650.1,91816.5,91550.0,91761.9,9.79456207,496
1767780900,91761.9,91769.0,91698.7,91716.7,4.90494278,287
1767781800,91716.8,91879.4,91716.7,91804.8,4.0505433,365
1767782700,91804.7,91926.7,91791.8,91926.5,13.78625819,335
1767783600,91926.5,92076.7,91876.0,92046.8,15.21393134,498
1767784500,92046.9,92143.9,92032.3,92098.3,6.50250665,326
1767785400,92098.4,92166.0,92063.9,92140.0,13.56547935,285
1767786300,92140.0,92140.1,92031.8,92031.8,14.94724779,315
1767787200,92021.9,92085.6,91971.8,92000.0,1.09561351,413
1767788100,92000.1,92079.0,91938.5,91988.9,8.64339898,378
1767789000,91988.9,92042.6,91902.0,91920.0,15.37562851,343
1767789900,91920.0,91971.8,91915.0,91935.1,1.79944128,323
1767790800,91935.1,91982.2,91787.9,91836.8,11.88783381,582
1767791700,91823.6,92188.2,91806.8,92163.3,44.18481049,539
1767792600,92163.4,92163.4,92001.8,92074.9,14.5134487,369
1767793500,92074.9,92106.8,91971.0,91973.8,13.94944239,400
1767794400,91973.9,91974.2,91537.9,91614.5,25.93542525,761
1767795300,91614.5,91671.8,91450.0,91472.8,18.86168969,760
1767796200,91472.9,91983.6,91308.3,91758.9,39.78219473,1618
1767797100,91758.9,92055.5,91731.9,91896.4,24.21862731,876
1767798000,91896.4,91911.8,91365.1,91581.8,29.01218612,1233
1767798900,91581.8,91596.8,90963.6,91191.9,74.48277635,2024
1767799800,91191.9,91405.8,91041.9,91281.8,19.45091041,1040
1767800700,91281.8,91495.9,91221.9,91266.7,38.15846928,905
1767801600,91266.8,91547.0,91221.8,91504.1,37.66509548,895
1767802500,91504.2,91720.4,91422.2,91488.9,18.508923030000002,724
1767803400,91489.0,91534.7,91095.6,91386.9,24.84692768,762
1767804300,91386.9,91473.5,91148.4,91168.9,16.96834001,608
1767805200,91169.1,91218.4,90968.4,91197.1,16.53242586,677
1767806100,91197.1,91559.8,91176.9,91516.5,18.36954424,536
1767807000,91516.5,91617.2,91439.5,91506.9,7.92959447,539
1767807900,91506.9,91551.8,91146.8,91188.9,11.56761447,652
1767808800,91176.9,91244.1,91098.0,91206.8,7.54217725,610
1767809700,91200.1,91245.1,91000.0,91219.4,15.4932108,731
1767810600,91219.4,91336.9,91058.4,91058.6,26.48342086,704
1767811500,91058.7,91126.9,90666.8,90821.3,42.01304732,1313
1767812400,90821.3,90996.8,90655.3,90696.9,91.65692402,1253
1767813300,90696.9,90777.3,90591.9,90766.8,56.68123274,1190
1767814200,90771.7,91064.8,90771.7,90981.7,36.04631568,905
1767815100,90981.7,91179.9,90969.9,91094.6,32.40357327,782
1767816000,91087.3,91187.0,90871.5,90876.9,23.72040368,751
1767816900,90877.0,90936.7,90673.5,90768.8,15.94477416,778
1767817800,90768.8,91033.2,90768.8,90900.0,9.69300132,591
1767818700,90900.0,91031.1,90875.9,90925.8,8.11058167,549
1767819600,90951.8,91117.3,90951.7,91080.8,12.97223715,550
1767820500,91080.8,91118.2,91041.8,91084.2,18.35074083,412
1767821400,91084.1,91137.7,90946.7,91012.7,2.8291672500000002,407
1767822300,91012.7,91054.4,90976.3,91011.8,6.87919001,406
1767823200,91008.9,91008.9,90788.7,90879.2,19.17671089,632
1767824100,90879.3,90981.3,90879.2,90981.1,6.72087958,358
1767825000,90981.2,91267.2,90981.1,90981.2,17.66662616,560
1767825900,90981.1,91155.0,90899.1,91113.0,7.47790046,458
1767826800,91103.9,91113.9,90913.4,91113.9,5.34187522,537
1767827700,91116.8,91368.7,91116.8,91236.8,12.60300005,748
1767828600,91236.8,91303.7,91088.0,91131.6,3.81260778,401
1767829500,91125.8,91308.9,91101.8,91273.3,7.18681855,383
1767830400,91273.3,91417.1,91099.7,91116.7,8.11142094,797
1767831300,91116.8,91133.3,91000.0,91026.6,3.6199645,430
1767832200,91026.7,91132.2,91013.8,91132.2,3.50474154,313
1767833100,91132.2,91331.9,91132.1,91298.8,4.46421713,477
1767834000,91298.8,91330.8,91222.1,91330.8,3.6730727499999998,372
1767834900,91330.7,91584.7,91223.3,91439.3,36.18426991,708
1767835800,91439.2,91439.2,91256.6,91266.8,2.20015825,330
1767836700,91266.8,91356.4,91227.9,91327.2,2.77038793,341
1767837600,91327.2,91360.8,91236.8,91326.8,8.31964579,469
1767838500,91326.7,91332.3,90990.3,91086.8,8.68089306,490
1767839400,91101.5,91101.5,90777.1,90777.9,10.55154304,593
1767840300,90777.9,90889.4,90661.5,90843.9,12.30194456,517
1767841200,90844.0,91018.2,90823.9,90971.9,17.35074698,379
1767842100,90971.9,90989.1,90840.3,90840.5,1.06019435,276
1767843000,90840.4,90924.1,90652.4,90682.3,4.76783595,372
1767843900,90682.3,90713.7,90500.0,90701.5,44.18087824,706
1767844800,90701.5,90755.0,90598.4,90695.5,17.6147895,508
1767845700,90696.0,91027.1,90696.0,90981.7,5.20249969,411
1767846600,90972.3,91011.8,90901.7,90941.0,2.19130584,290
1767847500,90941.0,90993.0,90906.8,90918.9,0.95927664,271
1767848400,90918.9,91045.8,90918.8,90983.1,2.37246695,336
1767849300,90983.0,91038.7,90906.8,90906.9,3.12906866,288
1767850200,90906.8,90936.8,90786.8,90786.9,1.37007715,298
1767851100,90786.8,90786.9,90688.4,90699.9,4.62143164,292
1767852000,90699.9,90751.8,90303.6,90381.8,38.86443411,1024
1767852900,90381.8,90381.8,90100.0,90144.9,32.83606252,983
1767853800,90145.0,90276.8,90103.1,90265.2,10.86179195,431
1767854700,90265.2,90265.2,89741.1,89765.9,66.1940628,1180
1767855600,89765.8,89958.8,89507.4,89929.4,49.99830117,1461
1767856500,89929.5,90140.4,89891.5,90140.4,8.58298325,543
1767857400,90140.4,90319.9,90098.3,90319.9,4.32608356,348
1767858300,90319.8,90424.2,90315.8,90424.2,6.58943018,332
1767859200,90424.2,90478.5,90255.5,90478.4,36.61971353,488
1767860100,90478.4,90575.3,90450.0,90575.2,2.51202493,307
1767861000,90575.3,90629.1,90251.1,90306.7,14.50443266,454
1767861900,90306.7,90306.7,90051.8,90096.8,10.70572008,366
1767862800,90096.8,90243.6,90053.0,90210.8,8.600075200000001,412
1767863700,90210.8,90230.7,89937.3,89937.3,20.70297917,571
1767864600,89931.9,90001.7,89866.8,89931.7,9.794987540000001,535
1767865500,89931.8,90042.2,89862.0,89883.1,6.51136557,311
1767866400,89883.1,89931.8,89683.4,89819.8,22.49629389,743
1767867300,89819.8,90155.9,89811.9,90075.7,3.3417493,447
1767868200,90075.8,90166.4,90021.9,90054.1,3.33570704,403
1767869100,90066.8,90348.4,90066.7,90291.9,8.59405759,400
1767870000,90291.9,90351.8,90160.4,90165.0,31.98976961,560
1767870900,90165.0,90170.5,89961.9,90095.6,6.40850235,399
1767871800,90095.5,90132.5,89946.9,89949.3,8.91577612,536
1767872700,89951.5,90146.2,89910.2,90096.8,28.58146776,394
1767873600,90096.8,90097.0,89714.8,89765.1,13.53104965,735
1767874500,89765.2,89909.0,89707.0,89825.8,11.98200851,600
1767875400,89825.9,89901.7,89661.1,89882.0,16.46705585,530
1767876300,89882.0,89946.8,89850.0,89866.3,20.83373019,523
1767877200,89866.3,89900.8,89836.8,89886.6,13.14952447,356
1767878100,89886.6,89981.7,89839.6,89945.4,21.67643623,400
1767879000,89945.4,89975.8,89783.9,89904.8,10.61911245,537
1767879900,89904.7,89933.4,89780.1,89854.9,22.95258211,432
1767880800,89855.0,89855.0,89602.1,89729.9,5.72884542,642
1767881700,89730.0,89743.2,89313.4,89524.4,44.10333381,1319
1767882600,89524.4,89770.9,89247.3,89345.1,45.26316875,2143
1767883500,89345.1,90042.0,89225.0,89919.9,33.14242047,1542
1767884400,89919.9,90343.0,89722.6,90198.6,18.63913192,1257
1767885300,90215.9,90535.3,90186.8,90471.7,35.67356313,1134
1767886200,90471.8,90579.8,90201.8,90381.9,21.51456409,1006
1767887100,90381.8,90722.4,90173.2,90711.4,23.9540449,771
1767888000,90706.9,90800.0,90500.0,90606.9,25.64820667,1020
1767888900,90606.8,90606.8,90366.0,90546.7,17.73495183,749
1767889800,90546.8,90673.7,90229.4,90606.8,9.66760092,741
1767890700,90606.9,90826.6,90606.9,90826.6,21.33138646,709
1767891600,90829.3,91144.6,90801.8,91027.1,54.26693944,1160
1767892500,91027.1,91071.7,90771.8,90771.9,9.7846389,696
1767893400,90771.9,91132.3,90771.8,91110.2,4.2126496,592
1767894300,91110.3,91345.9,91110.3,91308.7,23.50189382,830
1767895200,91308.7,91367.7,91099.1,91099.1,7.65543421,710
1767896100,91099.2,91206.8,91043.3,91182.3,13.21748025,534
1767897000,91182.3,91221.8,90882.2,90944.5,10.90532363,531
1767897900,90944.5,91086.8,90894.8,91038.3,4.81664611,582
1767898800,91038.4,91229.8,90973.0,91158.7,25.19355421,714
1767899700,91158.6,91158.6,90880.1,91016.9,20.44102433,555
1767900600,91016.9,91225.0,91016.9,91112.9,10.55541342,469
1767901500,91112.8,91112.9,90739.9,90846.8,20.18875219,544
1767902400,90846.8,90846.8,90475.6,90591.8,22.28903525,903
1767903300,90591.8,90636.8,90501.8,90516.8,7.62847891,487
1767904200,90516.9,90748.9,90516.9,90721.9,5.84687929,563
1767905100,90721.8,90898.7,90693.2,90844.5,4.3807287200000005,475
1767906000,90844.6,91055.8,90840.4,91055.8,12.51304451,547
1767906900,91055.8,91093.3,90974.1,91041.8,6.35260466,520
1767907800,91041.8,91200.0,91005.0,91200.0,19.76786762,393
1767908700,91200.0,91230.8,91176.8,91208.9,12.05565827,433
1767909600,91208.9,91401.8,91092.5,91336.9,3.46609094,454
1767910500,91337.0,91337.0,91176.9,91199.6,2.18313693,345
1767911400,91199.7,91199.7,90983.5,91065.6,8.51889996,426
1767912300,91065.6,91146.0,91065.5,91133.8,4.3932590199999995,268
1767913200,91133.8,91250.5,91133.8,91196.7,7.92610833,406
1767914100,91196.8,91224.0,91180.5,91189.9,4.44080727,305
1767915000,91190.0,91202.8,91041.9,91041.9,4.07634647,398
1767915900,91041.9,91064.0,90981.9,91029.1,5.45692139,358
1767916800,91029.1,91079.0,90992.9,91078.9,9.9329875,374
1767917700,91079.0,91079.0,90996.8,90996.9,1.33430455,321
1767918600,90996.9,91148.5,90996.8,91138.0,5.83578272,469
1767919500,91138.1,91215.3,91138.0,91211.1,2.5873795200000003,272
1767920400,91211.2,91243.0,91162.4,91191.8,10.14050836,310
1767921300,91191.9,91450.0,90948.6,91386.8,8.45709432,570
1767922200,91386.8,91539.8,90761.3,90846.8,14.13927226,799
1767923100,90846.8,90951.8,90846.8,90947.0,1.52480626,322
1767924000,90947.0,91362.0,90937.5,91362.0,4.69077367,621
1767924900,91361.9,91371.8,91207.9,91208.0,5.37886283,386
1767925800,91208.0,91236.8,91075.0,91131.8,1.35251031,266
1767926700,91131.8,91131.8,90938.7,90938.8,2.03570031,228
1767927600,90938.8,91086.8,90904.3,91058.4,4.33626199,286
1767928500,91058.5,91131.8,90877.5,90901.7,6.51486464,355
1767929400,90901.7,91116.8,90883.9,91093.1,1.10561669,331
1767930300,91093.1,91163.3,91071.8,91118.4,1.66913071,279
1767931200,91118.4,91118.4,90951.8,90951.9,0.63338599,285
1767932100,90951.9,91029.6,90944.8,91025.5,1.00019356,271
1767933000,91025.6,91025.6,90846.9,90914.5,1.89117533,274
1767933900,90914.5,90933.1,90913.3,90913.3,2.03717168,183
1767934800,90913.3,91002.7,90913.2,90978.8,1.22084257,322
1767935700,90978.8,90978.8,90816.9,90921.8,1.09222804,200
1767936600,90921.8,90921.8,90816.9,90891.8,0.93656503,240
1767937500,90891.9,90966.8,90878.1,90966.8,1.76194806,195
1767938400,90966.8,90981.8,90936.9,90936.9,6.15892065,209
1767939300,90936.9,91011.8,90880.1,90880.1,5.75259487,315
1767940200,90880.1,91000.0,90880.1,90999.9,5.21516017,354
1767941100,91000.0,91024.6,90972.7,91024.6,5.48145922,272
1767942000,91024.6,91024.6,90921.9,90952.0,1.5720419,238
1767942900,90952.0,90952.0,90880.0,90906.9,1.88218289,273
1767943800,90906.9,90906.9,90813.6,90876.8,7.1529127500000005,345
1767944700,90876.8,90876.8,90626.5,90626.5,12.77472287,467
1767945600,90626.6,90696.8,90400.0,90557.5,21.807571330000002,763
1767946500,90557.5,90751.8,90551.3,90569.8,33.28452444,489
1767947400,90569.9,90591.8,90200.0,90216.8,14.32342701,598
1767948300,90216.9,90216.9,89603.4,89895.0,58.950058580000004,1529
1767949200,89900.0,90149.9,89900.0,90048.5,15.72039789,649
1767950100,90048.5,90348.4,89960.4,90276.8,6.19302525,381
1767951000,90276.9,90282.8,90212.3,90241.6,5.21776678,291
1767951900,90241.6,90317.9,90201.7,90221.4,6.96483966,289
1767952800,90221.5,90359.2,90186.8,90321.8,1.42834223,287
1767953700,90306.9,90429.9,90306.8,90337.9,21.71025136,330
1767954600,90338.0,90409.8,90306.8,90409.7,4.91961003,337
1767955500,90409.8,90414.7,90377.3,90377.4,1.72337286,251
1767956400,90377.4,90470.2,90338.0,90456.8,1.4632591,355
1767957300,90456.8,90578.9,90405.9,90460.0,3.51474868,452
1767958200,90460.0,90486.8,90381.9,90399.4,5.92181963,368
1767959100,90399.4,90455.3,90297.1,90336.8,1.85741525,302
1767960000,90336.8,90484.6,90291.8,90297.4,9.73453246,467
1767960900,90297.4,90306.8,90126.9,90221.3,9.03802551,506
1767961800,90221.3,90346.9,90216.8,90322.1,2.7236726,355
1767962700,90322.1,90372.7,90300.0,90351.9,1.1968517,257
1767963600,90351.9,90552.1,90336.8,90531.9,21.49739098,474
1767964500,90531.9,90603.7,90501.9,90516.9,11.73297121,518
1767965400,90516.9,90848.4,90309.6,90507.8,36.04358914,1077
1767966300,90507.9,90631.2,90379.7,90516.9,6.21073244,473
1767967200,90516.9,90516.9,90175.1,90246.9,9.48606676,756
1767968100,90247.0,90500.0,90246.9,90479.9,8.91402484,424
1767969000,90479.9,90558.8,90000.0,90006.9,34.09103523,1398
1767969900,90006.9,90148.4,89850.4,90054.9,28.74402305,1300
1767970800,90055.0,90250.5,89756.0,90156.7,33.27940938,1328
1767971700,90156.7,91640.2,90081.8,91574.6,118.85594439,2214
1767972600,91574.6,91955.9,91124.5,91124.6,99.30988841,2532
1767973500,91121.5,91438.5,90784.6,91041.8,20.16792006,1274
1767974400,91056.8,91651.6,91056.7,91645.7,99.7736456,1487
1767975300,91652.0,91671.8,91225.0,91250.1,130.70869385,1544
1767976200,91251.8,91380.7,91157.5,91376.9,61.40349379,965
1767977100,91376.9,91570.8,91341.8,91521.8,12.4591119,662
1767978000,91521.8,91581.6,91146.9,91246.0,24.81210878,949
1767978900,91245.9,91247.6,90924.8,91049.6,13.23041676,879
1767979800,91049.6,91206.8,90970.3,91074.1,13.62670914,712
1767980700,91074.0,91441.0,91074.0,91346.6,8.84416437,847
1767981600,91346.6,91400.0,91161.8,91191.8,7.61227318,652
1767982500,91191.8,91191.8,90491.6,90525.8,40.02248491,1088
1767983400,90516.9,90789.2,90255.2,90718.3,34.9479335,1072
1767984300,90718.2,90831.8,90584.4,90722.0,6.6719568,663
1767985200,90722.0,90722.0,90441.8,90450.0,11.81422994,758
1767986100,90450.0,90450.0,90186.8,90226.4,23.40004407,916
1767987000,90226.4,90349.9,90096.8,90231.9,47.7537204,686
1767987900,90231.8,90500.0,90231.8,90231.9,3.51856368,589
1767988800,90231.9,90321.8,90133.5,90292.3,5.27489104,777
1767989700,90292.3,90441.8,90264.1,90361.8,3.02618418,563
1767990600,90361.8,90456.8,90177.1,90177.1,5.72238913,721
1767991500,90177.1,90285.8,90131.6,90188.0,11.08995369,783
1767992400,90192.9,90301.2,90021.4,90241.8,13.45599397,747
1767993300,90241.8,90500.0,90216.8,90463.6,17.52651394,571
1767994200,90463.6,90496.0,90307.2,90328.9,3.41878883,429
1767995100,90328.9,90422.4,90302.3,90414.4,2.62175923,330
1767996000,90414.4,90419.9,90238.6,90261.7,8.98192325,428
1767996900,90261.8,90480.3,90246.8,90480.3,2.64537968,434
1767997800,90480.3,90565.4,90441.8,90441.9,2.0426024,390
1767998700,90441.8,90516.8,90441.7,90495.6,1.17403093,271
1767999600,90495.6,90565.4,90478.3,90565.4,2.01998412,364
1768000500,90565.3,90599.4,90565.3,90598.0,3.27444024,258
1768001400,90598.0,90598.0,90531.8,90556.8,3.1922171,302
1768002300,90556.8,90556.9,90496.7,90513.2,2.08770904,274
1768003200,90513.3,90550.0,90471.8,90471.8,2.34094672,268
1768004100,90463.1,90481.6,90411.8,90481.5,21.01565567,306
1768005000,90481.6,90529.6,90481.5,90483.4,13.53638018,284
1768005900,90483.4,90483.4,90414.1,90436.1,3.73061231,327
1768006800,90436.1,90501.8,90436.0,90499.4,0.69148633,230
1768007700,90499.4,90549.5,90488.2,90529.6,1.87969264,242
1768008600,90529.6,90587.1,90529.6,90587.0,1.01555207,163
1768009500,90590.2,90594.2,90549.3,90549.4,0.74751891,191
1768010400,90549.4,90600.0,90549.3,90600.0,0.64344792,321
1768011300,90599.9,90630.7,90580.7,90630.7,3.71773291,221
1768012200,90630.6,90630.7,90476.0,90476.0,1.33220348,257
1768013100,90476.0,90540.0,90476.0,90540.0,10.47304153,224
1768014000,90539.9,90540.0,90430.9,90448.0,1.24855188,242
1768014900,90448.1,90506.1,90448.0,90506.1,0.39074347,167
1768015800,90506.0,90520.9,90475.2,90475.2,0.62570948,211
1768016700,90471.9,90516.0,90458.6,90516.0,0.44656674,156
1768017600,90516.0,90516.0,90404.0,90404.0,0.83757174,200
1768018500,90404.1,90418.3,90383.6,90406.0,0.99254444,170
1768019400,90406.1,90406.1,90351.8,90375.5,18.78951427,281
1768020300,90375.5,90375.5,90295.3,90321.7,2.63698927,213
1768021200,90321.8,90366.8,90310.9,90366.8,1.59709224,236
1768022100,90369.0,90438.8,90369.0,90438.8,0.52237443,165
1768023000,90438.8,90463.3,90416.0,90463.2,0.90425796,181
1768023900,90463.3,90477.1,90463.2,90473.0,0.2616792,178
1768024800,90473.1,90473.1,90445.6,90445.7,0.40191713,191
1768025700,90445.6,90445.7,90351.8,90395.1,3.5993069600000003,221
1768026600,90395.2,90417.1,90386.3,90417.1,1.51389636,177
1768027500,90417.0,90417.1,90352.1,90370.4,32.04416413,285
1768028400,90370.4,90484.1,90370.3,90467.7,8.72309049,302
1768029300,90467.7,90467.7,90441.8,90441.9,0.39665791,143
1768030200,90441.9,90536.3,90441.9,90486.9,3.0912827000000003,223
1768031100,90486.9,90532.6,90486.8,90532.5,1.41231978,145
1768032000,90532.6,90612.8,90521.8,90570.0,5.38825542,310
1768032900,90570.0,90576.8,90486.9,90558.4,2.50392332,240
1768033800,90558.5,90558.5,90512.9,90513.1,4.71344393,190
1768034700,90513.1,90513.2,90510.0,90510.0,0.61678519,122
1768035600,90510.1,90575.2,90510.0,90510.1,1.1739293,211
1768036500,90510.0,90554.1,90510.0,90554.0,2.0967657600000003,187
1768037400,90554.0,90592.3,90500.0,90536.0,1.02059201,242
1768038300,90535.9,90612.9,90535.9,90612.9,1.66853827,158
1768039200,90612.9,90624.1,90599.9,90624.0,1.2832515,211
1768040100,90623.9,90663.3,90608.0,90617.6,2.0702560599999997,174
1768041000,90617.5,90682.6,90617.5,90661.8,1.90479184,180
1768041900,90661.7,90699.7,90661.7,90699.7,0.5499149,174
1768042800,90699.7,90699.7,90639.8,90640.9,2.92611132,203
1768043700,90640.9,90667.8,90640.9,90664.1,0.53285605,176
1768044600,90664.0,90670.0,90623.3,90650.4,18.54631118,250
1768045500,90650.3,90650.4,90584.7,90584.8,3.51352012,239
1768046400,90584.8,90621.9,90584.7,90612.5,0.90740985,172
1768047300,90612.4,90656.0,90595.7,90595.8,0.70458598,197
1768048200,90595.7,90595.8,90538.5,90576.1,1.54621738,187
1768049100,90576.0,90602.8,90576.0,90598.8,0.86835375,212
1768050000,90598.9,90626.2,90588.4,90588.5,0.65104845,215
1768050900,90588.5,90623.2,90584.1,90601.7,1.17076374,233
1768051800,90601.7,90601.8,90601.7,90601.7,1.9964802799999999,177
1768052700,90601.7,90601.8,90525.6,90528.9,1.22999211,287
1768053600,90529.0,90538.5,90424.8,90481.2,5.5904865,377
1768054500,90481.2,90504.0,90458.6,90504.0,0.46305104,194
1768055400,90504.0,90504.0,90438.2,90444.4,2.72150475,220
1768056300,90444.4,90444.4,90444.3,90444.4,0.36731593,182
1768057200,90444.4,90511.5,90444.4,90510.3,3.36000245,261
1768058100,90510.2,90511.9,90460.8,90473.6,1.23093851,211
1768059000,90473.5,90515.7,90473.5,90515.7,0.79046644,202
1768059900,90515.7,90539.7,90507.5,90539.7,0.71781994,185
1768060800,90539.7,90600.0,90539.6,90557.7,12.12413168,280
1768061700,90557.6,90557.7,90507.6,90517.9,0.68487001,219
1768062600,90517.8,90550.0,90507.6,90550.0,1.09068651,201
1768063500,90549.9,90560.3,90549.9,90552.0,11.687425320000001,260
1768064400,90552.1,90590.7,90552.0,90590.7,1.24918905,306
1768065300,90590.7,90619.7,90590.6,90618.4,2.29428988,289
1768066200,90618.5,90618.5,90542.6,90542.7,0.5533583599999999,269
1768067100,90542.7,90542.7,90419.7,90419.8,2.85287131,352
1768068000,90419.8,90452.2,90400.0,90400.0,3.40133914,346
1768068900,90400.1,90458.6,90400.1,90458.6,6.07867348,225
1768069800,90458.6,90458.6,90441.4,90446.5,3.63308103,226
1768070700,90446.5,90457.8,90446.4,90452.6,0.82430097,228
1768071600,90452.6,90472.7,90452.5,90460.1,2.5900529,255
1768072500,90460.1,90472.6,90456.6,90472.6,1.21216951,224
1768073400,90472.6,90504.6,90472.5,90504.6,1.22856302,285
1768074300,90504.6,90504.7,90503.1,90504.7,0.7443222,195
1768075200,90504.7,90517.5,90504.6,90517.5,0.50972414,238
1768076100,90517.5,90517.5,90517.4,90517.5,1.1841501700000001,203
1768077000,90517.5,90517.5,90450.1,90457.0,3.08423211,333
1768077900,90457.0,90457.0,90444.0,90444.1,1.80732935,232
1768078800,90444.1,90444.1,90381.3,90390.0,3.3892795000000002,355
1768079700,90390.1,90440.7,90390.0,90438.7,1.70304358,238
1768080600,90438.7,90438.7,90398.9,90399.0,1.1239401900000001,198
1768081500,90399.0,90399.0,90374.6,90380.1,0.86674615,224
1768082400,90380.1,90380.1,90285.2,90300.1,28.54404422,513
1768083300,90300.2,90345.1,90295.1,90345.1,2.01116045,251
1768084200,90345.1,90427.9,90345.0,90427.9,0.95471172,233
1768085100,90427.9,90440.1,90303.9,90303.9,1.40941424,353
1768086000,90304.0,90396.8,90303.9,90396.8,2.61494282,300
1768086900,90396.8,90400.1,90390.6,90400.1,2.45208905,232
1768087800,90400.0,90420.1,90388.1,90388.2,0.52556148,222
1768088700,90388.2,90429.9,90375.1,90375.2,0.66974665,235
1768089600,90375.2,90390.1,90339.2,90360.1,0.9961636899999999,275
1768090500,90360.1,90460.1,90360.0,90460.1,8.40955023,287
1768091400,90460.1,90460.1,90440.1,90440.2,0.6604639600000001,169
1768092300,90440.2,90521.1,90440.1,90506.6,3.73502575,253
1768093200,90506.7,90538.8,90506.6,90516.0,0.69579428,202
1768094100,90516.0,90516.1,90460.6,90465.6,0.65262181,226
1768095000,90465.5,90470.1,90445.2,90460.8,0.49967791,194
1768095900,90460.8,90487.0,90460.8,90487.0,0.29992426,145
1768096800,90487.0,90566.0,90486.9,90566.0,0.8637927400000001,379
1768097700,90565.9,90575.1,90550.0,90560.1,1.9968927699999999,233
1768098600,90560.0,90573.0,90545.1,90573.0,0.60685161,187
1768099500,90572.9,90594.0,90572.9,90585.2,1.9338291,172
1768100400,90585.1,90585.2,90535.1,90535.2,3.55688279,219
1768101300,90535.1,90599.5,90535.1,90585.5,1.13191109,234
1768102200,90585.4,90595.1,90562.7,90584.9,8.14124073,275
1768103100,90584.9,90608.0,90582.4,90608.0,3.8037424000000004,210
1768104000,90608.0,90608.0,90565.1,90575.1,4.58545721,261
1768104900,90580.0,90608.0,90580.0,90590.2,0.83415811,206
1768105800,90590.1,90647.2,90590.1,90647.2,0.4988175,182
1768106700,90647.1,90674.3,90640.1,90674.3,2.0201347,226
1768107600,90671.9,90671.9,90663.5,90664.2,0.90381505,240
1768108500,90664.1,90664.2,90635.1,90642.4,1.92475847,194
1768109400,90642.4,90670.1,90642.4,90670.1,10.87146864,216
1768110300,90670.0,90723.7,90638.6,90638.7,3.86240522,238
1768111200,90638.7,90659.7,90638.6,90658.9,0.38135762,175
1768112100,90658.9,90659.0,90480.5,90530.1,2.24569686,299
1768113000,90530.0,90546.9,90530.0,90546.9,0.41561111,150
1768113900,90546.8,90618.9,90546.8,90618.8,0.4356758,182
1768114800,90618.9,90621.5,90576.5,90576.6,0.90415557,154
1768115700,90576.5,90620.1,90565.1,90620.1,1.08004963,136
1768116600,90620.0,90620.1,90586.1,90586.1,0.45091485,158
1768117500,90586.2,90586.2,90586.1,90586.2,0.09716828,92
1768118400,90586.2,90600.2,90500.1,90540.1,1.20620842,289
1768119300,90540.0,90596.5,90540.0,90596.3,4.49816806,189
1768120200,90596.3,90658.0,90555.1,90585.0,2.7880821,286
1768121100,90585.1,90669.9,90580.1,90669.9,23.02750374,274
1768122000,90669.9,90670.2,90645.6,90645.7,1.41888356,190
1768122900,90645.6,90670.2,90616.6,90621.3,1.68590149,209
1768123800,90621.3,90625.1,90560.1,90595.1,0.8984285700000001,199
1768124700,90600.1,90640.1,90600.1,90615.4,0.99218011,143
1768125600,90615.4,90615.4,90570.1,90592.4,19.268906910000002,242
1768126500,90592.3,90592.4,90592.3,90592.4,0.22353563,98
1768127400,90592.4,90595.1,90576.4,90576.5,5.64069834,161
1768128300,90576.5,90605.1,90576.4,90605.1,0.2371569,132
1768129200,90605.1,90605.1,90573.1,90574.4,0.79583954,177
1768130100,90574.4,90574.4,90574.3,90574.3,0.26552927,101
1768131000,90574.4,90619.0,90574.3,90619.0,0.33280756,159
1768131900,90619.0,90619.0,90600.0,90605.6,3.16812067,143
1768132800,90613.9,90640.1,90600.0,90640.0,1.7227274,162
1768133700,90640.1,90715.1,90640.0,90715.1,0.98689263,188
1768134600,90715.0,90769.3,90715.0,90769.2,4.67261351,206
1768135500,90769.2,90874.4,90765.9,90828.1,9.62800783,300
1768136400,90828.1,90828.1,90805.7,90805.8,5.8493390100000004,244
1768137300,90805.7,90835.5,90688.6,90766.8,33.18853233,358
1768138200,90766.8,90766.8,90720.8,90720.9,1.95702316,228
1768139100,90720.9,90759.1,90713.2,90750.9,2.58648686,228
1768140000,90750.9,90820.2,90750.8,90820.2,54.07715783,335
1768140900,90820.2,90860.6,90820.2,90860.6,18.12354936,292
1768141800,90860.6,90949.5,90855.3,90890.8,10.55569832,448
1768142700,90890.9,91040.8,90875.8,91015.9,7.71051482,396
1768143600,91015.9,91015.9,90760.8,90760.8,18.07607986,541
1768144500,90760.9,90864.6,90760.8,90845.8,1.81919304,286
1768145400,90845.7,90895.8,90690.9,90705.9,4.93352216,415
1768146300,90705.9,90751.8,90507.7,90749.8,39.14956315,624
1768147200,90749.8,90848.0,90749.8,90765.9,4.64940919,444
1768148100,90765.9,90925.8,90762.2,90917.6,11.924476460000001,373
1768149000,90917.5,91132.3,90900.7,91003.3,11.42318408,671
1768149900,91003.2,91003.3,90836.8,90914.1,2.43409684,395
1768150800,90914.1,91003.3,90910.8,90955.8,6.491102720000001,458
1768151700,90955.9,90955.9,90805.9,90916.9,1.97652227,385
1768152600,90916.9,90916.9,90795.8,90835.8,2.95351184,349
1768153500,90835.8,90866.9,90835.8,90854.4,3.8811445,254
1768154400,90854.4,90854.4,90766.1,90770.8,3.86228765,348
1768155300,90770.8,90786.9,90762.8,90770.8,1.80633739,289
1768156200,90770.8,90789.0,90670.8,90721.3,4.47790991,341
1768157100,90721.4,90795.5,90721.3,90755.8,2.30677385,311
1768158000,90755.8,90775.8,90726.8,90775.8,0.5584283,289
1768158900,90775.8,90783.7,90733.5,90760.8,3.08637979,318
1768159800,90760.9,90760.9,90655.8,90655.9,4.84823804,290
1768160700,90655.9,90655.9,90530.8,90576.0,6.49444208,414
1768161600,90570.9,90570.9,90300.0,90430.9,13.14454404,751
1768162500,90431.0,90448.5,90300.0,90408.5,9.118439,551
1768163400,90408.4,90513.7,90345.2,90460.1,2.25355275,345
1768164300,90460.1,90593.8,90460.1,90577.1,3.99318815,328
1768165200,90577.1,90577.1,90469.1,90530.0,4.94554792,389
1768166100,90530.0,90630.6,90512.3,90517.9,3.4434905700000003,450
1768167000,90517.9,90576.0,90517.8,90560.5,3.80449715,381
1768167900,90560.5,90691.2,90560.4,90611.3,5.0133569,432
1768168800,90611.3,90611.3,90328.0,90448.7,3.2753958499999998,460
1768169700,90448.7,90585.6,90424.9,90553.7,3.67884751,292
1768170600,90553.7,90602.6,90500.4,90567.8,2.14897848,323
1768171500,90567.9,90567.9,90413.4,90413.4,5.1333831,395
1768172400,90413.4,90567.1,90100.0,90567.0,23.25843772,992
1768173300,90567.1,90886.9,90567.0,90605.1,15.49643212,726
1768174200,90605.1,90782.9,90564.4,90782.8,3.91780688,419
1768175100,90782.8,90849.8,90728.8,90849.8,4.09804135,404
1768176000,90861.1,90903.0,90658.5,90790.5,14.38404754,644
1768176900,90790.6,91066.6,90758.7,91017.5,21.17453598,732
1768177800,91017.5,91053.6,90682.7,90689.7,6.77838017,585
1768178700,90689.7,91099.5,90573.3,91099.5,7.78756,699
1768179600,91099.5,91658.7,91093.0,91405.4,69.76152556,1534
1768180500,91405.4,91417.5,91254.9,91363.6,46.18153237,705
1768181400,91363.5,91372.9,90964.0,91241.9,17.15192916,780
1768182300,91241.9,91376.4,91241.9,91280.1,6.01908472,460
1768183200,91280.1,91564.0,91259.4,91564.0,14.07494031,609
1768184100,91564.0,91817.5,91500.5,91661.7,16.71990275,701
1768185000,91661.6,91865.7,91600.0,91813.4,13.24249049,537
1768185900,91813.5,92243.5,91813.4,92095.6,66.58370745,1366
1768186800,92095.6,92326.1,91994.9,92291.0,35.93731987,868
1768187700,92290.9,92364.1,92231.2,92260.8,16.06097601,669
1768188600,92260.8,92308.9,91834.1,91865.4,19.98964446,875
1768189500,91865.3,91872.4,91674.3,91674.4,10.56965175,440
1768190400,91674.4,91964.1,91629.4,91964.1,6.93863099,400
1768191300,91964.1,91969.9,91905.8,91905.8,2.28528333,333
1768192200,91905.9,92083.4,91900.3,92057.0,3.671918,319
1768193100,92056.9,92149.6,92025.3,92036.3,8.24494451,395
1768194000,92036.4,92098.8,91920.9,92024.0,9.43160773,506
1768194900,92024.0,92121.2,91995.8,92112.6,2.37203937,303
1768195800,92112.5,92124.6,91978.8,91978.9,3.80277392,298
1768196700,91978.8,91989.6,91958.8,91970.3,6.61488081,297
1768197600,91970.4,92053.1,91920.0,92050.1,45.16453743,509
1768198500,92050.1,92050.2,91822.6,91822.7,19.08274796,297
1768199400,91822.7,91828.4,91682.7,91796.5,7.4508325,334
1768200300,91795.0,91795.1,91699.1,91699.2,3.90377027,307
1768201200,91699.2,91811.5,91650.0,91704.4,3.77515394,350
1768202100,91704.4,91774.1,91636.5,91743.5,3.66351652,234
1768203000,91743.5,91743.5,91421.1,91431.0,18.94573823,539
1768203900,91431.0,91431.0,91285.5,91296.1,4.28699631,450
1768204800,91296.0,91500.1,91188.7,91451.1,210.79729617,837
1768205700,91451.0,91462.6,91355.9,91360.6,3.71461615,255
1768206600,91360.6,91360.6,90401.0,90436.9,108.69380241,1493
1768207500,90436.9,90700.1,90275.1,90628.5,32.334187560000004,995
1768208400,90628.6,90715.8,90545.6,90696.6,9.99889242,540
1768209300,90696.6,90781.4,90654.1,90688.2,5.21963747,392
1768210200,90688.2,90805.1,90640.7,90698.3,33.67997495,463
1768211100,90698.3,90754.3,90557.9,90558.0,2.34020715,366
1768212000,90558.0,90655.6,90469.2,90570.4,11.73245445,434
1768212900,90570.5,90573.2,90414.8,90421.1,7.76137651,350
1768213800,90421.1,90488.5,90400.0,90402.1,8.7808416,358
1768214700,90402.1,90402.2,90250.9,90308.7,58.66739377,560
1768215600,90308.7,90500.0,90300.0,90488.2,29.64695875,475
1768216500,90468.3,90679.4,90442.2,90579.4,20.58211468,419
1768217400,90579.5,90612.6,90440.6,90474.5,9.77506309,335
1768218300,90474.6,90565.1,90474.5,90520.4,1.61057742,294
1768219200,90518.6,90621.0,90480.9,90621.0,41.10392301,507
1768220100,90620.9,90732.0,90620.9,90660.5,8.01038119,377
1768221000,90660.6,90675.6,90580.0,90603.0,2.78308001,295
1768221900,90603.1,90689.3,90603.0,90659.4,1.26371915,311
1768222800,90659.4,90689.3,90424.8,90427.6,16.56753765,524
1768223700,90427.6,90606.1,90427.6,90578.5,42.03857642,626
1768224600,90578.5,90676.4,90502.5,90526.5,34.13840206,457
1768225500,90526.6,90577.9,90456.4,90500.0,26.88819347,525
1768226400,90500.0,90535.7,90475.1,90526.7,16.36440185,499
1768227300,90526.7,90552.5,89995.2,90171.4,52.15594634,1429
1768228200,90169.9,90902.5,90090.0,90681.2,72.66380137,1677
1768229100,90681.3,90997.2,90467.2,90808.4,28.3355664,1090
1768230000,90808.5,90836.0,90621.7,90792.1,20.634434680000002,978
1768230900,90809.2,91290.0,90799.1,91218.3,86.61812467,1291
1768231800,91218.3,91480.2,91148.9,91439.2,25.36511851,1100
1768232700,91439.2,91565.4,91292.1,91565.4,20.50133223,900
1768233600,91565.4,91772.4,91561.1,91705.9,23.43233055,1001
1768234500,91705.9,92132.9,91505.0,92122.6,47.50746906,1249
1768235400,92122.5,92217.6,91905.1,92071.6,41.27827169,1086
1768236300,92071.6,92173.0,91938.5,92052.1,13.88497763,793
1768237200,92052.1,92234.4,91801.0,91897.2,31.36841805,877
1768238100,91897.1,92017.3,91580.7,91637.6,43.64724013,751
1768239000,91637.6,91712.0,90957.5,91277.3,78.31810039,1376
1768239900,91277.2,91469.5,91237.6,91422.4,11.49941197,788
1768240800,91422.5,91741.3,91337.2,91624.5,11.50454119,790
1768241700,91624.5,91860.3,91624.5,91836.3,36.67720053,658
1768242600,91836.3,91836.3,91411.6,91599.4,60.55879991,955
1768243500,91599.3,91683.2,91577.9,91626.2,12.37001525,530
1768244400,91626.2,91666.0,91358.3,91579.2,16.97029654,755
1768245300,91579.2,91763.3,91579.2,91741.0,29.57066059,565
1768246200,91740.9,91791.0,91689.0,91731.5,14.81696406,546
1768247100,91731.5,91790.1,91630.9,91781.5,62.96946077,776
1768248000,91779.2,91960.2,91760.0,91788.7,14.6492386,620
1768248900,91788.7,91788.7,91615.6,91668.3,6.7481463999999995,518
1768249800,91668.3,91668.3,91371.1,91392.8,24.01514636,599
1768250700,91392.9,91425.3,91341.9,91400.1,14.8324994,530
1768251600,91406.0,91406.0,91132.2,91387.9,15.55756186,758
1768252500,91387.9,91420.7,91251.3,91256.7,10.53645058,486
1768253400,91256.7,91300.6,91212.8,91213.6,7.4396672,398
1768254300,91213.5,91213.6,90849.4,90964.9,27.73819807,752
1768255200,90964.9,91351.4,90964.9,91327.5,16.07436418,575
1768256100,91327.4,91327.5,91160.3,91199.3,1.19948059,321
1768257000,91199.3,91290.8,91123.5,91252.8,7.88249341,388
1768257900,91252.8,91252.8,91124.4,91152.0,1.38281893,335
1768258800,91152.0,91182.8,90969.1,91061.8,8.36445511,454
1768259700,91061.8,91185.3,91056.7,91185.2,1.81495594,306
1768260600,91185.2,91216.1,91086.5,91161.1,2.82073249,396
1768261500,91161.0,91196.0,91121.5,91190.9,3.96035864,305
1768262400,91191.0,91291.6,91162.7,91242.3,3.45283018,344
1768263300,91234.3,91406.1,91211.9,91352.2,46.34743685,532
1768264200,91352.2,91437.0,91160.3,91197.1,16.14307903,530
1768265100,91197.1,91394.0,91197.1,91394.0,13.98003518,395
1768266000,91394.0,91424.3,91291.5,91352.0,4.20515767,372
1768266900,91373.8,91373.8,91202.3,91213.9,4.05196246,381
1768267800,91213.9,91234.9,90938.2,90991.0,3.00539332,488
1768268700,90991.1,91087.6,90991.1,91078.0,2.79621858,297
1768269600,91078.0,91267.9,91078.0,91176.3,28.92431213,559
1768270500,91176.2,91198.3,91143.0,91172.6,1.36322513,297
1768271400,91172.6,91191.3,91026.1,91026.2,11.43814721,300
1768272300,91026.2,91131.1,91020.3,91020.3,3.4977357600000003,257
1768273200,91020.4,91173.6,91014.9,91163.5,6.07337186,333
1768274100,91163.5,91339.1,91163.4,91274.3,2.92485771,332
1768275000,91274.3,91300.7,91216.1,91225.6,2.60437642,310
1768275900,91225.6,91295.3,91187.8,91295.3,2.46201431,225
1768276800,91295.3,91362.9,91283.4,91362.9,2.48088915,294
1768277700,91362.9,91503.4,91297.2,91378.9,24.39375766,538
1768278600,91378.9,91378.9,91254.7,91254.8,1.9811471600000001,248
1768279500,91254.8,91416.8,91239.7,91400.5,1.93175001,299
1768280400,91400.5,91623.8,91379.6,91623.7,6.32123114,390
1768281300,91623.8,92140.6,91598.7,91994.9,24.4730294,859
1768282200,91994.8,91994.9,91760.8,91808.8,4.83097989,547
1768283100,91808.8,91992.9,91808.7,91808.8,2.01731266,307
1768284000,91808.8,91969.1,91712.2,91811.3,14.55473833,492
1768284900,91811.3,91917.4,91783.2,91784.5,4.92447186,343
1768285800,91784.6,92010.0,91784.5,91888.9,6.23717385,425
1768286700,91888.9,92143.9,91888.9,92092.0,7.52857683,428
1768287600,92092.0,92092.0,91927.6,91927.8,4.55064829,372
1768288500,91927.8,91964.1,91807.8,91922.6,2.12918443,311
1768289400,91922.5,91922.6,91837.9,91837.9,14.0429886,391
1768290300,91837.9,91846.5,91807.8,91846.4,2.83930907,319
1768291200,91846.5,91915.4,91836.2,91882.4,2.0841641799999997,297
1768292100,91882.4,91969.7,91860.2,91860.3,1.42746809,375
1768293000,91860.3,92081.0,91860.3,92031.4,3.0461393,395
1768293900,92031.3,92148.8,92031.3,92067.7,10.51189663,312
1768294800,92067.8,92320.0,92067.7,92320.0,30.34975211,620
1768295700,92319.9,92581.1,92245.8,92440.7,57.802795429999996,1117
1768296600,92440.8,92450.6,91873.0,92029.9,15.47709711,738
1768297500,92029.9,92213.8,92029.8,92158.2,4.20832436,433
1768298400,92158.3,92243.7,92109.5,92156.6,3.61173554,482
1768299300,92156.6,92156.6,92059.7,92151.8,2.55018179,343
1768300200,92151.8,92184.0,91956.8,91956.9,4.35802586,273
1768301100,91957.0,92040.8,91890.1,92040.8,25.86574861,424
1768302000,92040.8,92152.5,91951.9,92112.9,13.81083693,558
1768302900,92112.8,92125.0,92020.7,92100.7,2.59233802,311
1768303800,92100.8,92100.8,91977.0,91977.1,3.88535226,396
1768304700,91977.1,91977.1,91870.1,91891.9,3.67288055,323
1768305600,91891.9,91947.3,91834.8,91843.1,5.05457366,441
1768306500,91843.2,92020.5,91843.1,91988.0,4.11994213,402
1768307400,91988.0,92041.9,91973.4,92041.7,2.46048868,290
1768308300,92041.7,92041.8,91971.6,92006.1,2.28916577,256
1768309200,92006.2,92006.5,91899.1,91916.8,8.8032712,384
1768310100,91916.9,92015.6,91893.4,92015.6,10.22768277,391
1768311000,92015.6,92500.0,91962.3,92105.7,113.75020803,1851
1768311900,92105.8,92161.8,91976.8,91976.9,21.8517987,623
1768312800,91976.9,91976.9,91650.0,91866.7,28.39874893,854
1768313700,91866.7,92320.7,91866.6,92320.7,8.80128605,654
1768314600,92321.0,92816.0,92233.7,92595.6,59.01729069,1779
1768315500,92595.6,92671.8,92290.5,92403.8,24.47771264,1338
1768316400,92398.9,92586.8,92055.6,92508.1,111.48820965,1370
1768317300,92508.1,92508.2,92152.2,92322.0,17.5505251,949
1768318200,92322.0,93062.7,92286.1,92857.7,46.11253177,1544
1768319100,92857.7,93386.4,92757.3,93386.4,54.19064249,1555
1768320000,93386.5,93640.5,93253.5,93253.5,123.88388807,1804
1768320900,93253.5,93414.7,93055.0,93129.7,114.24732367,1358
1768321800,93129.6,93604.0,93095.8,93511.0,43.89751793,1168
1768322700,93511.0,93716.2,93353.4,93353.4,41.99530291,986
1768323600,93353.5,93448.4,93229.5,93286.4,30.38486563,837
1768324500,93286.5,93415.5,93048.8,93367.4,24.82611991,751
1768325400,93367.5,93417.7,93131.5,93329.1,20.44609093,771
1768326300,93329.0,93416.1,93200.0,93200.0,20.40091312,696
1768327200,93200.1,93611.9,93168.6,93521.9,15.91000257,834
1768328100,93521.8,93682.4,93505.8,93521.4,15.18862689,769
1768329000,93521.4,93697.3,93502.4,93598.1,19.37745972,707
1768329900,93598.0,93818.0,93459.6,93599.6,17.30678263,917
1768330800,93599.7,93623.3,93451.8,93506.2,12.45610749,621
1768331700,93506.1,93822.9,93473.5,93812.2,195.34558419,1062
1768332600,93812.1,94076.2,93775.1,93997.4,106.03191294999999,1500
1768333500,93995.3,94200.0,93995.2,94200.0,28.530668379999998,855
1768334400,94200.0,94410.4,94156.2,94350.0,38.46742397,1428
1768335300,94350.0,94487.7,94258.0,94316.1,41.27240122,1247
1768336200,94316.0,94347.5,94100.1,94274.2,54.48563813,1223
1768337100,94277.4,94449.0,94208.0,94433.0,20.12803401,941
1768338000,94394.6,94480.0,94352.9,94393.1,13.41969974,690
1768338900,94393.1,94500.0,94304.0,94304.0,20.62722281,829
1768339800,94304.0,94349.0,94134.1,94134.1,38.84411183,625
1768340700,94134.1,94159.8,94053.1,94069.4,20.62286529,530
1768341600,94069.4,96476.1,94069.3,95561.2,353.7854537,5183
1768342500,95611.9,95650.8,95029.7,95291.9,38.2464386,2200
1768343400,95292.0,95597.0,95106.2,95547.7,43.5560987,1401
1768344300,95547.7,96000.0,95502.4,95656.1,51.44428201,1407
1768345200,95704.2,96046.3,95642.2,95680.1,52.77331155,1388
1768346100,95680.1,95680.1,95311.3,95331.6,23.5976186,919
1768347000,95331.5,95367.3,95075.5,95159.0,46.84995937,1010
1768347900,95159.0,95409.4,95042.6,95358.1,46.73086294,916
1768348800,95358.2,95599.0,95332.4,95477.4,29.13239689,1229
1768349700,95477.4,95558.6,95417.3,95432.4,20.11262301,609
1768350600,95432.4,95432.4,95140.0,95240.5,10.125990739999999,557
1768351500,95240.5,95289.8,95132.7,95207.5,55.39176906,838
1768352400,95192.7,95446.3,95106.0,95425.0,41.75980704,933
1768353300,95425.0,95519.3,95350.6,95422.2,38.35784487,595
1768354200,95422.1,95480.2,95129.4,95215.3,10.83017695,680
1768355100,95215.3,95280.0,95073.1,95202.5,8.29345719,543
1768356000,95202.5,95475.4,95154.2,95449.3,8.89108887,669
1768356900,95449.3,95499.9,95329.2,95474.6,13.01280185,514
1768357800,95474.6,95474.6,95313.9,95435.0,5.99090711,523
1768358700,95441.5,95471.8,95210.3,95282.1,6.50030942,647
1768359600,95282.2,95439.0,95235.4,95377.4,7.5226703,472
1768360500,95377.4,95440.4,95348.7,95348.8,7.84862625,373
1768361400,95348.8,95540.1,95348.0,95492.3,14.67105779,491
1768362300,95492.3,95650.3,95474.8,95650.3,22.208533,412
1768363200,95651.0,95727.8,95354.1,95380.6,23.685569010000002,746
1768364100,95380.6,95481.6,95380.5,95461.0,2.59158964,363
1768365000,95422.8,95422.8,95250.0,95250.1,2.85003785,362
1768365900,95250.1,95282.2,95172.7,95185.2,6.80567858,369
1768366800,95185.2,95193.8,95060.6,95187.3,8.40012249,489
1768367700,95187.3,95219.8,94938.6,94979.2,41.8894944,707
1768368600,94993.4,95179.6,94962.9,94968.8,15.39428215,545
1768369500,94985.6,95087.5,94969.1,94977.9,2.07623158,326
1768370400,94977.9,94977.9,94660.0,94816.0,148.63020099,1350
1768371300,94816.0,94841.5,94651.5,94675.2,22.6677444,512
1768372200,94675.2,94849.9,94509.0,94845.3,13.76634689,626
1768373100,94845.4,94993.0,94845.4,94992.3,2.47098752,450
1768374000,94992.3,95086.8,94900.0,95007.6,4.40028114,473
1768374900,95007.6,95143.8,94900.0,94900.1,7.09326443,440
1768375800,94900.1,95003.0,94833.4,95000.1,16.05823702,430
1768376700,95000.1,95184.3,95000.0,95172.6,16.95932425,369
1768377600,95172.6,95269.0,95140.2,95223.7,14.58792431,467
1768378500,95223.7,95231.9,95152.5,95152.5,12.22942507,309
1768379400,95152.5,95152.5,94880.8,94914.1,16.37985131,439
1768380300,94911.4,94930.0,94856.8,94856.9,10.84463925,291
1768381200,94856.9,95079.6,94856.8,95044.4,3.33170023,390
1768382100,95039.3,95127.8,95016.7,95016.8,6.41295299,330
1768383000,95016.8,95083.2,94959.3,94959.4,13.72759951,367
1768383900,94959.4,95049.7,94927.4,95049.6,4.13055364,280
1768384800,95049.7,95111.5,95036.0,95111.4,3.36110199,314
1768385700,95111.4,95246.0,94863.2,94971.7,7.5161434,477
1768386600,94984.0,95132.4,94898.7,95059.4,2.93313375,521
1768387500,95059.5,95144.8,95050.0,95051.5,303.47386638,910
1768388400,95051.5,95051.5,94831.5,94890.1,7.77871432,437
1768389300,94890.0,94939.2,94757.0,94928.3,6.4618821099999995,465
1768390200,94928.4,94931.7,94873.9,94874.4,7.68229698,374
1768391100,94874.5,94874.5,94704.5,94729.5,19.84172987,483
1768392000,94729.5,94966.9,94623.1,94966.9,11.73017438,568
1768392900,94966.9,95066.7,94946.0,95034.1,6.37495404,337
1768393800,95034.1,95100.0,95000.1,95022.5,7.43679126,421
1768394700,95022.6,95030.5,95012.5,95030.4,1.43394288,249
1768395600,95030.5,95030.5,94894.2,94914.9,14.75251344,591
1768396500,94914.9,95190.0,94914.8,95148.0,18.84123653,709
1768397400,95149.7,95159.8,95020.3,95050.1,3.15550341,579
1768398300,95050.1,95050.1,94866.3,94955.8,16.48049183,533
1768399200,94955.8,95480.4,94955.7,95455.3,23.9973198,902
1768400100,95455.3,95764.4,95406.5,95614.4,54.45629294,1093
1768401000,95601.4,95980.0,95307.8,95832.2,112.82362379,1631
1768401900,95832.2,96800.0,95827.2,96484.3,136.68721749,2925
1768402800,96484.4,97071.3,96196.2,96953.7,86.31653523,2436
1768403700,96953.7,97000.0,96730.5,96730.6,179.81626937,1907
1768404600,96758.2,96938.6,96361.7,96417.1,56.421237919999996,1403
1768405500,96417.1,96832.3,96304.0,96747.8,31.47821637,1259
1768406400,96747.9,97451.1,96742.7,97361.4,124.27864146,1854
1768407300,97361.4,97450.0,97119.5,97258.0,67.96457683,1391
1768408200,97258.0,97549.4,97002.5,97534.2,67.80115842,1280
1768409100,97534.1,97680.0,97146.1,97299.9,53.78537225,1528
1768410000,97300.0,97735.8,97211.7,97681.8,36.78514011,1233
1768410900,97681.7,97789.9,97575.5,97575.6,51.90998973,1222
1768411800,97575.6,97575.6,96665.4,97164.4,184.36260827,1773
1768412700,97164.4,97429.4,96909.7,96963.6,54.57493169,1117
1768413600,96963.6,97105.5,96703.4,96789.7,22.93888062,1040
1768414500,96789.6,97043.1,96621.0,97043.1,28.78055876,829
1768415400,97043.0,97100.0,96332.0,96405.5,49.324471439999996,1207
1768416300,96404.3,96889.3,96271.9,96805.3,24.9382191,999
1768417200,96805.3,96969.0,96693.4,96969.0,26.25287701,799
1768418100,96969.0,97571.8,96968.9,97553.5,77.0915053,1257
1768419000,97553.6,97630.3,97120.6,97364.8,41.32654735,973
1768419900,97364.7,97489.0,97217.5,97242.8,12.45939454,684
1768420800,97242.9,97899.7,97217.5,97645.2,56.77469419,1366
1768421700,97643.8,97643.8,97302.9,97338.2,13.778692829999999,853
1768422600,97338.2,97773.6,97338.2,97571.5,245.91227712,1223
1768423500,97571.4,97691.0,97411.4,97670.9,12.60724565,893
1768424400,97671.0,97671.0,97445.8,97516.9,19.93188869,721
1768425300,97516.8,97614.9,97471.0,97595.1,17.67764195,626
1768426200,97595.1,97720.1,97516.4,97516.4,30.92451272,672
1768427100,97516.4,97610.0,97376.6,97546.2,7.74678223,609
1768428000,97546.3,97567.0,97305.7,97346.7,12.8067231,724
1768428900,97346.7,97479.8,97341.4,97341.5,82.30959168,1196
1768429800,97341.5,97360.1,96881.3,97016.3,40.66636624,1074
1768430700,97016.5,97285.9,96808.5,96904.4,21.43117824,839
1768431600,96904.5,97256.2,96904.4,97256.2,9.647616730000001,567
1768432500,97256.2,97359.0,96986.5,96986.5,6.17810325,494
1768433400,96985.3,97103.5,96896.6,97046.0,10.42904783,480
1768434300,97036.4,97084.1,96933.3,96933.3,6.28241708,484
1768435200,96933.4,96958.6,96785.8,96958.6,12.23257141,740
1768436100,96958.6,96983.6,96686.0,96700.0,9.96732105,505
1768437000,96710.7,96727.0,96500.0,96595.4,8.97830478,602
1768437900,96595.5,96652.5,96500.0,96624.7,6.5023558,576
1768438800,96624.8,96950.1,96624.8,96780.6,5.51345634,689
1768439700,96771.1,96771.1,96356.1,96383.3,14.22323913,681
1768440600,96377.3,96569.6,96311.6,96475.7,7.94211603,578
1768441500,96475.7,96532.0,96386.7,96437.7,6.66447166,456
1768442400,96437.8,96570.1,96390.0,96390.0,2.48437305,474
1768443300,96390.1,96565.3,96390.0,96500.0,4.3103450500000005,351
1768444200,96500.0,96565.2,96050.0,96299.3,35.81161273,922
1768445100,96299.3,96307.7,96148.5,96299.9,11.94474984,425
1768446000,96300.0,96348.1,96185.9,96251.0,6.59956954,458
1768446900,96251.0,96352.7,95893.1,95893.2,68.8299167,930
1768447800,95893.1,96061.6,95742.2,95900.3,27.445534209999998,1104
1768448700,95878.2,95979.1,95797.7,95937.9,5.9118138700000005,420
1768449600,95937.9,96071.6,95927.1,96043.8,10.6909852,478
1768450500,96043.8,96334.9,96000.0,96197.5,7.57041063,398
1768451400,96197.5,96257.6,96141.5,96200.1,5.5634606799999995,449
1768452300,96200.1,96257.6,96152.8,96257.6,6.78424741,361
1768453200,96260.4,96442.7,96252.1,96252.1,7.55172058,495
1768454100,96252.0,96360.4,96236.2,96236.2,3.74062637,281
1768455000,96236.3,96403.4,96213.7,96403.4,3.5034918,475
1768455900,96403.3,96468.8,96380.6,96396.7,3.10211143,361
1768456800,96396.9,96477.4,96376.8,96408.9,5.70162616,386
1768457700,96402.3,96517.6,96381.7,96476.0,7.8686663,426
1768458600,96476.0,96476.0,96170.6,96175.6,8.9438094,482
1768459500,96175.5,96317.0,96150.0,96226.9,4.68586188,382
1768460400,96227.0,96294.4,96188.6,96194.8,1.31246566,353
1768461300,96194.8,96457.8,96194.8,96449.9,8.39851722,304
1768462200,96449.9,96719.0,96449.9,96593.5,8.09922778,532
1768463100,96593.4,96647.3,96520.7,96566.3,4.1810276,253
1768464000,96575.0,96575.0,96443.2,96449.3,9.65684023,363
1768464900,96484.8,96549.9,96352.8,96352.8,3.14595485,381
1768465800,96352.8,96422.8,96352.7,96422.8,6.52572127,166
1768466700,96422.8,96626.4,96421.0,96625.2,3.50367883,307
1768467600,96625.2,96652.3,96569.3,96594.5,32.10618952,382
1768468500,96594.4,96777.0,96555.7,96777.0,12.03427127,316
1768469400,96777.0,97069.5,96694.6,97069.5,15.53594351,484
1768470300,97069.6,97151.1,96984.1,97030.6,16.71654301,419
1768471200,97030.7,97030.7,96834.6,96834.8,12.826270919999999,367
1768472100,96834.8,96903.4,96771.0,96782.8,3.2825433200000003,348
1768473000,96782.8,96817.2,96702.9,96733.3,20.36517278,310
1768473900,96733.2,96836.5,96733.2,96800.1,3.7602470699999997,267
1768474800,96800.1,96820.7,96699.2,96717.5,26.47089594,364
1768475700,96717.6,96822.3,96698.4,96822.3,0.98297455,217
1768476600,96822.4,96904.6,96641.8,96657.7,3.87903556,356
1768477500,96657.7,96691.7,96558.5,96569.8,2.4651859,302
1768478400,96569.8,96674.6,96503.9,96659.5,5.1550423,436
1768479300,96664.6,96670.1,96545.9,96628.0,1.09853361,327
1768480200,96628.0,96740.9,96582.7,96740.9,5.24877126,323
1768481100,96740.8,96987.4,96727.0,96962.1,6.08061412,393
1768482000,96962.2,96973.3,96826.8,96841.1,13.42250204,568
1768482900,96841.0,96955.3,96841.0,96912.4,17.14002451,416
1768483800,96912.4,96912.5,96613.5,96757.9,21.30298493,782
1768484700,96753.4,96991.2,96753.4,96822.3,6.52670612,678
1768485600,96822.3,97092.9,96822.2,97092.8,17.67877169,569
1768486500,97092.9,97092.9,96701.9,96754.8,10.10637936,607
1768487400,96754.8,96859.4,95797.8,95797.9,77.98094913,2089
1768488300,95797.9,96361.7,95575.0,96034.8,116.97521686,1903
1768489200,96034.8,96365.0,95877.2,96207.1,55.82310269,1248
1768490100,96207.1,96366.9,95800.0,95847.1,17.05588094,1088
1768491000,95847.1,96025.3,95572.7,95841.7,76.51803116,1618
1768491900,95841.7,96722.6,95418.4,96712.5,80.3899334,1941
1768492800,96712.4,96895.0,96253.4,96333.3,49.82653091,1317
1768493700,96333.2,96534.0,96311.2,96385.0,18.70445104,835
1768494600,96385.0,96824.1,96337.3,96758.0,8.39525741,786
1768495500,96758.0,96800.0,96551.1,96711.8,22.05032011,661
1768496400,96711.8,96799.9,96407.4,96455.1,30.26856759,719
1768497300,96455.0,96668.6,96405.0,96668.6,8.72759433,718
1768498200,96673.5,97022.9,96618.6,96907.3,13.23597305,851
1768499100,96907.2,96999.9,96550.0,96592.5,30.68028527,895
1768500000,96592.6,96592.6,96085.4,96205.0,27.03867407,1112
1768500900,96205.0,96226.2,95994.5,96145.0,41.43238151,763
1768501800,96145.0,96173.5,95729.2,95982.5,20.15692362,846
1768502700,95982.6,95997.3,95787.0,95801.8,31.39481088,698
1768503600,95801.9,95890.7,95567.2,95768.9,24.33822927,820
1768504500,95768.9,95860.6,95434.0,95476.9,95.41609945,932
1768505400,95476.9,95553.6,95153.1,95352.3,80.80230232,1321
1768506300,95352.4,95659.5,95352.3,95481.6,20.32373515,854
1768507200,95481.7,95621.7,95405.0,95513.7,33.53972467,772
1768508100,95513.7,95542.3,95137.1,95157.7,32.31922462,970
1768509000,95157.8,95341.5,95101.0,95237.7,25.46656448,1029
1768509900,95237.7,95290.8,95126.5,95175.9,45.50850128,1206
1768510800,95219.3,95428.4,95161.4,95301.7,13.13282325,589
1768511700,95301.7,95444.9,95301.6,95409.5,7.10485306,441
1768512600,95409.5,95485.9,95373.8,95480.0,16.19351803,363
1768513500,95480.1,95579.7,95480.1,95556.9,83.09455238,659
1768514400,95557.0,95681.9,95465.6,95537.8,3.58651182,436
1768515300,95540.5,95693.4,95466.3,95693.4,2.55769996,386
1768516200,95693.4,95819.8,95624.8,95642.1,13.36688068,481
1768517100,95642.1,95690.1,95525.3,95539.4,5.45419022,376
1768518000,95539.5,95595.5,95398.0,95573.7,18.96935897,499
1768518900,95573.6,95677.9,95544.9,95562.6,3.77368759,355
1768519800,95549.5,95549.5,95463.7,95489.6,1.21206432,301
1768520700,95489.6,95607.4,95489.5,95559.4,7.8172404900000005,391
1768521600,95559.5,95708.1,95544.6,95637.8,12.48739286,544
1768522500,95637.9,95731.1,95600.4,95660.4,4.11657251,444
1768523400,95660.4,95778.0,95643.9,95777.9,68.66666106,531
1768524300,95778.0,95780.2,95574.0,95584.9,45.77284463,504
1768525200,95584.9,95605.0,95417.0,95429.6,1.9073132,344
1768526100,95429.6,95622.5,95429.6,95622.5,4.73925777,373
1768527000,95637.0,95797.2,95621.3,95621.3,5.0318336,362
1768527900,95621.4,95722.9,95621.3,95629.8,4.0447948,291
1768528800,95629.8,95629.8,95423.1,95435.1,2.86348758,338
1768529700,95435.1,95645.0,95380.0,95645.0,6.08685032,470
1768530600,95644.9,95645.0,95282.5,95435.5,121.03630976,926
1768531500,95435.5,95498.8,95435.5,95460.0,3.51313236,248
1768532400,95460.1,95537.9,95460.1,95537.9,5.02544494,329
1768533300,95537.8,95537.9,95460.0,95475.1,0.6915931,281
1768534200,95475.2,95475.2,95378.5,95410.0,1.52577453,339
1768535100,95410.0,95410.0,95299.7,95311.4,6.87901067,320
1768536000,95311.4,95390.0,95300.2,95390.0,3.71286895,320
1768536900,95390.0,95536.7,95369.1,95369.1,3.63260238,287
1768537800,95369.2,95400.6,95178.2,95187.2,9.9438893,445
1768538700,95187.2,95227.0,95121.0,95216.3,3.1521645,339
1768539600,95216.4,95383.2,95216.3,95373.0,29.54449851,417
1768540500,95373.0,95379.0,95250.0,95263.7,9.86882259,333
1768541400,95263.6,95596.1,95263.6,95554.8,2.95037794,460
1768542300,95554.7,95634.0,95546.3,95609.3,11.00168682,410
1768543200,95609.3,95759.0,95546.4,95551.9,12.05855379,470
1768544100,95551.8,95630.8,95500.0,95613.5,6.59650952,318
1768545000,95613.4,95675.9,95600.0,95662.9,1.99546654,229
1768545900,95662.9,95719.3,95653.3,95713.5,5.85626243,226
1768546800,95713.5,95746.3,95686.3,95686.3,3.98300728,249
1768547700,95667.2,95667.3,95543.1,95543.2,3.36592042,227
1768548600,95543.1,95543.2,95458.0,95458.1,1.05187721,211
1768549500,95458.0,95632.7,95458.0,95632.6,1.56761204,196
1768550400,95632.7,95673.9,95565.4,95673.7,7.59759824,454
1768551300,95673.7,95792.0,95645.1,95753.9,6.65017466,353
1768552200,95753.9,95800.0,95645.1,95760.9,0.8921388499999999,283
1768553100,95760.9,95760.9,95638.3,95638.3,1.69321163,274
1768554000,95638.4,95721.0,95630.3,95661.1,3.71362936,274
1768554900,95661.0,95676.5,95565.4,95676.5,7.63887231,200
1768555800,95677.7,95677.7,95612.8,95639.0,1.72019745,278
1768556700,95638.9,95638.9,95567.4,95581.4,0.27295921,168
1768557600,95581.4,95589.3,95464.2,95530.5,1.30392626,269
1768558500,95530.5,95530.5,95388.1,95398.3,17.50238877,317
1768559400,95398.2,95398.2,95285.5,95324.0,9.09086471,300
1768560300,95323.9,95382.7,95270.7,95274.1,66.16454743,407
1768561200,95274.1,95341.7,95232.0,95284.2,10.85422926,298
1768562100,95284.1,95342.3,95218.8,95304.7,8.17354927,287
1768563000,95304.7,95344.9,95274.6,95301.0,6.3800826299999995,231
1768563900,95300.0,95470.7,95289.8,95396.0,75.39023624000001,505
1768564800,95396.0,95448.6,95395.9,95419.6,13.17599236,405
1768565700,95419.5,95532.7,95419.5,95532.7,3.81066663,379
1768566600,95532.7,95532.7,95419.4,95483.3,2.69750611,281
1768567500,95483.2,95483.3,95336.9,95417.8,3.76912558,356
1768568400,95417.8,95490.6,95358.9,95490.5,8.8721419,466
1768569300,95490.5,95512.0,95463.3,95511.9,4.42187611,311
1768570200,95511.9,95524.3,95251.0,95401.2,9.52704434,429
1768571100,95401.2,95446.0,95377.4,95406.7,11.29117459,424
1768572000,95403.6,95499.9,95403.5,95415.8,6.77379204,523
1768572900,95415.9,95659.4,95328.4,95659.4,15.32593942,497
1768573800,95659.4,95774.7,95200.9,95201.0,58.91095208,1311
1768574700,95201.0,95436.7,95138.5,95138.6,22.40693488,824
1768575600,95138.6,95611.6,95000.0,95536.7,22.9535399,1287
1768576500,95536.7,95544.4,94665.5,94665.6,91.87427969,1884
1768577400,94665.6,94759.6,94354.6,94488.1,77.07896483,1901
1768578300,94488.2,94615.2,94260.4,94550.0,28.86225507,1402
1768579200,94550.1,94829.0,94467.1,94710.6,21.02765927,1090
1768580100,94746.9,94901.6,94569.8,94829.8,8.07205962,745
1768581000,94829.8,94913.9,94651.7,94878.4,6.13032922,634
1768581900,94878.3,94959.5,94764.7,94847.8,38.51876976,652
1768582800,94847.8,94847.8,94612.2,94737.5,4.92999143,657
1768583700,94737.6,94856.7,94518.1,94712.6,7.16362754,671
1768584600,94712.7,94859.0,94712.6,94858.8,4.3757858999999995,520
1768585500,94858.9,95081.6,94750.5,95081.5,6.43830289,688
1768586400,95039.1,95155.2,95020.9,95020.9,19.15612052,859
1768587300,95021.0,95179.9,94989.7,95175.3,12.14460478,641
1768588200,95175.3,95175.3,95060.1,95087.7,5.88193977,708
1768589100,95087.8,95145.8,94935.9,94971.5,8.16504602,706
1768590000,94971.5,94983.1,94895.7,94958.4,3.49908956,815
1768590900,94958.4,94958.4,94800.4,94801.9,4.26345167,608
1768591800,94801.8,95010.1,94801.8,94898.4,11.80440138,620
1768592700,94898.3,94990.8,94898.3,94961.8,7.90832327,482
1768593600,94961.8,94961.8,94640.1,94832.3,19.64076553,933
1768594500,94832.4,95103.1,94814.2,95084.8,10.5544655,669
1768595400,95084.7,95217.7,95043.7,95201.0,15.84968104,809
1768596300,95201.1,95527.9,95160.5,95527.9,44.58739634,1099
1768597200,95527.9,95546.8,95386.9,95387.7,26.5701264,812
1768598100,95387.6,95420.1,95315.6,95394.9,5.35916679,556
1768599000,95394.9,95517.9,95360.0,95513.5,7.21149661,533
1768599900,95513.5,95532.7,95415.8,95475.0,30.8294162,628
1768600800,95475.1,95500.0,95248.4,95328.3,23.88119623,742
1768601700,95328.4,95412.8,95302.3,95336.9,19.65859944,600
1768602600,95336.9,95366.2,95211.2,95324.8,17.89549024,472
1768603500,95357.8,95467.7,95279.7,95467.7,3.06749628,413
1768604400,95467.7,95484.1,95388.5,95484.1,5.4954381,506
1768605300,95484.1,95500.0,95433.2,95500.0,12.50357064,405
1768606200,95500.0,95500.0,95433.2,95433.2,3.62488629,421
1768607100,95433.3,95532.8,95433.3,95510.9,5.20823296,305
1768608000,95510.3,95540.1,95475.5,95487.7,2.73445947,413
1768608900,95487.7,95514.5,95443.0,95443.0,2.40708418,343
1768609800,95443.1,95462.4,95390.3,95462.3,7.01135063,389
1768610700,95425.8,95470.0,95412.8,95412.8,1.59068915,324
1768611600,95412.9,95487.8,95381.8,95402.7,13.18468027,413
1768612500,95402.8,95456.6,95402.7,95428.0,0.97355274,212
1768613400,95428.1,95439.9,95355.2,95362.8,3.03360038,405
1768614300,95362.8,95369.4,95352.3,95363.0,0.60704817,248
1768615200,95363.0,95363.0,95250.0,95250.0,2.6756359,273
1768616100,95250.1,95254.3,95214.1,95249.9,3.33471248,222
1768617000,95249.8,95304.0,95184.0,95269.2,6.20087147,352
1768617900,95269.2,95323.0,95250.2,95320.5,5.60051083,339
1768618800,95320.6,95320.6,95297.4,95297.4,2.74215468,228
1768619700,95297.4,95297.5,95258.2,95287.9,1.44621405,184
1768620600,95287.9,95287.9,95225.3,95270.0,0.60581276,189
1768621500,95272.8,95337.2,95239.8,95337.2,5.04819646,208
1768622400,95337.2,95337.2,95272.8,95272.8,2.47223687,210
1768623300,95272.9,95276.9,95224.5,95276.8,2.47102001,201
1768624200,95276.9,95295.6,95254.7,95295.6,1.43024394,162
1768625100,95298.3,95311.8,95258.2,95265.0,1.8983803399999999,185
1768626000,95265.0,95333.5,95264.9,95274.0,8.62183145,286
1768626900,95274.1,95296.5,95254.7,95294.4,1.91369503,191
1768627800,95294.3,95294.4,95243.2,95269.6,3.80025455,249
1768628700,95269.6,95269.6,95269.5,95269.6,0.24493178,135
1768629600,95269.6,95279.8,95154.4,95196.7,1.41572892,291
1768630500,95196.6,95196.7,95160.0,95186.6,0.8734697,160
1768631400,95186.7,95273.7,95185.1,95229.7,0.56377287,168
1768632300,95229.7,95229.7,95176.6,95193.5,0.54802131,177
1768633200,95193.6,95193.6,95054.7,95084.9,2.52712502,297
1768634100,95084.9,95133.3,95084.8,95133.2,0.54966653,189
1768635000,95133.2,95133.3,95109.8,95109.9,0.23828222,152
1768635900,95109.9,95109.9,95036.1,95053.0,2.38167659,198
1768636800,95053.0,95141.6,95002.6,95141.5,0.91839959,218
1768637700,95141.6,95191.3,95141.5,95191.3,0.33215487,161
1768638600,95191.3,95200.8,95171.1,95171.2,0.26844412,154
1768639500,95171.1,95200.0,95171.1,95200.0,0.65892001,143
1768640400,95200.0,95200.8,95199.9,95200.0,0.76316312,154
1768641300,95199.9,95200.0,95150.4,95193.1,1.18666472,154
1768642200,95193.1,95212.0,95165.5,95211.9,0.53442159,185
1768643100,95211.9,95241.6,95211.9,95223.5,2.2458537400000003,180
1768644000,95223.5,95223.5,95186.4,95206.1,0.77429638,237
1768644900,95206.1,95209.4,95206.1,95209.4,0.21083037999999998,136
1768645800,95209.3,95209.4,95133.4,95133.5,1.49453113,151
1768646700,95133.5,95133.5,95037.0,95075.0,20.87205234,319
1768647600,95075.1,95075.1,95045.9,95046.0,0.61412374,150
1768648500,95046.0,95220.1,95046.0,95220.1,2.64446458,255
1768649400,95220.1,95265.0,95220.1,95265.0,1.85616505,193
1768650300,95265.0,95266.8,95254.3,95254.4,0.50994848,132
1768651200,95254.4,95284.2,95254.4,95284.2,0.26004412,132
1768652100,95300.0,95333.4,95195.8,95221.2,2.05294133,220
1768653000,95221.2,95233.1,95221.1,95221.1,0.20552227,122
1768653900,95221.2,95221.2,95218.7,95218.8,0.6557168600000001,132
1768654800,95218.8,95218.8,95172.3,95208.0,4.30149556,238
1768655700,95208.0,95334.8,95207.9,95325.7,0.64872922,217
1768656600,95325.8,95381.0,95279.5,95380.9,7.7596556,278
1768657500,95380.9,95382.8,95364.6,95368.7,1.41535127,255
1768658400,95368.7,95368.7,95319.3,95362.5,0.75409355,273
1768659300,95362.5,95429.0,95362.4,95429.0,10.99842971,291
1768660200,95429.0,95509.6,95414.0,95414.1,12.60701089,363
1768661100,95414.1,95421.9,95405.0,95421.9,1.19656347,208
1768662000,95422.0,95600.0,95422.0,95453.3,8.11894647,439
1768662900,95453.3,95509.0,95401.0,95488.9,1.05130148,338
1768663800,95489.0,95525.1,95473.7,95525.1,3.1889483800000002,375
1768664700,95525.1,95538.2,95420.1,95538.2,5.99963667,371
1768665600,95538.2,95538.2,95449.4,95449.5,6.46429613,399
1768666500,95449.4,95449.5,95253.4,95427.9,13.94735309,500
1768667400,95431.2,95431.2,95279.2,95342.2,1.67687131,376
1768668300,95342.2,95342.2,95203.3,95280.9,6.01966443,410
1768669200,95280.9,95342.1,95250.0,95331.6,2.25380552,334
1768670100,95331.6,95342.5,95320.5,95342.4,3.00933372,244
1768671000,95342.5,95380.0,95342.4,95373.9,1.10520387,256
1768671900,95374.0,95374.0,95293.3,95293.4,1.10340058,238
1768672800,95293.4,95389.2,95293.4,95389.1,0.46725158,219
1768673700,95389.1,95424.9,95389.1,95417.1,3.69462067,228
1768674600,95417.2,95426.7,95410.0,95410.0,0.98959398,271
1768675500,95410.0,95410.1,95373.5,95373.6,0.8349590100000001,259
1768676400,95373.6,95373.6,95351.3,95351.4,0.54066771,278
1768677300,95351.4,95351.4,95300.7,95300.8,1.07114726,243
1768678200,95300.7,95326.4,95284.8,95284.9,6.01555029,279
1768679100,95284.8,95284.9,95239.9,95253.8,11.26581051,228
1768680000,95253.8,95253.8,95239.9,95245.0,5.35186025,245
1768680900,95245.0,95325.0,95244.9,95288.1,38.7959928,407
1768681800,95288.1,95288.1,95248.4,95248.4,1.47769529,143
1768682700,95250.0,95325.0,95250.0,95325.0,0.84909671,186
1768683600,95325.0,95325.0,95324.9,95324.9,0.44412477,162
1768684500,95325.0,95362.7,95324.9,95325.0,4.81994089,219
1768685400,95325.0,95325.0,95242.2,95242.3,1.46654777,262
1768686300,95242.2,95257.7,95231.9,95253.5,1.49077634,240
1768687200,95253.6,95253.6,95116.9,95116.9,2.1849397600000002,265
1768688100,95117.0,95192.6,95116.9,95127.5,4.0281474600000005,243
1768689000,95127.5,95130.0,95023.5,95092.0,13.59835425,428
1768689900,95092.0,95186.1,95023.5,95147.1,2.32495849,294
1768690800,95147.1,95166.5,95100.9,95142.2,4.9624712,338
1768691700,95142.2,95142.2,95100.0,95106.6,1.98992296,232
1768692600,95106.6,95108.4,95078.0,95108.4,1.7478034199999999,237
1768693500,95108.4,95108.4,95088.6,95089.9,0.49562636,217
1768694400,95089.9,95166.4,95054.5,95166.3,4.81489386,290
1768695300,95166.4,95180.9,95145.2,95151.4,2.39407758,237
1768696200,95151.4,95158.1,95105.1,95107.6,5.13004468,215
1768697100,95107.6,95107.6,95045.5,95057.9,8.80519622,336
1768698000,95057.9,95057.9,94822.9,94874.9,19.064354559999998,689
1768698900,94874.9,94963.5,94874.9,94963.4,10.06744954,336
1768699800,94963.5,95019.6,94953.1,94953.1,0.92085393,230
1768700700,94953.0,94953.1,94850.0,94909.6,5.19379108,305
1768701600,94909.6,94981.7,94909.5,94956.2,17.23012172,543
1768702500,94956.3,95012.0,94956.2,94961.7,1.64873728,210
1768703400,94961.6,94961.7,94850.6,94918.6,11.91112866,280
1768704300,94918.6,94970.8,94918.5,94969.3,0.76711568,221
1768705200,94969.3,95011.1,94969.2,95008.5,1.41830185,228
1768706100,95008.5,95089.5,95007.4,95089.5,1.4204976599999999,226
1768707000,95089.4,95127.6,95089.3,95127.6,22.5261502,229
1768707900,95127.6,95142.5,95127.5,95138.0,1.2621019199999999,172
1768708800,95138.0,95138.0,95088.8,95112.5,2.36293837,230
1768709700,95112.6,95112.6,95082.9,95082.9,0.45195248,157
1768710600,95082.9,95083.0,95042.5,95042.6,5.0017352,149
1768711500,95042.5,95043.2,95042.5,95043.0,0.66666443,128
1768712400,95043.1,95043.1,95030.7,95030.8,1.43847556,228
1768713300,95030.8,95075.2,95030.6,95075.2,3.88329875,190
1768714200,95078.2,95102.5,95042.9,95102.5,4.12777834,183
1768715100,95111.6,95194.9,95111.6,95136.9,9.70587248,257
1768716000,95136.9,95145.2,95136.8,95145.1,0.35094523,168
1768716900,95145.2,95145.2,95117.1,95119.7,1.8926545,132
1768717800,95119.7,95170.0,95102.5,95168.9,2.04496149,180
1768718700,95142.8,95142.8,95116.4,95127.8,1.20857376,172
1768719600,95127.8,95150.2,95043.5,95043.5,14.37864558,248
1768720500,95043.5,95070.0,95041.2,95069.5,0.57033662,130
1768721400,95069.5,95069.5,95000.0,95000.1,0.53763574,158
1768722300,95000.0,95021.0,95000.0,95000.0,1.48819649,119
1768723200,95000.1,95000.1,95000.0,95000.1,0.30625929,119
1768724100,95000.1,95057.8,94996.0,95057.6,1.50160774,184
1768725000,95057.6,95154.0,95057.6,95115.8,0.5474328,151
1768725900,95115.8,95140.7,95115.7,95140.6,1.00227654,121
1768726800,95140.7,95140.7,95132.2,95135.3,1.15122699,206
1768727700,95135.3,95184.6,95135.2,95170.1,2.7894005899999996,177
1768728600,95170.2,95201.8,95170.2,95191.3,1.18480199,154
1768729500,95191.4,95240.0,95191.4,95239.9,0.26929588,136
1768730400,95240.0,95240.0,95059.9,95106.9,6.67668089,188
1768731300,95106.9,95107.0,95088.6,95088.7,0.46155497,75
1768732200,95088.6,95125.3,95088.6,95125.3,0.6860649400000001,116
1768733100,95132.3,95132.3,95099.5,95122.7,17.5748363,163
1768734000,95122.8,95125.6,95080.8,95080.9,1.3896611700000001,162
1768734900,95080.9,95080.9,95080.8,95080.9,0.32567833,83
1768735800,95080.9,95080.9,95035.0,95075.7,1.45808449,130
1768736700,95075.7,95126.8,95075.7,95115.8,0.7056321,148
1768737600,95115.9,95124.7,95065.6,95065.7,1.03356327,144
1768738500,95065.7,95087.6,95053.9,95087.5,0.35437858,143
1768739400,95087.6,95100.0,95087.5,95100.0,1.77824105,117
1768740300,95099.9,95100.0,95037.5,95052.4,0.81680427,147
1768741200,95052.5,95052.5,94956.9,95000.0,7.70597917,270
1768742100,95001.5,95001.6,94860.0,94920.2,2.37366435,239
1768743000,94921.9,95121.9,94901.0,95121.9,9.59735466,286
1768743900,95121.9,95132.8,95108.7,95108.8,1.07890063,149
1768744800,95108.9,95184.7,95085.6,95184.7,16.10986741,338
1768745700,95184.7,95296.0,95107.5,95136.1,3.98159929,355
1768746600,95136.2,95196.5,95089.2,95089.3,6.12995752,297
1768747500,95089.3,95089.3,94875.2,94911.9,4.02402918,324
1768748400,94912.0,94980.4,94895.7,94976.3,25.07105488,305
1768749300,94976.3,95017.2,94976.2,95017.2,1.00366154,234
1768750200,95017.2,95078.2,95010.0,95010.1,2.8641395099999998,227
1768751100,95010.0,95082.4,95010.0,95082.4,0.92002314,192
1768752000,95082.4,95141.8,95032.0,95103.7,8.95933287,339
1768752900,95103.7,95119.3,95051.1,95051.2,1.6442666400000001,239
1768753800,95051.2,95131.8,95051.1,95131.8,0.63468047,203
1768754700,95131.8,95131.8,95101.0,95131.7,0.7384155099999999,201
1768755600,95131.8,95183.6,95128.0,95128.0,3.1249222899999998,280
1768756500,95108.0,95228.3,95107.9,95221.3,36.76468611,317
1768757400,95221.4,95222.9,95155.6,95172.8,1.53853662,240
1768758300,95172.8,95222.5,95166.7,95222.5,2.81233323,211
1768759200,95222.5,95222.5,95146.2,95184.5,3.09058433,291
1768760100,95184.4,95358.2,95147.9,95341.5,15.37337128,302
1768761000,95341.5,95381.9,95280.2,95320.7,7.36855655,389
1768761900,95320.6,95475.0,95320.6,95407.1,22.88925892,359
1768762800,95407.2,95472.2,95407.1,95408.0,3.93649244,337
1768763700,95408.0,95441.0,95323.5,95433.4,22.54760264,374
1768764600,95433.3,95433.4,95379.6,95379.7,17.00781417,337
1768765500,95379.7,95379.7,95300.0,95329.9,2.7655552,249
1768766400,95330.0,95330.0,95265.7,95265.7,5.46048802,257
1768767300,95265.7,95394.7,95265.7,95394.7,2.72815689,275
1768768200,95394.6,95403.6,95277.4,95277.5,2.4127914,294
1768769100,95277.5,95319.6,95263.6,95263.6,1.10949313,256
1768770000,95263.7,95320.0,95244.1,95320.0,2.90162128,267
1768770900,95320.0,95320.0,95256.7,95256.8,1.38655337,229
1768771800,95256.8,95340.0,95256.8,95340.0,2.79632817,255
1768772700,95340.0,95389.9,95340.0,95385.5,3.07245926,266
1768773600,95385.6,95480.8,95364.6,95480.8,10.70566835,373
1768774500,95480.7,95480.8,95414.6,95416.5,2.3113237,227
1768775400,95416.5,95440.0,95400.0,95431.1,1.46408435,244
1768776300,95431.2,95459.2,95431.1,95459.2,1.67716592,245
1768777200,95459.2,95459.2,94946.9,95026.1,23.91957787,893
1768778100,95026.2,95121.7,94555.7,94555.7,28.96093496,1152
1768779000,94555.7,94762.5,94405.7,94461.4,30.5626426,1108
1768779900,94461.3,94461.3,93554.6,93632.6,232.36490319,3017
1768780800,93626.8,93626.8,91866.0,92432.3,238.40568156,5601
1768781700,92432.3,92776.2,92103.5,92612.5,81.53056781,2392
1768782600,92612.5,92996.4,92250.5,92945.0,31.07177485,1706
1768783500,92945.0,92945.0,92679.4,92695.0,27.3487595,998
1768784400,92695.0,92816.8,92478.5,92734.2,12.924624,954
1768785300,92734.2,92825.0,92540.1,92540.1,8.52602376,691
1768786200,92540.1,92738.2,92495.0,92495.1,12.4909113,598
1768787100,92495.1,92524.2,92195.1,92519.5,107.35974698,1161
1768788000,92519.5,92550.0,92371.7,92371.8,3.87843576,517
1768788900,92371.8,92617.1,92353.2,92446.4,7.425462899999999,382
1768789800,92446.4,92555.9,92423.9,92548.3,4.71595467,340
1768790700,92548.2,92560.5,92456.2,92546.4,9.29581709,359
1768791600,92546.4,92687.0,92523.3,92644.8,2.98515104,349
1768792500,92674.3,92735.6,92456.2,92504.1,5.19268171,401
1768793400,92504.1,92600.0,92477.7,92599.9,1.64837577,362
1768794300,92599.9,92652.5,92574.9,92650.4,2.82232551,295
1768795200,92650.4,92692.4,92553.8,92562.6,6.76640389,509
1768796100,92562.5,92657.8,92456.2,92657.6,5.54303422,470
1768797000,92657.6,92657.7,92524.2,92628.1,4.93185345,353
1768797900,92628.1,92685.0,92628.0,92640.3,2.18118398,208
1768798800,92640.4,92710.1,92620.9,92620.9,32.74937416,412
1768799700,92620.9,92620.9,92535.0,92580.5,25.875781879999998,434
1768800600,92603.5,92754.0,92556.9,92584.8,5.93409945,526
1768801500,92584.8,92615.0,92489.9,92490.0,4.61432676,404
1768802400,92490.0,92548.1,92401.0,92493.9,21.83662914,481
1768803300,92516.0,92558.1,92334.9,92499.9,10.01527925,434
1768804200,92500.0,92565.9,92437.0,92480.8,7.32365668,358
1768805100,92480.7,92570.8,92480.7,92506.0,6.0364353799999995,238
1768806000,92520.0,92575.8,92520.0,92575.8,0.93604617,227
1768806900,92575.8,92610.2,92567.4,92567.5,1.22277752,266
1768807800,92567.4,92642.8,92544.3,92642.7,12.73984961,247
1768808700,92642.8,92781.1,92613.2,92779.2,19.06965906,297
1768809600,92779.3,92779.3,92658.5,92749.9,6.55367479,303
1768810500,92726.0,93150.0,92726.0,92951.0,22.38667974,568
1768811400,92951.1,93120.0,92875.9,93097.7,8.34609844,402
1768812300,93097.7,93319.5,93097.7,93231.0,19.28205469,427
1768813200,93231.0,93231.0,92951.2,93002.3,3.41279394,364
1768814100,93002.3,93079.4,92888.4,93015.1,5.12583581,299
1768815000,93015.1,93022.9,92903.7,92908.4,1.21351247,209
1768815900,92908.4,93026.5,92908.3,92995.3,3.45613705,256
1768816800,92995.4,92995.4,92810.7,92907.2,20.92702658,308
1768817700,92907.2,93020.8,92907.2,92949.0,3.84259409,267
1768818600,92948.9,92959.6,92895.5,92959.6,2.92265028,211
1768819500,92959.6,93008.6,92932.0,93006.6,1.00713805,216
1768820400,93006.7,93006.7,92922.2,92934.6,1.65636097,207
1768821300,92934.6,93079.4,92934.6,93063.3,2.8133978799999997,256
1768822200,93063.3,93207.4,93050.4,93174.3,1.3586155500000001,263
1768823100,93174.3,93234.9,93118.6,93145.7,3.44183853,228
1768824000,93145.7,93145.7,92959.1,92977.1,4.72872563,426
1768824900,92977.1,93088.4,92948.4,92967.1,6.95465895,360
1768825800,92965.7,93152.3,92965.6,93093.2,12.0591269,338
1768826700,93093.1,93128.0,92979.0,93002.4,0.62927556,227
1768827600,93002.4,93005.0,92903.3,92940.3,5.8725909199999995,325
1768828500,92940.3,92962.4,92750.0,92890.3,26.24535644,547
1768829400,92890.3,93085.0,92890.2,93023.8,1.32054571,346
1768830300,93023.8,93069.8,92951.7,92951.7,3.63718902,323
1768831200,92951.8,92980.6,92767.2,92833.2,5.22880838,520
1768832100,92833.3,92918.5,92765.4,92818.3,15.96081141,432
1768833000,92818.3,92914.6,92678.2,92754.6,11.18820561,585
1768833900,92754.7,92841.7,92719.7,92770.0,5.80790213,342
1768834800,92770.1,92980.6,92770.0,92980.6,7.70566174,540
1768835700,92980.6,92989.0,92829.5,92865.2,9.61512516,551
1768836600,92865.3,93000.0,92865.2,92942.7,11.19067125,443
1768837500,92942.7,93012.0,92924.6,93012.0,4.6752223,392
1768838400,93012.0,93077.0,92982.6,92987.6,5.27231529,458
1768839300,92987.5,93147.3,92940.0,93129.5,6.64669471,456
1768840200,93129.5,93196.6,93116.8,93151.3,3.94202749,397
1768841100,93151.4,93399.0,93125.1,93273.9,21.85359241,525
1768842000,93274.0,93325.3,93122.8,93309.9,13.02239932,488
1768842900,93309.9,93332.6,93224.6,93258.9,1.44048152,346
1768843800,93259.0,93259.0,93101.3,93131.7,2.13306874,328
1768844700,93131.8,93199.4,93131.7,93167.5,5.00156415,329
1768845600,93167.6,93206.3,93039.8,93039.9,7.01241214,414
1768846500,93039.8,93074.3,92927.1,92931.8,6.12702212,541
1768847400,92931.8,93072.8,92883.3,93072.6,4.02650624,434
1768848300,93072.6,93072.7,92977.3,92993.2,1.07083616,306
1768849200,92993.2,93020.0,92933.7,93009.1,3.4423128000000003,385
1768850100,93009.1,93075.0,92989.5,93026.1,1.99614818,356
1768851000,93026.1,93077.1,93000.1,93077.0,2.2633065,380
1768851900,93076.9,93089.8,93040.0,93056.4,0.77988743,326
1768852800,93056.4,93145.7,93056.4,93107.4,2.0291538,292
1768853700,93107.5,93194.0,93107.4,93193.9,0.68943149,262
1768854600,93194.0,93198.7,93085.1,93090.2,28.56492899,450
1768855500,93090.1,93090.2,93042.8,93075.7,5.0482576,362
1768856400,93075.7,93272.4,93022.3,93032.0,14.1920391,472
1768857300,93032.1,93032.1,92946.0,92977.9,29.5895036,437
1768858200,92980.9,93012.1,92961.1,92993.9,1.5083272300000001,335
1768859100,92993.8,92993.9,92926.5,92945.3,10.25817892,336
1768860000,92945.4,92970.4,92638.2,92776.1,16.72180342,672
1768860900,92776.1,92978.4,92776.0,92922.3,3.55650704,405
1768861800,92922.4,92922.4,92711.8,92749.5,8.11934795,519
1768862700,92749.5,92769.7,92000.0,92478.8,272.77107127,1139
1768863600,92478.8,92654.0,92161.2,92401.4,273.8553031,1705
1768864500,92388.8,92468.6,92090.3,92459.1,6.72987813,614
1768865400,92459.1,92664.9,92459.1,92578.3,4.16749057,464
1768866300,92578.4,92649.1,92525.5,92546.5,5.9975916400000004,356
1768867200,92546.5,92791.1,92525.5,92627.8,3.23133958,523
1768868100,92627.8,92627.8,92295.4,92372.1,4.58114572,467
1768869000,92372.1,92670.1,92372.1,92649.1,3.49743029,357
1768869900,92649.1,92674.7,92550.1,92650.1,16.45855932,378
1768870800,92650.1,92720.8,92482.5,92656.3,28.86990336,438
1768871700,92656.3,92805.9,92608.3,92786.3,4.48453364,414
1768872600,92786.2,92786.2,92591.4,92655.4,9.91824578,302
1768873500,92655.4,92766.4,92625.4,92631.5,13.26302139,354
1768874400,92631.5,92646.7,92399.9,92400.0,16.54264582,564
1768875300,92400.1,92464.9,92303.2,92416.0,6.36127093,426
1768876200,92416.0,92612.8,92416.0,92530.0,14.62707134,327
1768877100,92529.9,92616.0,92435.8,92497.0,6.17777976,345
1768878000,92497.0,92587.5,92322.3,92346.2,14.59571714,408
1768878900,92346.2,92405.8,92310.5,92310.5,2.08289552,269
1768879800,92310.6,92345.7,92200.0,92309.0,15.04782878,424
1768880700,92309.0,92404.7,92284.2,92370.6,2.95751333,339
1768881600,92370.6,92391.6,92249.5,92249.6,4.26931536,483
1768882500,92254.6,92254.6,92099.5,92212.3,14.59171037,397
1768883400,92224.7,92321.0,92151.6,92172.1,1.24547154,238
1768884300,92172.2,92172.2,91895.0,91986.4,61.6126812,623
1768885200,91986.4,91986.4,91283.1,91328.0,56.03370443,1709
1768886100,91328.1,91656.5,91221.1,91634.5,35.15644032,812
1768887000,91634.5,91712.6,91469.6,91557.6,7.81986971,433
1768887900,91557.5,91708.1,91537.2,91573.0,8.23590571,457
1768888800,91560.7,91560.7,91391.8,91391.8,7.09339712,438
1768889700,91391.9,91411.1,90747.7,91154.2,136.54667037,1926
1768890600,91154.2,91170.1,90728.6,91035.4,39.84929464,1056
1768891500,91035.3,91035.3,90676.4,90810.4,8.96899053,758
1768892400,90819.2,91041.0,90759.5,90940.8,14.9491947,809
1768893300,90940.7,90977.9,90859.1,90954.2,12.0289649,540
1768894200,90954.2,91100.0,90904.3,91080.8,4.35018919,429
1768895100,91080.9,91184.2,91060.7,91092.5,11.34796396,480
1768896000,91092.5,91092.5,90705.5,90891.9,10.72781471,678
1768896900,90897.5,91142.3,90822.0,91093.4,15.25426324,587
1768897800,91093.4,91093.4,90584.5,90727.2,10.28169578,767
1768898700,90727.2,91000.8,90692.3,91000.8,15.6847219,663
1768899600,91000.8,91000.8,90885.4,90957.1,6.06142904,442
1768900500,90957.1,90957.1,90829.4,90938.4,20.82687311,334
1768901400,90938.4,90957.0,90813.6,90917.7,4.5070846399999995,438
1768902300,90917.7,90944.5,90861.3,90926.6,2.75577303,416
1768903200,90926.6,91057.6,90912.4,91057.6,5.67425478,391
1768904100,91057.5,91165.1,91055.9,91159.2,7.2961084099999995,293
1768905000,91159.2,91175.0,91066.8,91121.5,1.96740259,380
1768905900,91121.6,91176.1,91121.6,91160.5,20.57642751,331
1768906800,91160.2,91329.3,91160.1,91275.7,3.88552055,447
1768907700,91275.7,91325.7,91241.5,91306.3,2.33133567,330
1768908600,91306.2,91306.3,91176.2,91225.0,1.13071371,306
1768909500,91225.0,91266.7,91128.5,91128.6,2.73754332,297
1768910400,91128.6,91195.7,91096.8,91195.7,14.64475459,354
1768911300,91195.7,91196.6,90977.8,91057.1,11.548976849999999,531
1768912200,91057.1,91120.7,91057.0,91088.2,4.92109895,366
1768913100,91088.1,91199.0,91076.6,91197.1,6.26354069,354
1768914000,91197.2,91213.9,90813.6,90837.9,19.06268684,718
1768914900,90837.9,90945.7,90793.4,90793.5,49.26672922,678
1768915800,90793.4,91000.0,90706.8,90927.0,21.63573874,740
1768916700,90927.0,90950.0,90834.2,90866.5,12.32679618,508
1768917600,90866.5,91046.1,90866.5,91032.9,9.48911108,583
1768918500,91020.1,91020.1,90650.6,90891.8,10.48931782,876
1768919400,90891.9,91274.6,90609.0,90994.9,79.69749282,2037
1768920300,90987.5,90987.5,90171.8,90418.1,106.07983253,2390
1768921200,90418.1,90484.2,89797.1,90160.4,72.05724995,2914
1768922100,90180.6,90627.8,89940.6,90515.9,39.23526462,1918
1768923000,90515.9,90696.9,90449.9,90450.0,17.41510038,1284
1768923900,90450.1,90591.1,90263.4,90591.1,13.8687184,1017
1768924800,90591.1,90770.0,90433.1,90672.3,26.65880271,1318
1768925700,90672.3,90880.5,90468.7,90523.0,11.38924159,750
1768926600,90523.0,90536.0,90016.7,90050.3,71.00322949,1205
1768927500,90050.3,90145.4,89948.2,90076.4,24.01704236,1213
1768928400,90076.4,90382.1,89989.5,90368.0,20.39240621,1075
1768929300,90368.0,90400.0,90108.4,90108.5,14.43732078,920
1768930200,90108.5,90108.5,89584.6,89590.3,71.09816945,2136
1768931100,89590.3,89704.9,89358.8,89675.3,59.22815299,1877
1768932000,89675.3,89800.1,89606.7,89800.0,21.19981481,1108
1768932900,89800.1,89834.9,89550.0,89632.2,19.84290713,1017
1768933800,89625.4,89636.6,89333.2,89399.8,28.33881868,1098
1768934700,89399.9,89500.0,89281.4,89388.2,24.99972132,1016
1768935600,89388.2,89673.6,89330.3,89461.0,19.22956443,885
1768936500,89461.1,89574.8,89374.7,89374.8,35.16883545,884
1768937400,89374.8,89415.0,89174.2,89325.7,95.98344477,1499
1768938300,89324.5,89645.0,89253.2,89596.5,39.24453982,962
1768939200,89596.5,89596.5,89270.8,89270.8,27.92097467,896
1768940100,89270.8,89711.0,89270.8,89650.8,133.62631826,1417
1768941000,89650.8,89673.4,89480.7,89514.4,7.53993724,675
1768941900,89516.7,89711.0,89420.3,89594.0,8.31055385,910
1768942800,89605.5,89687.9,89514.5,89668.2,20.65055294,622
1768943700,89668.2,89689.5,89445.0,89517.6,18.3969252,569
1768944600,89518.0,89518.0,89359.0,89400.0,30.28191287,748
1768945500,89400.0,89459.9,89303.1,89360.0,9.3354547,479
1768946400,89352.3,89492.3,89339.8,89492.3,17.17400523,498
1768947300,89492.3,89509.1,89350.0,89383.8,9.284567580000001,595
1768948200,89383.9,89407.6,87800.0,88452.2,286.37172264,4622
1768949100,88452.2,88525.0,88101.0,88385.8,139.1764226,1463
1768950000,88385.8,88385.8,87958.9,88084.5,55.59769976,1440
1768950900,88084.6,88151.9,87784.4,87996.9,39.94873634,1440
1768951800,87996.9,88396.7,87996.9,88374.5,17.39190867,946
1768952700,88374.5,88396.7,88245.6,88309.9,18.48478068,975
1768953600,88309.9,88486.4,88259.8,88295.8,29.97803973,1524
1768954500,88295.8,88480.9,88151.8,88451.5,26.58769723,1310
1768955400,88451.4,88819.4,88388.6,88745.2,31.26376255,1268
1768956300,88745.2,88845.0,88707.1,88814.1,26.60442397,939
1768957200,88814.1,88982.0,88739.4,88978.9,19.94204952,941
1768958100,88978.9,89000.0,88814.5,88949.5,23.43731591,743
1768959000,88949.6,89000.0,88875.1,88909.7,23.03232858,859
1768959900,88909.6,89051.0,88880.6,88904.6,18.37208915,752
1768960800,88904.6,89227.8,88904.6,89161.7,30.12435615,785
1768961700,89161.7,89191.4,88975.9,88985.8,11.70507864,678
1768962600,88985.8,89051.7,88881.0,88968.8,6.97864523,519
1768963500,88968.8,89057.9,88932.9,88932.9,66.22656679,809
1768964400,88933.1,89139.4,88933.0,89076.8,22.50477827,696
1768965300,89076.9,89157.7,89049.3,89157.6,11.212406699999999,543
1768966200,89157.6,89469.2,89107.5,89441.2,28.80079868,746
1768967100,89441.3,89441.3,89300.0,89316.6,38.91223981,523
1768968000,89316.7,89356.6,89284.6,89284.6,27.90251795,425
1768968900,89284.6,89385.2,89243.7,89385.1,2.6347948,316
1768969800,89385.2,89429.7,89297.0,89429.6,56.17708421,608
1768970700,89429.7,89496.0,89329.8,89329.9,5.02762162,353
1768971600,89329.9,89450.0,89329.8,89449.9,4.07860954,413
1768972500,89450.0,89496.0,89437.6,89459.4,16.04955562,437
1768973400,89459.5,89833.1,89459.4,89831.5,19.89689949,652
1768974300,89831.5,90000.0,89810.8,89830.3,9.66995873,516
1768975200,89830.3,89830.3,89708.4,89773.6,9.26763393,420
1768976100,89777.0,89810.5,89737.0,89802.1,5.1503802599999995,293
1768977000,89802.1,89802.1,89505.5,89513.0,11.86528937,313
1768977900,89513.0,89547.8,89399.4,89547.8,3.47492532,318
1768978800,89547.8,89632.2,89411.0,89411.0,6.48408174,362
1768979700,89411.3,89546.8,89411.3,89530.1,5.18458828,327
1768980600,89530.0,89530.0,89088.8,89108.9,35.23623761,630
1768981500,89108.9,89136.0,88969.7,89119.1,12.92688811,671
1768982400,89119.1,89192.0,89063.6,89085.4,4.80237417,418
1768983300,89080.5,89278.9,89080.5,89145.1,12.35936985,519
1768984200,89145.1,89176.4,88880.8,88919.6,27.37811092,555
1768985100,88919.6,89116.3,88919.6,89087.5,11.51642207,409
1768986000,89087.6,89176.4,89058.4,89176.3,1.98196227,375
1768986900,89176.3,89336.1,89176.3,89299.9,5.47977252,338
1768987800,89299.9,89387.2,89254.9,89293.8,26.28991213,452
1768988700,89303.3,89319.9,88969.9,88998.3,5.83288602,456
1768989600,88998.3,89237.0,88971.5,89186.8,19.18798171,514
1768990500,89186.9,89272.2,89179.9,89235.5,58.75547042,537
1768991400,89235.2,89271.0,89143.0,89210.7,28.34504065,384
1768992300,89210.6,89210.7,89138.0,89158.1,1.8308396599999999,234
1768993200,89158.1,89190.8,89044.3,89190.8,7.9713749,411
1768994100,89190.8,89269.0,89186.4,89232.6,1.61428083,352
1768995000,89232.6,89237.3,89140.4,89173.8,3.06834222,272
1768995900,89173.7,89181.2,88603.5,88700.0,20.11344667,887
1768996800,88700.0,88762.5,88101.0,88254.2,74.22333954,1538
1768997700,88271.0,88374.4,88146.2,88271.4,13.58641132,954
1768998600,88271.3,88565.9,88220.1,88532.0,14.33715168,687
1768999500,88531.0,88656.7,88456.1,88645.1,15.00481693,574
1769000400,88645.1,88888.8,88585.8,88850.7,8.99149448,970
1769001300,88850.7,88864.4,88700.0,88744.5,12.25574575,627
1769002200,88744.6,88911.9,88590.4,88612.1,14.23161082,725
1769003100,88612.1,88783.2,88477.0,88599.9,18.88843673,752
1769004000,88588.5,89609.9,88517.5,89489.5,49.81877754,1852
1769004900,89489.5,89635.6,89250.0,89508.0,66.69731707,1439
1769005800,89508.0,89899.9,89395.2,89595.3,31.30886717,1892
1769006700,89595.4,91111.7,89283.6,89726.9,581.34051544,3541
1769007600,89727.0,90294.6,89685.1,90275.0,123.6839206,1771
1769008500,90275.0,90504.9,89920.4,89957.0,71.16915722,1767
1769009400,89957.0,90121.8,89770.0,90027.4,123.9860484,1504
1769010300,90027.3,90288.0,89938.0,90218.3,11.59119525,983
1769011200,90218.3,90297.7,89660.9,89667.5,23.41351669,1187
1769012100,89667.4,89727.4,89206.6,89520.0,53.47138915,1406
1769013000,89520.0,89520.0,88070.5,88075.1,75.70655936,2171
1769013900,88075.7,88597.6,87507.6,87533.4,101.94010354,2803
1769014800,87533.8,88000.0,87201.1,87260.2,88.70236053,2668
1769015700,87260.2,87778.7,87200.0,87695.4,55.23159102,2228
1769016600,87684.6,88047.2,87425.0,87851.9,67.67474249,2026
1769017500,87851.8,87959.0,87769.8,87853.9,109.04869039,1396
1769018400,87853.9,87983.9,87405.6,87818.9,317.12150722,2108
1769019300,87818.9,87946.6,87779.6,87917.7,117.81271664,1264
1769020200,87917.8,88137.4,87858.3,88066.8,30.91566208,989
1769021100,88066.8,88545.3,88051.1,88374.9,37.56267747,1082
1769022000,88375.0,88575.7,88202.5,88327.6,29.61375029,831
1769022900,88327.5,89617.1,88309.9,89571.7,67.6610358,1598
1769023800,89572.9,90077.3,89428.3,89978.2,71.44310647,2268
1769024700,89977.9,90347.9,89830.6,90275.8,73.56702018,2204
1769025600,90275.8,90275.8,89657.3,89844.8,25.642534819999998,1437
1769026500,89844.7,89844.7,89351.2,89660.9,28.958437540000002,1284
1769027400,89660.8,89933.7,89546.5,89809.2,22.50153548,898
1769028300,89809.2,90149.1,89809.2,90098.6,78.36599954,1426
1769029200,90105.6,90108.0,89895.6,90028.0,18.96781982,831
1769030100,90028.0,90241.7,89989.8,89990.3,26.67480412,668
1769031000,89990.2,90173.2,89990.2,90152.6,9.35173995,549
1769031900,90152.7,90197.1,90089.1,90160.0,10.05831448,526
1769032800,90160.0,90342.5,90138.1,90157.0,34.55355578,684
1769033700,90154.8,90154.8,89874.7,89944.3,7.28598932,540
1769034600,89944.3,90005.7,89836.5,89908.9,2.85207229,521
1769035500,89885.6,89924.4,89692.8,89692.8,6.95882193,476
1769036400,89692.8,90132.3,89657.2,90114.6,19.44337617,734
1769037300,90114.6,90114.6,89818.1,89940.8,6.34907772,552
1769038200,89940.7,89940.7,89491.4,89491.4,13.470064709999999,569
1769039100,89491.5,89517.9,89281.7,89372.9,18.45742028,803
1769040000,89372.9,89643.9,89372.9,89615.7,6.48931154,692
1769040900,89615.8,89800.0,89522.9,89747.6,8.27095384,551
1769041800,89739.2,89919.5,89739.2,89863.2,3.78013177,504
1769042700,89863.3,89935.0,89750.5,89815.1,34.9515593,590
1769043600,89815.1,90079.4,89746.7,89905.8,24.84028648,626
1769044500,89905.8,90112.1,89905.8,90050.8,10.08805482,615
1769045400,90050.7,90087.6,89828.1,89924.6,5.07705354,445
1769046300,89924.6,90062.0,89875.4,90023.0,8.75409416,407
1769047200,90023.0,90075.1,89946.0,90075.0,13.75886057,526
1769048100,90075.1,90261.7,90063.4,90192.1,8.63820811,529
1769049000,90192.1,90192.1,89976.1,90043.5,2.85246192,424
1769049900,90043.5,90043.5,89770.7,89868.2,3.6697382000000003,402
1769050800,89868.2,90063.8,89868.1,90034.6,3.11282938,410
1769051700,90027.2,90027.2,89769.6,89867.5,3.08035014,413
1769052600,89867.5,89867.5,89621.8,89750.1,8.670460049999999,486
1769053500,89750.1,89804.0,89732.8,89804.0,2.9917762199999998,251
1769054400,89807.6,89879.3,89766.9,89800.8,2.94006615,323
1769055300,89800.9,89891.6,89743.2,89891.6,2.54573459,289
1769056200,89891.5,89930.1,89821.0,89882.5,2.5977034199999998,395
1769057100,89890.5,89975.8,89890.4,89926.5,5.974028850000001,313
1769058000,89918.7,89982.9,89902.7,89950.8,2.57599671,357
1769058900,89955.4,89984.1,89880.8,89896.8,27.61940897,325
1769059800,89896.8,89925.0,89850.0,89925.0,21.47594639,326
1769060700,89924.9,89932.1,89850.0,89912.0,2.14590202,315
1769061600,89912.1,90006.0,89820.3,89916.9,4.86935614,304
1769062500,89924.8,89987.5,89909.1,89914.3,3.96806504,360
1769063400,89914.3,90100.0,89914.3,90061.8,1.3446300900000001,331
1769064300,90061.8,90100.0,90061.7,90079.5,6.29951835,370
1769065200,90079.5,90099.0,89977.4,89977.4,3.74221863,303
1769066100,89977.5,89977.5,89834.5,89872.1,3.24581118,282
1769067000,89872.1,89872.2,89817.0,89831.2,4.14801824,313
1769067900,89831.2,89847.4,89716.3,89741.9,3.64557109,309
1769068800,89741.9,89875.2,89679.7,89679.7,4.41689148,404
1769069700,89679.5,89841.9,89677.0,89813.0,4.50077258,326
1769070600,89813.1,89813.1,89709.9,89748.9,3.22341269,210
1769071500,89748.9,89850.0,89720.3,89820.5,8.2493917,285
1769072400,89820.5,89977.2,89797.1,89976.4,6.55846618,302
1769073300,89976.3,89987.2,89882.5,89913.0,0.8298068,239
1769074200,89913.0,90039.1,89872.2,90032.4,2.12579885,349
1769075100,90032.4,90032.4,89939.7,89939.8,3.51063652,256
1769076000,89957.7,89960.0,89873.5,89946.5,5.57661135,314
1769076900,89946.5,90004.2,89930.6,89972.7,4.31240478,319
1769077800,89947.3,89973.1,89932.6,89953.1,4.45630777,297
1769078700,89953.1,90010.3,89941.1,90010.1,0.94093346,214
1769079600,90010.2,90056.5,89859.4,89883.9,3.6702635999999997,321
1769080500,89883.9,89934.5,89831.6,89864.5,19.67424592,360
1769081400,89864.4,89927.9,89812.0,89894.4,1.31763351,306
1769082300,89894.4,89989.2,89832.7,89860.4,2.01176284,335
1769083200,89860.4,89955.0,89788.7,89909.7,3.46885038,699
1769084100,89909.6,89939.7,89890.9,89909.0,2.6368891199999998,520
1769085000,89909.0,89988.1,89900.0,89933.7,6.7873826,463
1769085900,89933.7,89949.7,89901.2,89928.2,0.69231083,322
1769086800,89928.2,89956.5,89910.0,89956.5,4.97729593,513
1769087700,89956.5,90100.0,89956.4,90099.9,9.76509232,470
1769088600,90099.9,90250.1,89447.5,89515.9,24.84265711,1358
1769089500,89525.3,89629.3,89410.1,89521.9,39.46889738,742
1769090400,89521.9,89600.6,89342.6,89600.6,5.11322872,637
1769091300,89600.6,89608.2,89286.8,89477.8,20.687780110000002,738
1769092200,89477.9,89620.1,89055.4,89403.9,45.96356364,1786
1769093100,89400.3,89400.3,88958.5,88993.9,72.40067555,1471
1769094000,88993.8,89268.6,88914.5,89150.4,62.88624849,1274
1769094900,89150.4,89249.9,88534.7,88587.8,99.61491136,1777
1769095800,88575.4,89056.7,88422.6,89056.7,99.53406316,1811
1769096700,89059.5,89420.6,88844.0,88905.4,83.42519528,1570
1769097600,88904.8,89104.3,88683.5,88760.7,12.48926447,1001
1769098500,88760.7,89090.2,88573.9,88883.4,27.60923175,1014
1769099400,88902.6,89033.7,88703.2,88886.4,14.208874940000001,945
1769100300,88886.4,89163.7,88823.6,88947.5,11.53723139,840
1769101200,88947.6,89345.7,88947.6,89141.9,64.51224104,1107
1769102100,89141.9,89345.7,88960.8,89050.2,17.15413934,940
1769103000,89050.3,89175.8,89000.1,89130.5,3.9386698399999998,726
1769103900,89138.6,89500.0,89138.6,89499.9,60.12468018,996
1769104800,89483.0,89500.0,89302.1,89385.5,21.633683219999998,921
1769105700,89375.7,89716.6,89375.7,89526.9,13.37988593,838
1769106600,89526.9,89658.1,89519.8,89575.9,8.61020113,727
1769107500,89576.0,89611.9,89211.4,89221.8,42.09347881,959
1769108400,89221.8,89355.0,89012.1,89309.3,74.94676147,1013
1769109300,89309.2,89483.8,89235.4,89422.5,4.30966464,600
1769110200,89422.6,89775.6,89412.1,89743.1,41.55999051,807
1769111100,89743.1,89818.7,89559.2,89699.6,14.99230865,747
1769112000,89699.6,89809.3,89621.3,89809.3,9.73705083,655
1769112900,89809.2,89851.0,89471.8,89485.2,9.96807301,645
1769113800,89485.2,89619.7,89361.9,89404.5,9.23865963,669
1769114700,89404.4,89444.9,89312.1,89312.1,46.88481695,750
1769115600,89312.2,89532.2,89292.1,89442.8,10.86609523,758
1769116500,89442.8,89554.8,89442.8,89471.0,13.21230224,698
1769117400,89471.0,89496.6,89302.0,89302.0,7.36549275,493
1769118300,89294.3,89294.3,89155.9,89158.4,7.56094207,565
1769119200,89158.4,89452.0,89043.8,89402.2,10.77165678,694
1769120100,89402.2,89413.1,89265.4,89328.6,8.70309352,542
1769121000,89328.6,89328.7,89088.5,89164.9,7.45697101,676
1769121900,89165.0,89282.1,89165.0,89269.1,5.54361662,465
1769122800,89269.1,89292.4,89085.6,89190.0,2.83070497,476
1769123700,89190.0,89418.3,89190.0,89339.3,2.4695085900000002,374
1769124600,89339.3,89485.8,89330.3,89413.0,7.93977414,388
1769125500,89413.1,89460.0,89413.0,89454.2,1.39689469,330
1769126400,89454.2,89459.0,89365.2,89438.0,3.43856336,400
1769127300,89438.1,89532.5,89438.0,89518.5,2.99077128,357
1769128200,89518.6,89523.0,89421.2,89464.8,2.89441772,445
1769129100,89464.8,89520.0,89439.7,89440.3,7.84133964,522
1769130000,89440.3,89581.9,89440.2,89517.5,3.36993725,407
1769130900,89517.5,89581.9,89517.5,89581.9,2.1162162,317
1769131800,89581.9,89754.1,89544.3,89749.3,2.80000215,429
1769132700,89749.3,89845.7,89694.3,89845.7,19.54716952,571
1769133600,89845.7,89872.6,89714.9,89839.9,7.0857272600000005,489
1769134500,89840.0,89840.0,89650.4,89664.8,8.37574753,436
1769135400,89664.8,89733.6,89664.7,89678.7,3.7453789,410
1769136300,89678.8,89705.7,89555.7,89565.2,1.49135777,295
1769137200,89565.3,89709.3,89540.2,89709.3,3.29684642,371
1769138100,89709.4,89804.9,89709.3,89804.9,1.7950875099999999,387
1769139000,89804.9,89806.0,89709.3,89786.5,2.16998855,284
1769139900,89786.4,89818.7,89766.8,89818.7,1.97435288,265
1769140800,89818.8,89935.5,89782.0,89935.5,4.91843667,446
1769141700,89937.0,89955.0,89870.3,89891.3,2.28514148,288
1769142600,89891.2,89933.6,89822.0,89881.3,1.6256654799999999,327
1769143500,89881.4,89908.9,89877.7,89888.9,1.27292628,234
1769144400,89888.9,89888.9,89754.5,89775.0,2.65534811,376
1769145300,89775.0,89775.0,89420.9,89520.1,15.11000051,461
1769146200,89520.1,89588.9,89511.8,89560.2,0.8254543400000001,274
1769147100,89560.1,89566.7,89344.0,89536.8,9.81011889,415
1769148000,89527.4,89679.9,89449.4,89630.1,5.60032665,434
1769148900,89630.0,89644.5,89313.6,89375.1,4.54675184,518
1769149800,89375.1,89546.5,89375.0,89546.4,1.49396537,306
1769150700,89546.4,89546.5,89392.3,89392.3,1.3664754000000001,302
1769151600,89392.4,89422.6,89379.7,89416.5,0.53640791,333
1769152500,89416.5,89535.4,89416.4,89535.4,1.31576515,260
1769153400,89535.3,89553.3,89454.0,89454.1,1.9249609,222
1769154300,89454.1,89498.7,89351.6,89445.0,3.4969816700000003,426
1769155200,89445.1,89485.1,89394.4,89435.5,4.4028791,433
1769156100,89435.6,89435.6,89223.1,89227.4,18.3059966,527
1769157000,89227.4,89269.3,89011.6,89254.1,9.3098079,693
1769157900,89254.1,89270.8,89062.6,89117.3,0.6452272,312
1769158800,89117.3,89249.2,89095.4,89145.4,7.80922593,363
1769159700,89145.4,89145.4,88911.1,89048.1,94.36734563,830
1769160600,89048.1,89048.3,88863.1,88900.5,10.04797675,557
1769161500,88900.6,88900.6,88799.0,88849.3,16.76535172,628
1769162400,88849.4,88943.5,88763.8,88943.5,3.98028883,535
1769163300,88943.5,88984.4,88883.0,88973.4,9.78474173,507
1769164200,88973.4,88980.0,88875.5,88980.0,20.9657765,414
1769165100,88980.0,89031.7,88903.0,88903.1,9.25555422,314
1769166000,88903.1,89084.6,88879.1,89084.6,7.94901273,416
1769166900,89084.5,89145.4,89084.5,89124.1,3.63920816,331
1769167800,89124.1,89209.1,89124.0,89139.3,5.47303503,351
1769168700,89139.3,89139.4,89067.6,89075.2,4.30927023,212
1769169600,89075.2,89128.5,89061.2,89061.2,2.43488341,325
1769170500,89050.3,89050.3,89003.5,89043.6,2.71116805,341
1769171400,89043.6,89095.7,88968.8,89095.7,3.63378527,306
1769172300,89095.7,89227.6,89095.7,89160.4,1.96020352,264
1769173200,89160.4,89294.5,89128.0,89294.5,4.6644906200000005,408
1769174100,89294.5,89300.0,89167.0,89167.1,2.31523737,357
1769175000,89167.0,89215.2,89113.0,89215.2,2.36070525,357
1769175900,89215.2,89300.0,89195.7,89230.9,11.389956830000001,400
1769176800,89231.0,89351.9,89156.3,89339.2,25.96019848,560
1769177700,89339.3,89567.2,89300.0,89567.2,45.64946254,958
1769178600,89567.3,89593.1,88500.0,88825.5,68.72301418,2282
1769179500,88825.5,89006.1,88578.0,88882.1,21.82745818,1115
1769180400,88893.4,89052.8,88649.3,88685.2,7.42405086,978
1769181300,88685.2,89142.3,88470.9,88839.8,87.30404229,1334
1769182200,88839.8,89149.8,88812.7,89139.7,10.33145983,863
1769183100,89139.8,89741.8,89139.7,89644.4,77.63274876999999,1315
1769184000,89644.4,89844.0,89568.8,89630.0,22.66985922,1121
1769184900,89629.9,89629.9,89405.2,89472.7,12.81711144,731
1769185800,89472.7,90290.6,89388.6,90181.1,37.7742686,1526
1769186700,90181.1,90367.6,90035.1,90035.1,36.55506505,1310
1769187600,90035.2,90076.9,89875.0,90076.8,9.77656564,970
1769188500,90076.9,90850.0,90076.9,90850.0,87.06493476,1894
1769189400,90850.0,91099.5,90684.8,90690.0,61.6651622,1641
1769190300,90690.0,90960.4,90457.8,90494.2,31.9945417,1185
1769191200,90494.2,90908.4,90372.6,90646.0,36.07270344,1073
1769192100,90646.0,90853.8,90554.8,90777.3,14.3071306,757
1769193000,90777.3,90919.0,90651.8,90653.6,7.57085414,676
1769193900,90653.5,90653.5,90399.0,90399.1,26.06557249,794
1769194800,90399.1,90419.2,90121.0,90203.9,27.65719804,1336
1769195700,90203.8,90203.8,89641.5,89726.9,32.68427723,1501
1769196600,89727.0,89783.2,89517.4,89769.7,40.11560472,1268
1769197500,89769.7,89894.5,89630.1,89860.9,21.49757573,708
1769198400,89860.9,90048.5,89735.3,90021.6,10.34979018,849
1769199300,90026.9,90026.9,89707.7,89715.7,3.40042577,713
1769200200,89715.6,89715.6,89171.9,89305.2,46.378672030000004,1456
1769201100,89305.2,89469.8,89091.7,89404.1,66.75175507,1300
1769202000,89405.9,89563.5,89352.7,89518.9,9.26091964,596
1769202900,89518.8,89567.9,89389.1,89524.1,4.17621949,482
1769203800,89518.8,89518.8,89304.5,89323.2,7.0596853799999995,535
1769204700,89323.3,89368.4,89212.0,89236.3,10.82247436,527
1769205600,89236.3,89634.2,89236.2,89508.5,15.699023,609
1769206500,89508.5,89640.1,89498.6,89600.1,29.89653022,615
1769207400,89600.2,89616.7,89491.2,89491.2,5.24635918,465
1769208300,89491.3,89523.9,89459.5,89523.9,2.86019222,301
1769209200,89523.9,89523.9,89393.4,89463.4,8.16430125,401
1769210100,89463.4,89478.5,89390.5,89448.4,3.43909352,338
1769211000,89448.4,89459.1,89431.9,89432.0,4.17969616,298
1769211900,89432.0,89495.0,89316.5,89495.0,14.46583636,367
1769212800,89495.0,89495.0,89395.3,89395.4,1.82267083,355
1769213700,89395.4,89466.2,89343.2,89343.3,10.09782817,362
1769214600,89343.4,89434.2,89343.3,89378.5,0.68711857,255
1769215500,89378.4,89378.4,89306.0,89340.7,2.46378431,325
1769216400,89340.7,89367.0,89340.6,89367.0,1.90025624,297
1769217300,89366.9,89469.9,89366.9,89464.9,0.54432899,248
1769218200,89464.9,89464.9,89365.1,89410.2,0.41759671,193
1769219100,89410.2,89430.5,89396.5,89430.5,1.42436901,203
1769220000,89430.5,89515.9,89430.4,89515.9,3.8825894,233
1769220900,89515.8,89520.0,89481.8,89485.3,1.8988391,238
1769221800,89485.3,89550.5,89485.2,89550.5,1.55207952,190
1769222700,89550.5,89563.3,89537.9,89563.2,5.14775232,232
1769223600,89563.2,89743.3,89563.1,89743.3,4.06267689,341
1769224500,89743.2,89786.3,89656.3,89786.1,4.6996789,344
1769225400,89786.2,89786.2,89658.2,89710.0,8.71582394,342
1769226300,89710.0,89710.1,89620.1,89643.6,5.56145886,251
1769227200,89643.6,89689.1,89630.6,89689.1,4.1020125,211
1769228100,89689.0,89689.1,89597.6,89597.7,0.24641838,223
1769229000,89597.6,89642.3,89597.6,89635.9,1.99318349,176
1769229900,89635.9,89703.3,89635.8,89703.2,2.66051976,164
1769230800,89703.3,89705.5,89674.0,89702.3,1.35937347,245
1769231700,89702.4,89702.4,89694.9,89694.9,1.33702375,154
1769232600,89695.0,89695.0,89644.4,89644.5,9.091489170000001,235
1769233500,89644.5,89656.4,89630.2,89656.4,0.82854762,165
1769234400,89656.4,89656.4,89597.6,89633.2,4.22949291,216
1769235300,89633.2,89633.2,89518.7,89527.3,5.2403391,187
1769236200,89527.3,89527.3,89527.2,89527.3,1.9973931500000002,155
1769237100,89527.3,89527.3,89527.2,89527.2,0.59744623,124
1769238000,89527.3,89527.3,89506.4,89506.5,1.62945441,181
1769238900,89506.4,89506.5,89435.5,89450.2,1.88419022,251
1769239800,89450.3,89509.0,89450.2,89508.9,1.76736787,158
1769240700,89509.0,89539.8,89479.6,89479.7,0.97346487,184
1769241600,89479.7,89482.0,89455.0,89455.1,1.50753159,239
1769242500,89455.0,89465.2,89455.0,89465.1,0.64688414,90
1769243400,89465.2,89527.3,89465.1,89527.3,0.78872814,127
1769244300,89527.3,89527.3,89502.6,89502.6,1.89245609,133
1769245200,89502.7,89518.5,89481.5,89518.4,2.51494303,166
1769246100,89518.4,89518.4,89491.5,89491.6,0.50731959,98
1769247000,89491.6,89491.6,89462.7,89462.9,0.31847865,108
1769247900,89462.8,89462.9,89457.0,89457.1,0.4271148,148
1769248800,89457.1,89499.8,89457.0,89499.8,1.83078217,170
1769249700,89499.7,89499.8,89499.7,89499.7,0.11011466,96
1769250600,89499.8,89499.8,89448.3,89448.3,9.29495125,179
1769251500,89448.4,89495.4,89448.3,89495.4,1.2485466,130
1769252400,89495.4,89495.4,89440.6,89467.1,18.14548004,208
1769253300,89467.1,89484.1,89467.0,89484.1,2.04031198,174
1769254200,89484.0,89505.4,89484.0,89505.4,2.2463821,161
1769255100,89505.3,89505.4,89457.8,89457.8,4.07148066,181
1769256000,89457.8,89457.8,89399.2,89399.2,1.53007508,221
1769256900,89399.3,89428.3,89399.2,89411.7,2.65279475,193
1769257800,89411.7,89436.5,89366.6,89366.6,1.01019846,212
1769258700,89366.7,89377.0,89366.7,89377.0,0.69553499,149
1769259600,89377.0,89384.0,89376.9,89384.0,1.21033873,160
1769260500,89383.9,89384.0,89383.7,89383.8,0.79766342,166
1769261400,89383.8,89383.8,89383.7,89383.8,0.5511904,152
1769262300,89383.8,89383.8,89257.4,89257.4,1.3934941,225
1769263200,89257.4,89340.8,89055.7,89330.2,7.53899206,634
1769264100,89330.2,89330.2,89308.8,89326.6,2.15584635,234
1769265000,89326.6,89371.6,89317.6,89360.8,2.59066637,237
1769265900,89360.8,89360.8,89311.5,89311.6,0.87913532,219
1769266800,89311.6,89339.0,89301.2,89324.3,8.24023217,356
1769267700,89324.4,89324.4,89250.0,89250.0,4.59900674,309
1769268600,89250.0,89294.0,89216.1,89216.1,8.7576796,358
1769269500,89216.2,89218.9,89140.9,89142.8,3.2625428100000002,250
1769270400,89142.9,89200.8,89063.7,89106.3,4.9925716,475
1769271300,89106.3,89113.6,89050.0,89113.6,4.03392176,358
1769272200,89113.6,89113.6,89067.0,89067.1,3.31691996,270
1769273100,89067.1,89155.3,89038.1,89148.7,3.17622279,314
1769274000,89148.8,89232.1,89134.2,89232.1,2.67835409,288
1769274900,89232.1,89260.5,89221.1,89260.4,2.6466421,266
1769275800,89260.5,89260.5,89184.2,89184.2,1.69496443,281
1769276700,89184.2,89256.1,89178.7,89256.0,2.91750104,259
1769277600,89256.1,89265.0,89241.5,89265.0,2.5576307199999997,326
1769278500,89265.0,89267.1,89254.3,89260.0,4.90320701,248
1769279400,89260.0,89311.5,89259.9,89287.5,1.98965465,255
1769280300,89287.5,89287.6,89257.3,89257.5,0.97880015,204
1769281200,89257.5,89257.5,89200.0,89200.1,2.12532318,249
1769282100,89200.1,89200.1,89137.2,89148.0,5.24644377,270
1769283000,89148.1,89164.6,89148.0,89164.6,11.11916475,220
1769283900,89164.6,89206.2,89164.6,89183.4,1.06671497,218
1769284800,89183.4,89233.4,89183.3,89233.3,3.0477741,246
1769285700,89233.3,89254.2,89224.9,89254.2,4.42260467,214
1769286600,89254.1,89254.2,89236.5,89238.4,2.71784476,261
1769287500,89238.3,89245.9,89238.3,89245.9,2.07341503,233
1769288400,89245.9,89245.9,89128.0,89134.4,6.08513093,327
1769289300,89134.4,89198.8,89134.4,89183.3,2.89843482,292
1769290200,89183.3,89221.7,89183.1,89221.7,1.51088728,218
1769291100,89225.7,89245.9,89208.6,89245.9,1.87789,253
1769292000,89245.9,89345.6,89245.8,89345.6,8.07851976,303
1769292900,89345.7,89345.7,89268.5,89268.6,1.26213341,213
1769293800,89268.6,89268.6,89187.8,89187.8,3.37015041,234
1769294700,89187.9,89293.9,89187.8,89290.6,5.50846533,281
1769295600,89290.7,89300.0,89179.5,89182.5,8.16433304,366
1769296500,89182.6,89241.7,89182.5,89233.8,3.16955452,289
1769297400,89233.8,89233.8,89182.5,89182.6,2.00394613,218
1769298300,89182.6,89182.6,89079.5,89079.6,1.10441022,232
1769299200,89079.6,89129.5,89079.5,89112.2,1.16288597,258
1769300100,89112.3,89150.3,89063.1,89063.2,2.46813648,271
1769301000,89063.3,89110.0,89041.5,89110.0,1.59364093,268
1769301900,89110.0,89146.6,89110.0,89146.6,0.65358798,194
1769302800,89146.6,89177.0,89117.7,89117.7,0.80543674,190
1769303700,89117.8,89117.8,89074.2,89077.1,14.74028457,268
1769304600,89077.1,89077.1,88961.0,88984.0,37.31285444,502
1769305500,88984.0,89046.8,88983.9,89038.2,5.46858829,246
1769306400,89038.2,89100.3,89038.1,89092.8,2.30130121,336
1769307300,89092.9,89092.9,89010.8,89010.9,0.6933936900000001,177
1769308200,89010.8,89041.2,89010.8,89032.2,1.12203147,194
1769309100,89032.2,89032.2,88994.4,88994.5,1.6944949599999999,206
1769310000,88994.5,89024.9,88994.4,88994.9,2.77361624,240
1769310900,88994.8,88994.9,88876.0,88900.1,8.958267,340
1769311800,88900.1,88900.1,88731.4,88798.3,5.16145605,452
1769312700,88798.3,88849.5,88726.1,88849.5,9.204656289999999,341
1769313600,88849.5,88870.7,88813.1,88838.8,2.4751928,275
1769314500,88838.9,88853.0,88824.5,88839.2,3.01567666,207
1769315400,88839.1,88950.0,88839.1,88949.8,1.96560129,211
1769316300,88949.8,88949.8,88888.1,88888.1,1.16983905,164
1769317200,88888.1,88907.4,88841.7,88902.6,16.38057335,361
1769318100,88902.5,88905.5,88860.4,88860.5,0.58724115,165
1769319000,88860.5,88860.5,88693.6,88745.7,54.46933133,330
1769319900,88745.7,88838.3,88745.6,88838.3,10.19254091,167
1769320800,88838.3,88849.3,88571.7,88578.3,11.11085491,518
1769321700,88578.3,88677.0,88517.2,88676.9,2.73949817,245
1769322600,88677.0,88732.4,88584.3,88713.6,5.52795534,300
1769323500,88713.6,88722.3,88700.7,88718.9,3.03553346,199
1769324400,88719.0,88719.0,88606.3,88609.4,4.03642111,288
1769325300,88609.3,88647.8,88591.3,88647.8,2.395722,172
1769326200,88647.8,88647.8,88588.6,88588.6,1.12323705,182
1769327100,88588.6,88588.6,88500.0,88513.0,3.28511265,293
1769328000,88513.1,88623.4,88500.0,88581.8,5.85182849,311
1769328900,88581.7,88581.8,88557.2,88563.2,2.6843093700000002,189
1769329800,88563.2,88563.2,86362.0,88168.5,622.37359083,3851
1769330700,88168.4,88182.5,87972.5,88178.9,34.94114744,638
1769331600,88178.9,88231.4,88111.1,88213.7,7.9545048000000005,386
1769332500,88213.7,88316.4,88195.4,88316.3,20.36962752,362
1769333400,88316.4,88346.7,88199.0,88339.6,2.34711028,287
1769334300,88339.5,88339.6,88249.0,88250.9,3.55228376,254
1769335200,88250.9,88355.8,88250.8,88355.7,4.45076959,367
1769336100,88355.7,88467.7,88355.7,88467.7,2.35398367,246
1769337000,88467.7,88481.6,88410.0,88458.8,1.95973065,195
1769337900,88465.5,88513.2,88410.0,88513.2,1.5399512,202
1769338800,88513.3,88513.3,88452.0,88480.0,0.65003665,305
1769339700,88480.0,88500.0,88457.8,88500.0,13.935818059999999,275
1769340600,88500.0,88534.7,88442.0,88459.7,7.00224212,189
1769341500,88459.6,88459.7,88410.0,88430.0,1.4658457,206
1769342400,88430.1,88467.8,88310.8,88467.8,2.91509171,287
1769343300,88467.7,88598.4,88408.5,88543.8,5.48597431,307
1769344200,88543.8,88598.3,88543.7,88598.3,1.88701571,163
1769345100,88598.3,88640.9,88573.9,88640.1,2.81403381,233
1769346000,88640.2,88699.0,88620.6,88620.6,5.12060581,289
1769346900,88620.7,88682.9,88555.8,88555.9,3.61096511,204
1769347800,88555.8,88699.0,88506.0,88699.0,14.26635161,275
1769348700,88698.9,88822.0,88698.9,88778.6,4.98041638,291
1769349600,88778.6,88800.6,88679.3,88750.0,6.87326047,385
1769350500,88750.0,88776.8,88516.3,88575.2,10.0251921,399
1769351400,88575.3,88602.4,88457.2,88555.5,7.74605369,428
1769352300,88555.5,88580.3,88502.1,88580.2,1.74502319,315
1769353200,88580.3,88616.5,88548.0,88616.5,2.19882904,239
1769354100,88616.5,88616.5,88515.0,88609.9,3.3781187999999998,280
1769355000,88609.9,88609.9,88530.1,88539.6,8.24421315,280
1769355900,88539.7,88539.7,88250.0,88316.3,24.20699943,600
1769356800,88316.3,88316.3,87728.4,87786.8,185.89008586,2035
1769357700,87786.8,87973.4,87429.2,87965.7,64.62643358,1801
1769358600,87934.1,88000.0,87646.8,87792.0,26.23797561,939
1769359500,87792.0,87999.8,87680.0,87952.8,10.22921027,669
1769360400,87952.8,87956.5,87744.1,87755.9,10.36342906,592
1769361300,87744.1,87876.3,87627.5,87778.9,37.97924698,807
1769362200,87778.9,87870.3,87677.4,87869.2,34.58131524,638
1769363100,87869.1,87869.2,87720.2,87750.8,10.43932184,471
1769364000,87750.9,87832.9,87400.0,87591.2,16.22776679,837
1769364900,87591.2,87750.3,87295.9,87410.1,56.946534480000004,1441
1769365800,87410.1,87458.8,86721.3,86955.8,111.88626274,2430
1769366700,86955.8,87335.5,86878.6,87295.6,58.97742515,1557
1769367600,87295.6,87359.9,87089.9,87187.6,11.2082904,814
1769368500,87187.5,87199.9,86351.2,86380.8,178.89407707,2634
1769369400,86380.8,86712.5,86168.4,86608.1,83.28402087,2009
1769370300,86608.1,86608.1,86107.0,86379.6,36.58732494,1624
1769371200,86379.6,86609.1,86279.2,86341.6,33.5194941,1133
1769372100,86335.3,86434.2,86180.0,86385.0,34.98886135,1032
1769373000,86385.1,86408.1,86129.9,86200.0,38.07862349,1090
1769373900,86200.0,86563.8,86180.1,86538.7,64.39841073,1013
1769374800,86538.6,86830.3,86538.6,86830.3,32.67324855,990
1769375700,86830.3,86892.8,86730.8,86879.3,58.99407833,859
1769376600,86879.2,86879.3,86310.9,86443.5,32.49962181,891
1769377500,86443.4,86559.0,86405.4,86484.7,20.14536718,784
1769378400,86484.7,86484.7,86200.0,86407.8,92.90809407,1082
1769379300,86407.8,86407.8,86153.7,86235.0,42.78850923,898
1769380200,86235.0,86587.4,86115.2,86532.5,52.53141507,1290
1769381100,86536.3,86549.1,86202.4,86420.6,11.49082482,604
1769382000,86420.7,86475.6,86007.0,86291.0,39.00819054,1367
1769382900,86290.9,86615.4,86150.0,86405.2,31.354276040000002,1081
1769383800,86405.2,86497.4,86178.2,86325.6,17.29130412,785
1769384700,86328.5,86674.1,86328.5,86572.3,13.31825248,714
1769385600,86572.3,86980.8,86549.2,86925.3,57.99031344,1137
1769386500,86934.1,87078.7,86697.9,86751.8,12.05693949,841
1769387400,86751.8,86751.8,86523.7,86525.1,4.3232836400000005,478
1769388300,86525.1,86863.8,86430.5,86754.9,9.22362292,620
1769389200,86755.0,87331.8,86725.6,87159.4,19.77922404,1093
1769390100,87159.5,87647.9,87159.5,87508.3,21.43753869,892
1769391000,87520.4,87628.8,87484.5,87563.7,7.71715335,646
1769391900,87563.8,87716.1,87429.6,87579.6,24.82282274,918
1769392800,87579.6,87589.8,87341.0,87399.5,24.20487687,681
1769393700,87399.5,87809.9,87392.5,87779.0,17.79110185,649
1769394600,87779.0,87827.4,87524.5,87524.5,8.11059148,550
1769395500,87501.8,87547.0,87371.1,87414.9,23.96240376,491
1769396400,87440.9,87552.4,87375.5,87434.6,7.18364969,487
1769397300,87434.7,87463.5,87321.8,87321.8,3.87305132,401
1769398200,87320.1,87354.0,87140.2,87204.7,6.51203223,386
1769399100,87204.7,87225.0,86986.7,87146.8,22.39164067,451
1769400000,87146.8,87412.4,87114.5,87360.8,14.89324164,468
1769400900,87360.7,88171.7,87360.7,87740.2,469.39286263,1033
1769401800,87740.2,87842.6,87623.3,87649.4,21.94083485,472
1769402700,87649.4,87722.4,87602.7,87617.3,4.62710584,384
1769403600,87617.4,87697.0,87555.0,87619.1,4.68183188,324
1769404500,87619.1,87747.8,87619.1,87747.5,8.65948834,419
1769405400,87747.4,87790.9,87645.5,87718.4,2.22671242,324
1769406300,87718.4,87842.5,87688.0,87712.0,16.27997682,453
1769407200,87712.0,87787.2,87641.3,87641.5,1.75767362,381
1769408100,87641.5,87848.9,87641.4,87824.3,11.91707139,391
1769409000,87824.4,87844.4,87736.8,87824.3,8.08576256,310
1769409900,87824.3,87897.4,87750.0,87822.6,17.71944474,426
1769410800,87822.7,87894.3,87737.2,87894.3,4.0874221,327
1769411700,87894.3,87960.5,87686.3,87686.4,3.53546324,395
1769412600,87686.3,87897.1,87581.5,87821.0,10.86580573,440
1769413500,87821.0,87912.9,87790.3,87906.1,3.4220433,334
1769414400,87906.1,88070.0,87865.1,87865.1,18.83064757,801
1769415300,87847.0,88263.3,87749.2,88092.8,14.4693916,603
1769416200,88092.9,88123.2,87941.0,87941.0,2.01648145,317
1769417100,87941.1,87989.7,87868.9,87878.2,1.44432478,232
1769418000,87874.3,87894.5,87657.3,87703.4,7.19602931,432
1769418900,87703.5,87729.1,87636.2,87693.0,0.89493002,247
1769419800,87693.0,87693.0,87586.3,87685.7,0.63167725,221
1769420700,87685.7,87694.2,87510.1,87563.5,8.61400492,375
1769421600,87566.3,87810.3,87566.3,87739.9,2.72273899,301
1769422500,87739.9,87820.0,87688.7,87804.3,2.8159779400000002,246
1769423400,87804.3,87846.9,87756.2,87789.8,5.6041360000000005,213
1769424300,87789.7,87839.5,87789.7,87795.6,0.62777472,173
1769425200,87795.6,87885.1,87795.6,87885.0,8.62535172,278
1769426100,87884.9,87885.0,87702.6,87702.6,6.85351922,303
1769427000,87702.5,87778.1,87686.3,87754.4,0.63826469,204
1769427900,87754.3,87761.0,87720.0,87749.7,1.2611934200000001,244
1769428800,87749.8,87868.6,87671.5,87791.7,5.16826267,316
1769429700,87791.7,87838.9,87740.7,87794.0,6.0410052,254
1769430600,87794.1,87794.1,87626.9,87660.4,13.65414209,270
1769431500,87660.3,87724.1,87660.3,87695.1,1.64548419,197
1769432400,87695.1,87761.9,87601.1,87726.1,4.92974734,374
1769433300,87726.1,87861.4,87722.6,87810.1,22.6872359,366
1769434200,87810.1,87945.5,87794.0,87922.5,5.09919977,353
1769435100,87922.5,87922.6,87844.2,87874.0,3.36826174,327
1769436000,87874.0,87904.0,87570.7,87598.8,9.51717846,588
1769436900,87598.9,87723.9,87553.9,87569.7,17.76932505,529
1769437800,87569.8,88400.0,87375.0,88070.2,81.30266523,1788
1769438700,88054.1,88196.8,87743.2,88103.3,26.22477973,885
1769439600,88103.4,88695.6,87976.0,88645.3,32.98987971,1299
1769440500,88645.3,88747.4,88269.7,88406.8,61.58738544,1044
1769441400,88406.8,88406.8,87303.3,87385.9,54.77599739,1414
1769442300,87385.9,87616.0,87207.0,87545.3,29.06321998,1067
1769443200,87545.3,87669.5,87171.0,87309.1,27.60078595,967
1769444100,87309.0,87846.7,87133.0,87604.7,31.08452049,955
1769445000,87604.7,87678.6,87331.0,87355.9,35.6305412,825
1769445900,87356.0,87829.6,87326.2,87531.7,16.80130753,841
1769446800,87531.7,87683.5,87311.0,87348.9,39.46527252,732
1769447700,87348.9,87427.3,87124.4,87311.0,49.36186474,868
1769448600,87311.0,87502.6,86950.7,87432.0,46.04265961,973
1769449500,87432.0,87653.8,87427.3,87600.0,18.64686035,701
1769450400,87600.0,87758.9,87570.0,87747.3,30.37133235,708
1769451300,87747.2,88015.6,87660.8,88009.0,28.47717926,907
1769452200,88009.1,88248.9,87908.3,87910.5,48.0419692,1098
1769453100,87919.9,88311.5,87853.0,88311.5,10.19608304,758
1769454000,88311.8,88459.4,88228.4,88287.0,30.32356147,1023
1769454900,88287.0,88322.7,88040.7,88077.6,42.213788890000004,627
1769455800,88077.5,88239.1,88015.0,88171.9,35.26434759,687
1769456700,88172.0,88173.6,87857.4,87914.8,9.15423533,536
1769457600,87914.8,88011.3,87825.0,87825.1,20.32645826,778
1769458500,87825.1,87922.0,87720.3,87777.7,20.5896793,831
1769459400,87777.8,87798.2,87678.4,87693.1,8.71031745,494
1769460300,87693.0,87729.4,87452.8,87514.2,15.77369271,663
1769461200,87514.3,87746.5,87491.9,87746.5,19.44396875,545
1769462100,87746.5,87825.2,87668.9,87825.2,13.3618594,507
1769463000,87825.2,88141.9,87783.8,88036.7,24.576253519999998,756
1769463900,88036.6,88060.4,87916.4,87961.2,8.2708361,461
1769464800,87961.2,88040.2,87941.2,88008.6,18.20586455,477
1769465700,88008.6,88040.1,87897.9,87994.1,12.25857913,407
1769466600,87994.1,88174.2,87957.8,88021.2,8.98085579,546
1769467500,88021.2,88139.6,88021.2,88043.1,6.91420998,421
1769468400,88037.4,88077.1,87944.6,88077.1,12.61443857,465
1769469300,88077.1,88339.1,88041.6,88339.1,13.31291658,590
1769470200,88339.2,88534.9,88339.2,88450.0,23.67554769,593
1769471100,88450.2,88450.2,88247.3,88247.4,17.07098526,414
1769472000,88247.4,88299.7,88121.4,88140.4,12.27251446,437
1769472900,88140.4,88349.9,88136.8,88298.3,14.13686504,516
1769473800,88298.3,88298.3,88170.9,88200.0,1.24827439,259
1769474700,88200.0,88299.3,88158.0,88256.1,3.4118986700000002,322
1769475600,88256.1,88256.1,88096.8,88149.9,3.04645834,297
1769476500,88150.0,88345.6,88135.1,88345.6,23.85234811,412
1769477400,88345.6,88577.7,88306.3,88529.2,14.74476729,688
1769478300,88529.2,88577.7,88416.1,88451.4,13.22754524,393
1769479200,88451.4,88663.4,88451.3,88587.0,9.75956344,546
1769480100,88587.0,88617.5,88455.2,88478.6,5.87405597,315
1769481000,88451.4,88700.9,88451.4,88615.3,4.42547907,365
1769481900,88615.3,88747.0,88615.2,88712.8,1.29815629,354
1769482800,88712.8,88774.3,88483.5,88496.1,7.93314421,458
1769483700,88521.1,88610.8,88505.6,88608.0,4.94577964,313
1769484600,88608.0,88706.6,88570.1,88692.9,3.27666351,275
1769485500,88692.9,88692.9,88601.9,88654.3,4.90699229,286
1769486400,88668.2,88903.1,88592.9,88705.1,40.38552669,674
1769487300,88705.1,88765.2,88668.7,88700.7,5.36818713,388
1769488200,88700.6,88700.7,88571.7,88571.8,3.9683896699999996,302
1769489100,88571.8,88571.8,88392.1,88466.9,13.21675675,344
1769490000,88466.9,88466.9,88324.0,88324.0,5.51372835,298
1769490900,88324.1,88378.0,88291.1,88377.9,2.29753893,242
1769491800,88378.0,88428.0,88378.0,88378.5,1.8547291,244
1769492700,88378.5,88428.0,88320.0,88331.7,2.91609926,229
1769493600,88331.7,88446.0,88331.6,88364.8,11.070646909999999,321
1769494500,88364.9,88382.5,88274.4,88274.5,2.01248816,268
1769495400,88274.5,88274.5,88184.8,88184.8,2.03705205,281
1769496300,88174.2,88220.0,88168.3,88214.4,1.75417581,207
1769497200,88214.4,88368.4,88214.3,88368.3,25.44041519,350
1769498100,88368.4,88391.4,88321.9,88391.3,3.07035207,278
1769499000,88391.4,88451.5,88346.5,88346.5,4.76640895,254
1769499900,88346.5,88346.6,88216.0,88216.1,5.85134807,296
1769500800,88216.1,88269.4,88209.2,88254.0,9.94307817,420
1769501700,88254.0,88289.6,88125.6,88128.6,7.92416728,319
1769502600,88128.6,88194.0,88103.7,88111.7,1.8828980400000002,303
1769503500,88111.8,88111.8,88000.1,88060.5,1.62615952,271
1769504400,88060.5,88060.5,87889.0,87896.2,10.19300965,351
1769505300,87896.2,87938.0,87857.6,87883.5,3.88235811,274
1769506200,87883.6,87931.6,87820.8,87895.6,3.6039642,292
1769507100,87895.6,87924.2,87752.0,87759.9,8.44580326,327
1769508000,87759.9,87911.7,87759.8,87865.4,3.91119112,272
1769508900,87865.4,87930.8,87859.4,87875.7,11.97454724,189
1769509800,87875.7,87875.7,87688.8,87688.9,17.01812252,325
1769510700,87688.8,87716.8,87636.3,87656.1,7.28711201,339
1769511600,87656.1,87772.8,87636.2,87772.8,5.12948418,309
1769512500,87772.7,87772.8,87682.4,87747.0,3.04878288,216
1769513400,87747.0,87932.2,87746.9,87932.2,3.47226358,232
1769514300,87932.0,87976.4,87874.5,87874.6,4.2285504000000005,317
1769515200,87874.6,87954.3,87850.0,87954.3,2.41974685,244
1769516100,87954.2,88034.5,87917.2,87917.3,2.490441,252
1769517000,87917.2,87930.2,87885.8,87885.9,3.70310202,206
1769517900,87885.8,87902.0,87838.7,87847.9,1.68899268,265
1769518800,87847.9,87881.2,87789.5,87789.6,1.9479104,288
1769519700,87789.5,87789.6,87682.4,87689.3,4.1952392099999996,400
1769520600,87689.2,87942.7,87682.5,87910.9,12.71694374,467
1769521500,87910.9,87914.9,87753.4,87838.3,1.59607792,329
1769522400,87838.3,88174.1,87838.3,88174.1,18.32599813,539
1769523300,88174.1,88314.1,88097.8,88140.9,13.51144416,747
1769524200,88141.0,88199.9,87541.9,87541.9,40.58841609,1173
1769525100,87541.9,87804.0,87531.6,87605.1,25.48567868,864
1769526000,87602.8,88044.8,87457.7,87843.2,25.6404583,1068
1769526900,87843.3,87878.6,87501.9,87502.0,31.68776983,935
1769527800,87501.9,87705.9,87491.3,87574.3,27.284950900000002,906
1769528700,87574.3,87941.2,87567.6,87912.9,18.3814603,1008
1769529600,87913.0,88574.1,87881.0,88312.5,46.23602523,1475
1769530500,88312.6,88499.4,88182.9,88246.2,36.33326086,905
1769531400,88246.2,88675.9,88246.2,88657.5,29.53927821,891
1769532300,88627.2,88705.7,88510.9,88515.2,29.50741415,698
1769533200,88515.2,88569.3,87871.0,87889.9,14.779713430000001,846
1769534100,87889.9,87889.9,87500.0,87791.6,21.94722988,1032
1769535000,87791.7,87878.6,87227.1,87251.9,63.40838045,1353
1769535900,87251.8,87446.2,87206.2,87432.0,10.40187869,848
1769536800,87432.0,87741.5,87353.5,87519.6,9.28516773,870
1769537700,87519.6,87822.2,87519.6,87749.2,16.25608968,671
1769538600,87749.2,87825.7,87634.1,87704.4,4.89305805,504
1769539500,87704.4,88368.1,87704.4,88157.8,16.77644915,899
1769540400,88157.8,88198.9,87936.3,88090.6,6.46856627,619
1769541300,88090.7,88222.9,88075.3,88116.0,12.49934009,479
1769542200,88116.0,88400.0,88041.3,88399.9,21.77784261,610
1769543100,88382.3,88382.3,88231.9,88268.5,22.16472548,589
1769544000,88268.5,88619.7,88268.4,88619.6,40.83076111,831
1769544900,88619.7,89078.2,88555.7,89031.9,157.06479797,1541
1769545800,89032.0,89032.0,88716.0,88806.9,23.28705256,827
1769546700,88806.9,89356.4,88806.9,89292.7,104.42493033,1465
1769547600,89292.6,89436.2,89151.2,89261.1,10.39058456,930
1769548500,89261.1,89344.0,89106.4,89155.5,20.92355903,534
1769549400,89155.5,89181.6,89050.0,89069.1,41.8012997,583
1769550300,89103.7,89174.5,88904.4,88940.2,6.79488377,437
1769551200,88954.8,89087.5,88954.7,89044.5,3.45752871,422
1769552100,89044.6,89147.8,88902.3,89049.3,40.5548453,458
1769553000,89047.7,89300.0,89010.6,89243.2,6.2570910699999995,576
1769553900,89235.6,89235.6,89130.9,89130.9,2.31433634,304
1769554800,89130.9,89174.0,89026.8,89174.0,8.02844057,441
1769555700,89173.9,89430.0,89171.3,89400.0,35.71916366,559
1769556600,89400.0,89400.0,89259.8,89300.0,3.5546427,354
1769557500,89300.0,89372.9,89101.8,89124.1,10.756194240000001,370
1769558400,89124.1,89159.9,89035.0,89114.9,10.579709919999999,394
1769559300,89115.0,89280.0,89062.5,89200.6,2.19073447,332
1769560200,89200.6,89200.6,89059.3,89077.9,1.23427671,323
1769561100,89078.0,89325.0,89078.0,89325.0,2.6910583,352
1769562000,89325.0,89348.8,89239.3,89245.4,2.9105114,441
1769562900,89245.4,89370.0,89173.3,89203.5,25.33553499,477
1769563800,89203.5,89235.1,89084.1,89235.1,0.9455798400000001,307
1769564700,89235.0,89365.4,89191.3,89286.0,6.54369945,354
1769565600,89286.1,89311.8,89168.8,89168.9,2.74374592,368
1769566500,89168.9,89250.0,89122.4,89211.7,1.76659709,341
1769567400,89211.6,89247.9,89032.5,89032.6,1.73398627,357
1769568300,89032.5,89152.9,88972.5,89152.9,8.22215192,319
1769569200,89153.0,89169.6,88927.2,88949.2,8.80207841,388
1769570100,88949.3,88984.0,88891.4,88927.4,3.21085428,302
1769571000,88927.4,89013.6,88882.8,88919.6,13.33520748,297
1769571900,88938.8,89046.9,88938.7,88990.7,2.27601146,295
1769572800,88990.8,89029.8,88800.6,88800.6,2.41951717,342
1769573700,88800.6,88800.7,88723.6,88800.7,9.39330762,382
1769574600,88804.9,88987.9,88765.6,88880.5,1.25198355,346
1769575500,88880.6,88880.6,88843.7,88847.7,1.4623822,241
1769576400,88847.8,88929.8,88800.1,88800.1,6.96700155,294
1769577300,88800.1,88804.8,88735.8,88759.9,0.99991643,233
1769578200,88759.9,88896.3,88756.6,88766.6,26.03443704,452
1769579100,88766.6,88970.7,88766.6,88970.7,29.79434908,429
1769580000,88970.7,89154.0,88970.7,89129.3,13.61876725,413
1769580900,89129.3,89152.9,89066.5,89070.5,11.21877256,317
1769581800,89070.5,89190.0,89006.2,89050.6,7.7104721,287
1769582700,89050.5,89259.9,89023.0,89205.2,2.80040016,315
1769583600,89205.2,89205.2,89073.0,89095.7,1.5085217,303
1769584500,89095.8,89143.7,89060.6,89140.6,1.52495649,275
1769585400,89140.5,89140.5,89037.7,89113.7,1.21464418,289
1769586300,89113.7,89149.8,89000.0,89009.8,1.40831825,238
1769587200,89009.8,89121.7,88989.3,89017.7,2.82696417,415
1769588100,89017.7,89017.7,88871.2,88902.6,5.23074018,353
1769589000,88902.6,88978.4,88880.2,88973.5,4.0574891200000005,342
1769589900,88973.4,88973.4,88775.0,88800.0,1.98794894,325
1769590800,88800.0,88880.5,88750.0,88840.0,2.16330865,342
1769591700,88840.1,88862.4,88750.1,88862.4,3.72883948,302
1769592600,88862.3,89288.0,88862.3,89190.7,15.08391886,545
1769593500,89190.7,89444.8,89167.2,89444.8,8.71225608,363
1769594400,89437.4,89472.8,89312.0,89429.7,19.53041119,569
1769595300,89444.2,89566.4,89211.8,89212.0,28.1622931,587
1769596200,89212.1,89375.0,89212.0,89373.1,8.52557015,333
1769597100,89373.1,89381.4,89295.3,89295.3,1.96863291,230
1769598000,89288.4,89350.7,89152.8,89201.6,15.44640953,312
1769598900,89201.7,89313.3,89196.6,89313.3,2.78397899,278
1769599800,89313.3,89538.2,89226.1,89538.2,6.79326414,438
1769600700,89538.3,90000.0,89482.1,89955.9,83.45522403,1619
1769601600,89956.0,90034.5,89805.0,89821.6,30.25489713,736
1769602500,89810.0,89850.2,89685.5,89739.7,5.9196872,404
1769603400,89739.8,89863.9,89694.9,89780.4,2.80963096,403
1769604300,89780.4,89906.4,89678.0,89860.0,9.22716908,494
1769605200,89860.0,90216.3,89850.0,90069.9,23.08624851,976
1769606100,90064.9,90146.0,89932.3,89993.2,18.7856676,614
1769607000,89993.3,90349.1,89986.9,90282.0,34.65192106,915
1769607900,90282.0,90320.4,90064.4,90130.8,36.05126508,826
1769608800,90130.8,90139.2,90006.1,90016.2,27.16875495,574
1769609700,90016.2,90042.0,89807.9,89897.3,43.88615149,676
1769610600,89890.7,90000.0,89504.2,89558.2,29.31491685,1097
1769611500,89558.2,89640.9,89337.4,89513.0,23.94527364,994
1769612400,89490.2,89723.0,88954.9,88960.7,39.49630448,1085
1769613300,88960.6,89199.6,88764.0,89128.1,60.163397429999996,1231
1769614200,89128.2,89405.0,89123.2,89395.6,14.26097578,696
1769615100,89395.6,89500.0,89200.0,89359.6,22.32923206,773
1769616000,89359.7,89405.0,89124.8,89143.7,29.25861393,754
1769616900,89143.7,89656.6,89143.6,89634.8,13.05498792,885
1769617800,89634.8,89702.0,89356.0,89424.5,8.08062157,774
1769618700,89424.6,89610.0,89391.8,89520.6,9.21652825,554
1769619600,89520.7,89650.0,89472.7,89600.8,24.135161150000002,701
1769620500,89600.8,89600.8,89444.6,89450.0,5.14906703,606
1769621400,89468.9,89841.0,89179.2,89731.1,22.52191482,1034
1769622300,89731.1,90438.3,89730.2,90042.5,88.76101119,1837
1769623200,90042.6,90042.6,89399.5,89697.0,50.07594114,1460
1769624100,89697.0,89814.0,89589.3,89648.2,10.25354937,668
1769625000,89648.2,89686.8,89462.3,89519.2,26.96686473,641
1769625900,89519.3,89519.3,89217.2,89395.8,11.192736309999999,663
1769626800,89416.0,89591.2,88970.0,89249.8,48.32129148,1496
1769627700,89249.8,89497.0,89174.5,89294.4,3.66926869,663
1769628600,89294.3,89412.4,88889.0,88907.7,16.5587344,1237
1769629500,88907.7,89456.2,88907.7,89252.1,34.59354833,995
1769630400,89263.1,89485.2,89210.7,89465.9,5.68497215,708
1769631300,89465.9,89754.6,89331.2,89659.6,66.54405089,1021
1769632200,89659.5,89659.5,89057.8,89113.1,33.76852364,886
1769633100,89113.1,89113.1,88875.3,88953.5,30.79888054,1085
1769634000,88971.6,89061.7,88719.2,89061.7,36.12454648,1039
1769634900,89063.6,89131.8,89005.5,89039.6,24.63858704,595
1769635800,89039.6,89331.6,88929.0,89276.5,11.837562310000001,556
1769636700,89276.4,89335.0,89191.1,89281.5,6.53641012,371
1769637600,89281.5,89340.0,89126.0,89152.1,7.01767767,434
1769638500,89152.1,89152.1,89006.8,89131.0,14.20022725,403
1769639400,89145.8,89152.3,89070.7,89101.6,2.46523185,320
1769640300,89101.6,89261.6,89101.6,89245.4,3.59413297,365
1769641200,89245.4,89311.4,89198.9,89232.2,4.04752202,429
1769642100,89232.1,89325.7,89134.5,89172.7,7.18312991,386
1769643000,89172.6,89172.8,89081.4,89158.3,23.45674334,424
1769643900,89158.3,89257.5,89099.0,89159.6,5.22930963,468
1769644800,89159.7,89202.7,88951.2,88951.6,15.30619545,579
1769645700,88951.6,89001.4,88867.8,88867.8,15.89110591,429
1769646600,88882.3,89000.0,88834.7,88834.8,2.5497048700000002,404
1769647500,88834.8,89000.0,88780.1,88991.1,17.70692279,479
1769648400,88996.8,89030.3,88892.5,88957.2,5.03845835,462
1769649300,88957.2,88971.1,88249.8,88712.5,302.24027759,1359
1769650200,88688.2,88739.4,88611.3,88687.3,22.61839907,553
1769651100,88687.2,88740.4,88404.8,88461.4,16.55900296,676
1769652000,88461.4,88598.9,88320.0,88543.0,9.60953064,664
1769652900,88543.0,88581.7,88437.9,88461.0,6.22090324,384
1769653800,88461.0,88461.0,87920.0,88010.5,29.87813928,1428
1769654700,88010.5,88012.5,87581.4,87764.7,149.19172902,1456
1769655600,87764.7,88100.0,87642.2,87963.6,29.446134920000002,894
1769656500,87963.7,88049.1,87869.9,87892.4,8.05762678,713
1769657400,87892.4,87977.0,87812.0,87971.2,125.78550269,563
1769658300,87971.2,88010.5,87847.0,87922.0,28.35753889,464
1769659200,87922.0,87936.9,87822.0,87842.7,5.95683283,474
1769660100,87842.7,87921.8,87753.9,87910.7,8.04237736,405
1769661000,87924.2,88103.6,87924.2,88019.8,22.94546506,527
1769661900,88019.8,88225.3,88019.7,88177.8,8.01649822,389
1769662800,88177.9,88248.3,88130.8,88174.9,2.28707668,447
1769663700,88174.9,88200.0,88052.2,88056.2,5.22132543,411
1769664600,88056.2,88229.7,88056.2,88192.2,2.63234887,349
1769665500,88192.1,88192.1,88006.2,88045.3,1.87776162,360
1769666400,88045.3,88175.8,88035.1,88120.9,3.90484469,392
1769667300,88120.9,88170.5,88066.3,88114.7,2.2806964400000003,313
1769668200,88126.5,88197.9,88126.5,88189.9,1.06074074,335
1769669100,88189.9,88190.0,88125.3,88178.0,2.11113316,318
1769670000,88178.0,88247.1,88174.8,88190.3,3.8717604999999997,362
1769670900,88190.3,88199.0,88125.3,88134.9,2.3233281199999998,251
1769671800,88135.0,88207.9,88125.3,88188.3,6.87157431,347
1769672700,88206.8,88280.0,88156.9,88188.5,8.09704038,441
1769673600,88196.0,88196.0,87750.0,87808.1,14.44027919,456
1769674500,87808.2,88290.6,87787.2,88289.4,14.44116848,351
1769675400,88301.1,88333.0,87966.8,87966.9,9.3522179,403
1769676300,87966.9,88049.3,87818.9,87934.4,7.47336899,304
1769677200,87934.5,87996.1,87862.1,87862.2,2.71947542,364
1769678100,87862.1,87930.3,87855.0,87911.1,1.89104952,284
1769679000,87911.1,87969.2,87842.1,87889.1,8.50184637,264
1769679900,87889.1,87889.1,87758.5,87760.3,3.9784281,327
1769680800,87760.4,87817.8,87695.2,87782.6,7.99793677,374
1769681700,87782.6,87829.8,87757.0,87806.8,19.09649026,386
1769682600,87806.7,87806.8,87760.2,87770.4,2.35322244,282
1769683500,87770.5,87852.2,87679.4,87804.0,26.19887483,571
1769684400,87804.0,87910.0,87694.5,87868.8,22.03938652,564
1769685300,87868.8,87883.6,87617.7,87640.9,50.05330315,578
1769686200,87640.8,87747.0,87631.2,87658.0,5.03613656,389
1769687100,87658.0,87697.3,87611.6,87697.2,9.78797972,371
1769688000,87697.3,87885.0,87669.0,87855.9,2.7090147300000003,312
1769688900,87855.9,87932.7,87804.5,87805.4,9.11525956,359
1769689800,87805.4,87903.2,87700.0,87847.8,5.6625321,400
1769690700,87847.9,87957.6,87847.9,87957.5,3.07335678,424
1769691600,87957.6,87997.7,87948.2,87965.3,5.42607041,398
1769692500,87965.3,88000.0,87932.7,88000.0,5.38325266,380
1769693400,88000.0,88000.0,87910.6,87931.3,4.08270914,446
1769694300,87931.3,87931.3,87814.8,87894.0,32.55031221,673
1769695200,87894.0,87926.7,87813.2,87847.5,9.73530669,493
1769696100,87847.6,87904.9,87676.3,87693.8,7.4249028,634
1769697000,87693.9,87793.8,87400.1,87536.6,45.57520715,1741
1769697900,87536.6,87708.0,86868.0,86881.3,119.82241035,2188
1769698800,86881.4,86881.4,85198.7,85198.8,185.74831381,5571
1769699700,85198.7,85619.8,85097.4,85315.5,139.24070163,3684
1769700600,85315.5,85500.0,84300.0,84470.2,275.79793433,5510
1769701500,84470.3,85006.6,84242.0,84797.6,137.18222355,3097
1769702400,84788.8,84846.7,84314.9,84636.2,61.556804,2571
1769703300,84636.3,84798.9,84369.1,84382.3,53.41795772,1892
1769704200,84382.3,84679.8,84149.9,84518.2,136.0422058,2448
1769705100,84518.2,85240.5,84483.2,85153.6,32.68814965,1766
1769706000,85153.6,85347.6,84972.5,85101.3,28.1084935,1486
1769706900,85101.3,85474.7,84924.1,84938.9,49.40464112,1699
1769707800,84938.9,85002.5,84618.8,84722.6,10.95026409,1251
1769708700,84727.4,84766.6,83902.0,84105.9,134.40912505,2979
1769709600,84114.9,84476.8,84114.9,84405.1,36.70470403,1463
1769710500,84405.1,84422.0,83515.5,83753.6,193.63657383,3015
1769711400,83753.5,83946.1,83419.6,83889.9,53.429976939999996,2185
1769712300,83889.8,83889.9,83290.0,83337.1,95.88336127,2339
1769713200,83337.1,83517.6,83220.3,83504.7,100.57017833,1838
1769714100,83504.7,83770.2,83374.4,83616.8,74.04183902,1747
1769715000,83631.7,84163.1,83631.7,84006.0,64.66725856,2071
1769715900,84006.0,84085.4,83823.4,83840.9,58.08786975,2176
1769716800,83840.9,83935.8,83732.1,83759.1,43.811511780000004,1383
1769717700,83759.1,84042.0,83759.1,83843.9,26.860221720000002,1266
1769718600,83843.9,83981.9,83661.2,83931.0,32.72989459,1310
1769719500,83930.9,84222.0,83823.4,84050.7,28.06720375,1524
1769720400,84050.8,84310.3,84041.1,84273.7,28.07497079,1136
1769721300,84273.6,84273.6,84083.8,84226.1,13.67962214,864
1769722200,84220.7,84322.8,84150.0,84297.2,12.61240984,834
1769723100,84297.3,84502.5,84297.3,84380.6,24.27435801,862
1769724000,84380.7,84472.8,84178.3,84208.0,18.12604568,980
1769724900,84208.0,84317.2,84208.0,84290.8,8.96942488,560
1769725800,84290.8,84320.0,84242.3,84312.1,7.04646534,494
1769726700,84312.2,84439.9,84244.9,84425.2,19.77062563,554
1769727600,84425.2,84425.2,84301.3,84339.6,12.25594131,670
1769728500,84339.7,84517.3,84339.7,84442.5,14.11660732,564
1769729400,84442.5,84587.9,84442.5,84536.6,17.94491962,516
1769730300,84536.6,84588.4,84499.0,84515.1,2.2779911200000003,412
1769731200,84515.1,84596.4,84404.9,84405.6,11.83304264,690
1769732100,84405.6,84405.6,84184.4,84242.2,11.723054340000001,736
1769733000,84242.2,84277.0,84134.6,84245.7,19.84501439,664
1769733900,84245.6,84377.4,84032.1,84069.4,14.32237249,721
1769734800,84069.4,84069.4,83856.6,83990.2,32.49398554,901
1769735700,83990.2,84050.1,83374.1,83639.7,55.034247539999996,1661
1769736600,83639.7,83751.7,81000.1,81910.4,352.0438529,7182
1769737500,81907.2,82410.3,81492.0,82348.7,122.03767801,3567
1769738400,82348.7,82406.5,81774.1,81774.1,39.05984261,2116
1769739300,81774.1,81984.5,81100.1,81324.9,72.63293205,2370
1769740200,81325.0,81991.7,81041.4,81856.9,76.87410412,2288
1769741100,81857.0,82029.5,81750.1,82029.5,33.37838192,1391
1769742000,82029.5,82280.1,81935.5,82280.1,38.71596688,1362
1769742900,82280.1,82280.6,82100.0,82226.0,45.83956106,927
1769743800,82226.1,82395.0,82226.1,82362.0,5.14506258,765
1769744700,82361.9,82600.0,82321.1,82562.7,26.32167811,911
1769745600,82562.7,82860.5,82562.7,82860.5,16.41749663,745
1769746500,82865.7,83204.9,82803.8,82899.9,16.62680034,953
1769747400,82900.0,83068.4,82752.7,82785.0,15.60402058,602
1769748300,82785.1,82865.5,82758.6,82797.4,26.34316493,552
1769749200,82797.5,82913.3,82771.9,82823.2,5.49279215,653
1769750100,82845.7,83182.6,82791.0,83145.7,25.85406821,732
1769751000,83145.6,83177.1,82980.0,83000.6,3.84251316,448
1769751900,83000.6,83007.8,82773.1,82774.1,13.85161426,520
1769752800,82774.1,82788.7,82642.1,82665.7,13.21228139,754
1769753700,82665.7,82665.8,82266.0,82281.1,18.33238148,895
1769754600,82281.1,82350.8,82059.0,82063.3,18.24666757,844
1769755500,82059.0,82600.1,81950.8,82485.0,493.95589464,4199
1769756400,82485.0,82961.5,82485.0,82824.1,12.99823215,745
1769757300,82824.0,82876.4,82537.4,82537.5,18.29021428,543
1769758200,82537.4,82581.6,82355.0,82407.5,12.23541145,739
1769759100,82407.5,82781.4,82407.4,82684.5,11.456903650000001,535
1769760000,82684.5,82730.7,82455.1,82730.7,11.4777708,615
1769760900,82741.4,82821.2,82542.9,82542.9,11.4784954,561
1769761800,82542.9,82542.9,82305.6,82442.6,26.25900491,614
1769762700,82442.6,82540.4,82346.4,82520.4,5.33657629,482
1769763600,82520.4,82688.2,82470.7,82471.6,6.50348329,589
1769764500,82478.3,82504.9,82102.1,82272.0,44.29505636,835
1769765400,82272.1,82492.5,82272.1,82332.5,6.14312736,483
1769766300,82332.5,82332.5,82019.6,82214.2,27.13580928,586
1769767200,82217.0,82270.3,82034.5,82172.7,16.87346443,571
1769768100,82172.7,82454.2,82116.7,82393.4,5.26321811,480
1769769000,82393.4,82498.5,82367.5,82445.6,12.72298905,473
1769769900,82445.5,82726.0,82445.5,82691.4,7.55791381,595
1769770800,82691.4,82700.0,82614.1,82700.0,3.71328812,398
1769771700,82700.0,82768.4,82558.0,82603.3,6.83789588,459
1769772600,82603.3,82830.5,82602.6,82657.7,10.38625729,417
1769773500,82657.8,83157.8,82558.1,83014.0,13.91298707,731
1769774400,83014.0,83177.0,82808.5,82809.1,9.06083278,805
1769775300,82809.1,82809.1,82523.2,82599.2,8.20811301,699
1769776200,82599.2,82721.6,82546.7,82609.6,27.09193224,607
1769777100,82609.5,82771.3,82576.7,82649.3,3.95750397,621
1769778000,82649.3,82700.0,82404.4,82620.1,7.61429441,834
1769778900,82620.1,82656.4,82503.0,82558.5,20.53076282,697
1769779800,82558.6,82910.2,82285.8,82781.0,22.02058687,1198
1769780700,82781.0,82781.0,82500.3,82623.3,12.04283193,668
1769781600,82623.4,82985.6,82596.9,82843.7,33.9810566,1070
1769782500,82843.7,82985.2,82810.7,82840.2,6.91144573,772
1769783400,82840.3,83517.2,82656.0,83517.2,81.46016258,1753
1769784300,83517.3,83675.0,82785.9,82941.7,116.10709388,1761
1769785200,82941.7,83469.2,82887.9,83166.6,18.18010431,1282
1769786100,83194.5,83437.0,82488.8,82506.1,47.61866705,1526
1769787000,82506.1,83219.2,82249.3,83149.2,67.02494897,1819
1769787900,83149.1,83149.1,82753.0,82768.1,8.96930174,852
1769788800,82768.1,83059.6,82557.1,82955.4,79.09112929,1294
1769789700,82955.3,83122.8,82401.2,83025.2,44.67844063,1336
1769790600,83025.2,83339.0,82937.6,83270.9,44.23975105,1175
1769791500,83270.8,83270.8,82910.8,83021.8,33.46521941,959
1769792400,83013.6,83013.6,82518.7,82613.1,23.05512004,1243
1769793300,82613.1,83335.9,82525.4,83247.8,64.97071873,1376
1769794200,83247.9,83247.9,82750.1,83037.7,29.96958358,1321
1769795100,83032.5,83076.6,82810.0,82810.0,19.391771849999998,843
1769796000,82810.0,83108.0,82642.0,82734.4,20.42739983,1122
1769796900,82734.5,82744.7,81764.2,82353.4,228.30659322,2836
1769797800,82356.2,82997.9,82066.3,82984.2,24.63299256,1666
1769798700,82992.0,84041.2,82876.1,83808.1,68.53979451,2042
1769799600,83804.3,84253.3,83788.6,84036.8,75.08126404,1675
1769800500,84036.7,84415.9,83954.7,84215.1,48.254890180000004,1408
1769801400,84204.5,84461.4,84033.7,84135.1,29.30743421,1262
1769802300,84135.1,84486.9,84018.4,84096.6,35.18940442,1183
1769803200,84096.6,84114.5,83552.5,83774.3,61.35889003,1382
1769804100,83774.2,84021.8,83430.0,83856.2,21.37980351,1290
1769805000,83833.3,84132.9,83426.0,83811.8,29.764859610000002,1345
1769805900,83811.8,83941.2,83576.7,83753.8,23.0495549,1101
1769806800,83768.1,83908.3,83648.9,83897.9,27.8036897,772
1769807700,83897.9,84365.9,83897.9,84119.1,25.02373191,1022
1769808600,84119.2,84252.1,83895.0,84075.0,7.70557358,629
1769809500,84075.0,84260.0,84000.0,84144.0,19.26569048,725
1769810400,84129.3,84174.9,83868.1,83868.1,6.54753817,721
1769811300,83868.0,83950.0,83763.0,83783.4,4.75032471,616
1769812200,83783.5,83942.0,83783.4,83850.2,11.57255407,553
1769813100,83850.2,84082.2,83827.2,84067.7,9.80171867,429
1769814000,84067.7,84068.5,83803.0,83853.1,5.61262799,533
1769814900,83853.1,84060.2,83853.0,83895.6,2.15513024,483
1769815800,83895.6,84088.7,83863.1,84088.7,14.47573914,440
1769816700,84088.7,84151.7,84060.1,84124.7,5.27673093,417
1769817600,84124.7,84124.7,83975.1,84025.8,11.12559804,593
1769818500,84025.8,84079.0,83982.3,84035.5,25.74328922,581
1769819400,84035.6,84120.7,83984.4,84102.6,12.46313349,443
1769820300,84102.6,84102.6,83892.1,83925.6,5.61268373,414
1769821200,83925.6,84114.3,83925.6,84083.0,8.47970021,406
1769822100,84082.9,84092.6,84000.1,84000.1,7.41117212,351
1769823000,84000.1,84000.1,83762.1,83910.7,9.45663017,542
1769823900,83910.7,83910.7,83812.2,83850.4,3.31111376,330
1769824800,83850.4,83892.0,83800.0,83882.8,3.03132097,381
1769825700,83882.7,83882.8,83720.2,83755.3,4.05877413,404
1769826600,83755.3,84001.1,83691.0,83997.7,16.49619249,524
1769827500,83997.7,84036.5,83967.4,83987.7,5.12593181,359
1769828400,83987.7,84069.1,83987.6,84058.0,7.1120721200000006,487
1769829300,84058.0,84077.1,84016.7,84016.8,4.79430236,342
1769830200,84016.8,84046.9,83932.0,83946.7,5.02806307,341
1769831100,83946.7,83946.7,83900.0,83900.1,2.21618437,293
1769832000,83900.1,83953.1,83892.8,83953.1,4.88264022,330
1769832900,83953.1,84002.0,83864.5,84002.0,1.64083772,315
1769833800,84002.0,84002.0,83926.4,83926.4,1.22171547,285
1769834700,83926.5,83926.5,83795.0,83847.9,1.39125982,330
1769835600,83848.0,83867.5,83779.0,83867.5,6.29132638,340
1769836500,83872.0,83872.0,83741.5,83831.9,4.12541549,384
1769837400,83844.9,83952.7,83844.9,83900.0,1.71954685,191
1769838300,83866.2,83885.1,83844.4,83861.1,0.35957103,201
1769839200,83861.1,83892.2,83759.8,83845.4,4.10951769,295
1769840100,83845.4,83860.3,83509.4,83523.3,2.80214144,537
1769841000,83523.3,83618.7,83523.3,83600.0,0.74063455,295
1769841900,83600.0,83678.2,83557.8,83634.7,1.98989049,283
1769842800,83634.8,83648.2,83548.8,83594.6,0.7550531699999999,278
1769843700,83594.6,83630.4,83539.1,83555.8,2.30705215,241
1769844600,83555.8,83555.8,83251.7,83341.6,25.13804897,678
1769845500,83341.6,83413.9,83336.6,83399.6,5.78621984,312
1769846400,83399.6,83458.3,83039.6,83157.3,14.46092443,639
1769847300,83188.1,83196.7,82930.1,82963.8,5.04694685,698
1769848200,82963.7,82963.8,82453.9,82641.3,138.50245715,1580
1769849100,82641.9,83058.3,82559.1,82934.0,13.56000616,782
1769850000,82934.1,83129.3,82934.1,83008.6,5.25390651,590
1769850900,83008.6,83026.5,82755.1,82880.5,2.70050408,416
1769851800,82880.5,83139.2,82880.5,83062.3,8.769357829999999,390
1769852700,83062.3,83088.0,82953.0,82963.8,4.75691458,384
1769853600,82963.9,83023.6,82835.6,82856.8,1.90123705,324
1769854500,82856.8,82927.4,82781.0,82915.7,4.70671622,383
1769855400,82915.8,83056.3,82886.8,83031.5,39.99585142,503
1769856300,83031.5,83047.3,82918.1,83004.9,3.3039450699999997,317
1769857200,83005.0,83014.8,82850.0,82853.1,6.71722012,397
1769858100,82853.1,82926.8,82853.1,82854.7,83.58255601,468
1769859000,82854.6,82919.3,82818.9,82833.6,3.16764045,368
1769859900,82833.6,82868.8,82711.3,82856.1,2.45123216,396
1769860800,82856.2,82996.6,82669.1,82694.3,11.10941126,623
1769861700,82698.8,82929.1,82698.8,82851.8,5.33718584,405
1769862600,82851.7,82851.8,82686.7,82775.3,6.682196530000001,469
1769863500,82775.3,82804.1,82581.7,82600.0,8.26498254,554
1769864400,82626.8,82763.9,82572.1,82668.7,2.9739284599999998,511
1769865300,82668.6,82777.0,82655.2,82690.1,1.68322008,394
1769866200,82690.1,82690.1,82360.0,82510.5,26.20238582,956
1769867100,82510.4,82634.4,82455.5,82626.1,11.401637019999999,627
1769868000,82627.9,82786.6,82239.1,82309.3,101.37756372,1107
1769868900,82318.8,82371.1,81181.9,81433.0,117.25446567,3143
1769869800,81465.8,81481.8,80704.9,80866.9,103.27426916,3481
1769870700,80882.3,81415.1,80789.1,81365.2,36.88618076,1407
1769871600,81365.2,81641.0,81067.0,81138.1,53.0222398,1453
1769872500,81138.0,81200.0,80965.9,81200.0,67.22655497,1324
1769873400,81200.0,81250.7,81042.6,81204.1,20.37144803,1085
1769874300,81218.4,81394.8,81120.1,81180.2,14.34579832,1013
1769875200,81180.2,81305.6,80582.2,80873.4,66.10277225,1849
1769876100,80873.4,82064.1,80413.1,80997.9,254.82309696000002,3814
1769877000,80994.1,81146.3,80811.8,80869.6,37.92328949,1216
1769877900,80866.8,80911.8,79938.2,80246.9,764.13082332,5619
1769878800,80246.9,80415.7,78082.2,78744.7,563.02283278,7314
1769879700,78744.7,79271.7,78550.1,79026.3,148.28497643,3019
1769880600,79015.5,79138.6,78357.2,78796.8,203.92597809,4978
1769881500,78796.9,78939.4,78552.0,78752.0,70.2861868,1672
1769882400,78752.0,78999.9,78457.8,78491.1,129.9577961,1617
1769883300,78491.2,78505.8,77851.6,78300.4,170.15979562,2594
1769884200,78300.3,78580.8,75600.0,77490.6,254.66687155,6367
1769885100,77490.4,78178.2,76963.3,77916.5,187.28241981,3865
1769886000,77916.5,78457.7,77714.6,78132.0,82.86035677,2204
1769886900,78131.9,78282.4,77737.2,77880.1,91.12803317,2087
1769887800,77886.6,77961.5,77113.8,77425.1,88.05027815,2021
1769888700,77419.5,77862.1,77373.2,77648.3,68.59982409,1761
1769889600,77648.3,77848.4,77420.8,77431.4,40.48547516,1377
1769890500,77423.6,78000.0,77280.8,77280.8,73.31950434,1518
1769891400,77282.0,77438.2,76968.8,77388.3,153.32290229,1588
1769892300,77388.3,77973.1,77227.9,77895.9,81.94040209,1207
1769893200,77896.0,78062.0,77531.7,77549.8,106.17328380000001,1369
1769894100,77549.9,77849.2,77300.0,77767.7,63.01360534,1327
1769895000,77750.5,78140.6,77638.5,78048.3,27.21247788,1073
1769895900,78048.3,78266.4,78007.4,78187.3,48.73105625,1116
1769896800,78187.3,78382.6,78057.4,78078.3,20.61413957,1214
1769897700,78084.9,78253.0,77996.0,78248.7,29.59249489,1042
1769898600,78248.7,78327.1,77985.1,77994.1,121.87985156,1104
1769899500,77995.7,78163.2,77904.3,78085.4,21.61164558,766
1769900400,78085.4,78266.9,77992.0,78146.5,142.63972877,1049
1769901300,78146.5,79118.6,78060.9,78899.3,119.32471102,1596
1769902200,78872.9,79071.7,78683.0,78754.9,19.70586188,985
1769903100,78756.4,78851.2,78571.0,78648.4,11.04024812,882
1769904000,78648.4,79300.0,78552.7,79273.5,31.07932376,1174
1769904900,79273.6,79315.2,78900.0,79009.4,44.22192269,979
1769905800,79009.5,79132.4,78684.2,78711.2,13.78627499,821
1769906700,78711.2,79033.2,78682.9,78822.8,8.34328469,720
1769907600,78822.8,78859.6,78420.3,78618.8,21.84362076,1140
1769908500,78618.8,78784.0,78316.7,78772.0,41.8034045,1038
1769909400,78749.4,78813.6,78235.0,78256.9,30.62383231,794
1769910300,78268.2,78457.3,78222.8,78450.7,13.92990193,500
1769911200,78450.7,78769.0,78307.9,78744.1,13.50706596,848
1769912100,78744.0,78813.3,78437.4,78532.9,11.27949527,687
1769913000,78532.9,78719.9,78532.9,78672.0,9.6551013,678
1769913900,78671.9,78967.9,78653.9,78814.9,22.14236386,758
1769914800,78814.9,78920.4,78663.3,78786.9,8.51580496,708
1769915700,78797.9,78815.6,78600.1,78680.1,15.65834467,607
1769916600,78680.1,78779.2,78580.0,78638.4,16.32444366,455
1769917500,78638.4,78835.4,78638.3,78792.6,13.57397169,425
1769918400,78792.6,78921.4,78645.2,78883.6,12.29297572,493
1769919300,78883.6,79017.1,78823.8,78823.9,12.85038819,641
1769920200,78823.9,78932.3,78823.8,78932.3,5.59539604,565
1769921100,78925.9,78965.6,78890.6,78920.0,2.30354541,424
1769922000,78920.1,78925.0,78642.7,78752.6,10.6895941,629
1769922900,78752.6,78890.0,78651.5,78880.4,5.3044678,431
1769923800,78878.0,78878.0,78467.3,78490.1,16.878911249999998,421
1769924700,78513.8,78558.4,78467.2,78529.1,3.21518937,303
1769925600,78529.2,78633.3,78529.2,78622.4,1.94640537,338
1769926500,78626.0,78731.2,78611.2,78644.0,4.96405668,327
1769927400,78634.1,78709.0,78344.9,78439.0,5.64329079,397
1769928300,78435.7,78435.7,78194.7,78210.7,235.93498406,830
1769929200,78210.7,78249.4,77898.7,78031.0,30.69564497,735
1769930100,78031.1,78121.8,77923.1,78121.8,7.96935044,316
1769931000,78122.1,78613.8,78085.6,78507.3,188.7233152,936
1769931900,78492.1,78499.1,78259.2,78263.7,7.88863612,462
1769932800,78263.8,78449.9,78263.7,78394.0,30.65676394,586
1769933700,78376.2,78405.7,78186.3,78402.4,18.3027473,414
1769934600,78409.3,78786.9,78373.2,78782.0,7.7474814400000005,446
1769935500,78771.2,78775.0,78480.0,78518.0,5.39482031,386
1769936400,78518.0,78752.4,78490.0,78683.6,82.41752768,422
1769937300,78683.6,78700.0,78592.3,78605.0,3.4490236199999997,248
1769938200,78605.0,78816.4,78604.9,78797.5,4.60261151,239
1769939100,78783.4,79057.7,78694.1,78940.8,24.56180134,507
1769940000,78940.9,79152.5,78810.5,79115.8,83.37633829,554
1769940900,79115.7,79115.7,78934.5,78950.8,5.7572628,295
1769941800,78947.6,78966.7,78321.7,78321.7,46.32591517,789
1769942700,78321.6,78446.5,78082.2,78192.4,9.09827504,547
1769943600,78201.1,78420.5,78201.1,78420.5,23.2459,320
1769944500,78420.5,78420.5,78228.1,78333.3,2.72064715,297
1769945400,78351.2,78817.1,78350.9,78777.7,5.48965422,374
1769946300,78777.7,78777.7,78644.1,78674.4,7.10417521,253
1769947200,78674.4,78674.4,78433.4,78506.1,4.33957962,329
1769948100,78506.2,78553.5,78204.1,78370.9,3.9216023,448
1769949000,78370.9,78574.6,78322.3,78322.3,7.17615174,378
1769949900,78316.8,78428.9,78316.8,78381.8,2.08725982,231
1769950800,78388.9,78667.4,78388.9,78599.0,4.16991504,364
1769951700,78599.7,78674.3,78550.0,78616.1,4.72008397,309
1769952600,78620.8,78620.9,78393.4,78463.9,9.20903706,335
1769953500,78463.9,78580.7,78157.1,78248.6,27.02185457,452
1769954400,78249.9,78345.6,78050.0,78087.2,6.07675899,462
1769955300,78104.2,78139.6,77729.9,77781.8,31.01465968,828
1769956200,77778.1,78044.6,77178.6,77815.1,96.79605693,1549
1769957100,77815.2,78425.8,77737.3,78150.4,30.46688505,1006
1769958000,78147.7,78168.6,77449.6,77529.6,36.88808924,818
1769958900,77554.4,77612.9,76768.4,76917.5,599.35169687,2488
1769959800,76917.4,77289.7,76707.7,77079.7,26.67180625,1246
1769960700,77091.1,77784.3,77078.9,77526.1,51.275168640000004,873
1769961600,77527.5,77527.6,77021.3,77492.1,42.334470259999996,1011
1769962500,77492.2,77748.7,77047.8,77453.1,22.57678392,909
1769963400,77453.1,77666.9,77104.7,77166.1,22.23062733,704
1769964300,77180.4,77462.4,77086.2,77410.3,22.88405382,608
1769965200,77410.4,77650.1,77345.0,77555.3,25.482981,647
1769966100,77555.3,77652.4,77270.1,77480.7,28.09754792,652
1769967000,77486.7,77567.2,77235.4,77400.4,6.77089233,492
1769967900,77400.4,77661.7,77308.1,77661.7,4.48819611,433
1769968800,77661.7,78222.8,77661.7,78182.0,42.9382671,976
1769969700,78166.0,78344.9,77940.8,78076.6,28.13391674,704
1769970600,78076.5,78095.5,77885.0,77913.1,9.00094608,432
1769971500,77913.1,77967.8,77656.6,77954.8,15.86039289,552
1769972400,77954.8,78020.1,77658.7,77658.7,16.21890049,475
1769973300,77658.6,77708.8,77540.6,77626.7,9.60153654,489
1769974200,77629.2,77717.6,77429.2,77467.5,13.19487095,537
1769975100,77467.4,77467.4,76901.1,77087.8,42.04226349,1081
1769976000,77087.8,77214.4,76809.2,77116.9,42.80871767,841
1769976900,77113.7,77317.6,76500.0,76579.4,33.79652576,997
1769977800,76579.5,77641.8,76579.5,77325.7,31.77925901,866
1769978700,77338.1,77338.1,77000.0,77019.7,9.49176401,558
1769979600,77019.7,77055.2,76390.1,76670.3,37.52601886,1244
1769980500,76672.3,76975.1,76476.4,76913.1,11.53409352,817
1769981400,76913.1,77076.8,76730.7,76757.4,18.14797762,687
1769982300,76757.6,76771.8,76300.0,76441.6,38.16798538,1080
1769983200,76441.7,77679.8,76371.6,77399.3,56.65496465,1182
1769984100,77399.3,77399.3,76631.2,77107.6,18.06678933,804
1769985000,77108.5,77534.7,77063.1,77371.1,28.52099885,899
1769985900,77370.3,77451.2,77081.3,77162.7,57.39465991,743
1769986800,77162.8,77240.5,75665.8,76580.0,600.65974891,4248
1769987700,76596.2,76923.0,76112.6,76735.9,107.14225329,1912
1769988600,76735.9,77519.8,76650.2,77256.8,56.36709343,1197
1769989500,77256.7,77256.7,76798.4,76882.2,38.75137789,931
1769990400,76892.4,77633.5,76558.3,77474.5,62.31282873,1477
1769991300,77474.5,78007.2,77438.3,77872.4,62.23717192,1507
1769992200,77861.1,78086.7,77684.4,77782.2,51.56964767,1134
1769993100,77782.3,77891.3,77503.5,77591.9,17.63608756,711
1769994000,77591.9,77867.5,76735.5,76745.8,46.761226810000004,1231
1769994900,76754.2,77834.2,76566.6,77692.3,23.94084281,1139
1769995800,77686.6,77748.7,77364.0,77631.0,11.1691484,639
1769996700,77630.0,77679.1,77319.6,77441.4,30.81716663,685
1769997600,77441.3,77452.3,76914.9,77103.9,45.2795043,952
1769998500,77108.4,77438.2,76976.2,77026.5,16.15019595,554
1769999400,77035.1,77172.2,76704.4,76880.5,14.37059395,731
1770000300,76889.1,76919.8,76380.0,76400.3,27.99445937,856
1770001200,76398.2,76474.2,75777.7,75812.2,66.27853724,1181
1770002100,75796.0,75829.3,75000.0,75034.9,173.38291893,3483
1770003000,75028.5,75150.0,74543.0,74556.5,204.80435682,4147
1770003900,74550.2,76355.0,74543.4,76213.0,177.96035856,3238
1770004800,76213.4,76234.8,75241.0,75436.5,23.90494149,1306
1770005700,75442.5,76412.5,75397.9,76379.8,35.32972661,1454
1770006600,76379.8,76499.9,76088.9,76102.6,18.20932826,852
1770007500,76102.6,76102.6,75701.9,75811.2,17.37729975,943
1770008400,75811.2,75900.1,75294.8,75443.7,45.19302779,1256
1770009300,75443.7,75443.7,74844.8,74974.2,42.95374662,1278
1770010200,74974.3,75293.8,74835.0,75170.1,22.36486326,1076
1770011100,75170.1,75598.8,75032.1,75404.4,61.11412429,1186
1770012000,75404.4,75565.7,75095.7,75559.7,114.46867094,1402
1770012900,75555.0,75969.0,75321.5,75607.0,16.92728544,1067
1770013800,75600.8,76739.6,74870.8,76385.1,52.08026042,1960
1770014700,76385.1,76588.2,76002.4,76421.3,17.59339589,1045
1770015600,76429.0,76730.8,76272.1,76478.8,18.716787280000002,986
1770016500,76455.2,76626.0,76248.9,76329.8,13.26324329,768
1770017400,76353.6,76594.9,76325.3,76464.5,21.08232066,798
1770018300,76467.6,76845.9,76467.6,76556.1,12.7028549,843
1770019200,76556.1,76853.2,76527.9,76798.0,9.79540049,855
1770020100,76783.4,77056.8,76619.4,76677.8,35.5450739,934
1770021000,76692.8,76950.7,76592.4,76835.2,12.78472067,719
1770021900,76835.1,76992.6,76762.1,76800.7,6.42730971,595
1770022800,76800.7,76850.0,76580.1,76678.6,31.30624306,659
1770023700,76702.7,77271.3,76606.1,77255.4,13.72005959,845
1770024600,77257.4,77605.8,77137.9,77350.1,21.48569265,1015
1770025500,77350.1,77726.9,77350.0,77610.0,29.01963832,936
1770026400,77629.4,77769.7,77505.7,77594.0,28.80881875,840
1770027300,77594.0,77614.8,77393.0,77552.4,9.99803638,645
1770028200,77564.5,77740.3,77404.7,77517.1,69.91939039,806
1770029100,77517.2,77517.2,77375.6,77417.9,24.83373442,466
1770030000,77417.9,77672.3,77356.5,77672.3,18.68752341,655
1770030900,77672.3,77732.3,77528.1,77732.3,19.15996246,546
1770031800,77732.3,77857.5,77688.2,77794.1,33.01670129,643
1770032700,77774.0,77860.2,77625.6,77644.0,16.32357723,712
1770033600,77663.1,77889.5,77636.9,77889.4,3.71193174,730
1770034500,77889.5,78317.6,77815.1,78103.4,63.26665711,1122
1770035400,78103.4,78109.4,77760.8,77788.5,24.15896767,779
1770036300,77788.5,77980.9,77751.0,77916.7,29.19001815,658
1770037200,77916.7,77933.0,77745.2,77924.7,15.67401682,653
1770038100,77924.7,78035.3,77763.6,77856.6,18.41964751,621
1770039000,77856.6,77926.0,77752.6,77810.2,18.80694222,726
1770039900,77810.2,78353.0,77761.5,78157.6,58.85656941,1096
1770040800,78151.7,78229.5,77653.8,77709.6,19.02747861,1015
1770041700,77709.7,78030.4,77562.2,77930.9,17.85613079,926
1770042600,77930.8,78801.6,77914.9,78446.5,73.89081102,2162
1770043500,78456.0,78696.7,77651.6,77753.5,103.42143866,1842
1770044400,77802.8,78316.5,77485.1,78224.5,57.22630774,1471
1770045300,78224.5,78895.5,78086.6,78578.0,71.89770223,1635
1770046200,78578.1,79250.0,78400.1,78972.5,95.66837253,1905
1770047100,78972.5,79137.3,78600.0,78804.8,102.55896504,1479
1770048000,78821.3,79138.5,78600.0,79035.1,143.15106086,1397
1770048900,79035.0,79250.0,78843.6,79141.5,77.11865953,1196
1770049800,79143.3,79168.5,78763.7,79024.4,58.77375701,1092
1770050700,79024.3,79024.3,78525.6,78571.5,40.9309989,1153
1770051600,78571.6,78954.0,78561.7,78920.0,18.10763263,1008
1770052500,78920.0,79167.0,78856.0,78917.3,63.39924853,1100
1770053400,78917.3,79167.1,78729.1,78835.7,56.93664708,1122
1770054300,78835.7,79007.5,78761.1,78957.0,17.50909241,853
1770055200,78957.0,78957.0,78608.6,78650.9,16.55606942,965
1770056100,78651.0,78687.1,78316.7,78367.2,33.05939103,1053
1770057000,78367.2,78797.5,78338.7,78529.4,22.77414985,904
1770057900,78529.4,78611.3,78507.4,78521.8,6.0647293300000005,716
1770058800,78521.8,78617.3,78326.1,78460.7,20.64727727,943
1770059700,78460.8,78549.0,78260.4,78429.9,12.33732717,897
1770060600,78429.8,78480.5,78260.0,78480.5,12.42976267,936
1770061500,78480.4,78481.7,78228.0,78274.2,10.26042256,885
1770062400,78278.7,78597.4,78082.2,78383.2,16.47681593,925
1770063300,78365.5,78482.7,78312.1,78347.1,7.00054878,734
1770064200,78350.2,78370.9,78110.3,78131.0,20.09462354,831
1770065100,78131.0,78151.6,77848.3,77925.2,51.03155779,1145
1770066000,77925.2,78316.7,77843.3,78283.5,24.281400520000002,1110
1770066900,78283.4,78369.0,78145.1,78232.4,7.41494469,700
1770067800,78232.4,78467.1,78188.9,78298.2,16.29876356,661
1770068700,78305.9,78467.2,78296.6,78462.9,6.31418046,656
1770069600,78462.9,78769.1,78462.9,78709.2,35.93309448,772
1770070500,78709.1,78709.1,78533.8,78593.5,3.34144383,514
1770071400,78593.5,78769.1,78573.0,78768.6,10.75884825,502
1770072300,78768.7,78780.9,78600.1,78730.0,13.01038866,528
1770073200,78730.0,78776.2,78614.1,78688.9,6.64869543,633
1770074100,78688.9,78751.1,78471.1,78556.1,14.59157561,668
1770075000,78556.1,78897.1,78544.7,78828.8,8.56633204,616
1770075900,78828.7,78828.8,78638.4,78669.2,4.93184039,542
1770076800,78669.2,78706.9,78327.3,78520.0,33.53020701,870
1770077700,78520.0,78853.8,78486.0,78835.3,15.61512889,687
1770078600,78842.5,78873.2,78707.9,78873.2,7.69191658,508
1770079500,78873.1,79000.0,78795.6,79000.0,74.51810451,721
1770080400,79000.0,79120.2,78733.9,78865.6,76.48223257,921
1770081300,78865.6,78910.0,78656.7,78837.2,3.03501775,602
1770082200,78837.1,78868.2,78736.1,78868.2,2.95227145,535
1770083100,78870.8,78948.2,78797.3,78948.2,7.98141921,479
1770084000,78948.2,78948.2,78423.8,78453.4,11.20335555,726
1770084900,78453.4,78779.1,78453.4,78629.2,3.14173496,530
1770085800,78629.1,78633.2,78312.1,78317.4,8.028253190000001,646
1770086700,78317.5,78317.5,77727.0,77732.1,518.73324334,4489
1770087600,77732.1,78031.3,77530.5,77969.2,39.86976274,861
1770088500,77969.2,78225.0,77707.4,78224.9,501.86625965,3526
1770089400,78225.0,78542.5,78189.3,78474.6,22.01279392,686
1770090300,78474.6,78807.5,78447.5,78687.9,31.09245502,626
1770091200,78687.9,78702.1,78474.7,78675.5,25.59510269,497
1770092100,78660.2,78675.6,78426.0,78440.3,4.98727772,452
1770093000,78440.3,78911.3,78440.2,78911.3,9.82200703,588
1770093900,78911.3,78911.3,78720.9,78739.5,5.19413422,403
1770094800,78739.5,78739.5,78439.7,78439.8,5.4174943,429
1770095700,78439.8,78445.3,78222.8,78368.6,11.22732879,523
1770096600,78357.5,78421.0,78255.8,78293.7,3.78379735,401
1770097500,78293.7,78431.9,78161.7,78163.2,10.40265101,467
1770098400,78163.2,78245.9,77831.4,77996.7,44.40426375,737
1770099300,77996.7,78544.5,77959.3,78486.2,6.42229476,583
1770100200,78485.1,78549.9,78369.3,78391.2,5.07473224,386
1770101100,78391.2,78597.8,78391.1,78516.8,14.89807669,447
1770102000,78516.9,78800.0,78430.6,78704.9,4.17143994,503
1770102900,78700.0,78739.3,78551.7,78598.5,6.16312134,499
1770103800,78598.4,78831.7,78566.9,78770.9,5.46982121,573
1770104700,78771.0,78782.0,78642.4,78704.7,3.72761155,514
1770105600,78704.8,78831.2,78409.1,78419.5,5.32380069,659
1770106500,78421.2,78892.0,78409.0,78817.3,5.45576968,513
1770107400,78817.3,78988.2,78736.8,78942.1,14.14046371,521
1770108300,78942.1,78944.6,78618.7,78671.3,15.89177532,389
1770109200,78671.3,78775.3,78119.6,78119.6,14.18373705,825
1770110100,78119.7,78296.2,77874.8,77887.6,24.28484882,961
1770111000,77887.7,78344.7,77871.0,78242.6,17.07133464,765
1770111900,78242.6,78370.9,78148.5,78342.1,6.57931941,428
1770112800,78342.1,78467.2,78275.1,78460.7,5.03279992,603
1770113700,78460.8,78476.6,78317.4,78409.1,20.550257900000002,431
1770114600,78409.1,78409.1,78059.3,78088.3,14.25620939,617
1770115500,78088.2,78143.2,78004.5,78060.7,6.4767697900000005,465
1770116400,78060.7,78192.8,78007.5,78156.0,7.49321891,581
1770117300,78155.9,78187.0,77951.1,77977.5,9.82892845,651
1770118200,77977.6,78202.1,77932.5,78148.0,5.86919858,511
1770119100,78148.0,78270.4,78000.4,78007.0,19.82997263,527
1770120000,78007.0,78222.6,77924.7,78143.1,23.8186603,653
1770120900,78143.1,78244.0,78061.2,78244.0,10.71407247,414
1770121800,78243.9,78260.2,78124.6,78187.4,18.525206400000002,553
1770122700,78167.3,78336.2,78160.2,78257.5,3.80081881,465
1770123600,78254.5,78364.8,78159.5,78328.2,3.48092405,490
1770124500,78328.2,78364.5,78123.1,78350.3,13.05285795,582
1770125400,78350.2,78364.6,78214.2,78219.1,3.7261224299999998,549
1770126300,78219.1,78322.9,78123.0,78228.6,6.91580821,609
1770127200,78222.7,78329.4,78194.3,78272.4,5.70245235,581
1770128100,78272.4,78350.0,78012.0,78350.0,14.63724017,907
1770129000,78350.0,78350.0,77620.1,77810.2,144.31166194,1626
1770129900,77802.0,78119.6,77113.8,77131.7,84.10373793,1898
1770130800,77131.7,77626.9,77016.4,77101.3,62.98069015,1673
1770131700,77101.2,78043.2,76994.2,77666.6,62.65087494,1774
1770132600,77666.6,78124.0,77403.6,77403.6,28.66697267,1434
1770133500,77413.4,78110.3,77271.3,78073.0,102.57568583,1412
1770134400,78071.6,78071.6,77271.3,77271.4,68.94017667,1323
1770135300,77280.6,77311.4,76618.9,76637.1,197.26266917,2047
1770136200,76619.0,76812.4,76511.0,76674.2,66.22307931,1592
1770137100,76674.1,76789.3,76405.1,76419.1,45.95368171,1310
1770138000,76407.8,76449.9,75593.2,75604.1,436.15760412,3533
1770138900,75609.7,76004.1,75607.7,75803.4,329.31992489,2499
1770139800,75803.4,75857.8,75068.7,75068.7,98.38723078,2124
1770140700,75068.7,75361.5,74811.0,74811.8,534.90172327,3273
1770141600,74812.6,75200.7,74584.0,74600.0,105.00031942,2358
1770142500,74595.1,74794.7,73900.0,74012.3,261.88440759,4704
1770143400,74012.0,74187.3,73642.1,73651.9,140.85749064,3131
1770144300,73651.8,73702.3,73038.9,73065.1,178.81182573,3443
1770145200,73065.1,74815.7,72865.2,74530.0,277.86619016,3848
1770146100,74516.0,75182.3,74200.1,74809.9,201.43925389,2567
1770147000,74815.6,75155.5,74701.9,74830.7,157.38930327,1880
1770147900,74830.6,74954.7,74262.4,74857.8,141.91120118,1758
1770148800,74857.9,74978.9,74509.0,74597.6,98.64185232,1265
1770149700,74597.7,75767.2,74525.0,75587.2,139.11455508,1969
1770150600,75587.2,76513.5,75555.3,76279.0,138.61692144,2203
1770151500,76279.1,76623.6,76114.1,76420.7,42.30804941,1351
1770152400,76374.3,76836.7,76372.0,76661.9,108.11549051,1460
1770153300,76688.7,76702.1,76242.8,76393.0,52.5156523,1037
1770154200,76393.0,76533.0,76136.0,76261.1,25.85253716,964
1770155100,76278.5,76373.3,76029.7,76145.8,17.50736331,896
1770156000,76145.8,76183.5,75656.5,75743.2,33.67623894,1160
1770156900,75743.2,75965.8,75411.8,75906.4,114.70448968,1236
1770157800,75906.5,75972.5,75699.3,75724.2,29.730104190000002,781
1770158700,75724.2,75724.2,75312.3,75631.2,46.77496437,1049
1770159600,75631.2,75656.0,75339.2,75655.9,37.61384423,1035
1770160500,75656.0,75847.4,75548.9,75658.7,9.97305628,832
1770161400,75658.7,75892.9,75585.7,75743.2,32.2458054,770
1770162300,75743.1,75753.1,75464.4,75662.0,35.44078018,995
1770163200,75662.0,75665.8,75366.7,75366.7,39.49676315,870
1770164100,75366.7,75929.3,75366.7,75929.3,17.55464666,748
1770165000,75922.2,76139.2,75835.4,75960.3,13.56873029,721
1770165900,75947.4,76130.5,75784.0,75804.3,8.17869098,653
1770166800,75804.3,76427.7,75804.3,76420.0,20.87971258,796
1770167700,76419.9,76468.8,76253.0,76352.5,7.33201308,521
1770168600,76352.5,76659.2,76352.5,76573.5,10.62652204,602
1770169500,76573.5,76588.5,76194.0,76311.2,9.975755920000001,611
1770170400,76311.2,76477.9,76227.9,76276.3,7.04627596,523
1770171300,76276.3,76491.8,76094.6,76094.7,12.49016793,530
1770172200,76094.6,76094.6,75631.5,75869.4,8.71235355,656
1770173100,75884.1,75961.0,75656.1,75868.0,6.14890558,505
1770174000,75868.0,76523.9,75799.9,76523.9,44.31057309,860
1770174900,76523.9,76578.9,76281.9,76286.8,10.51609268,549
1770175800,76286.8,76866.2,76285.1,76589.1,15.109757160000001,827
1770176700,76589.1,76641.9,76574.2,76623.9,7.10804616,322
1770177600,76624.0,76713.7,76527.8,76631.5,5.49747754,435
1770178500,76631.4,76631.5,76439.1,76492.9,6.87266445,409
1770179400,76492.9,76642.7,76492.9,76493.1,3.61693172,395
1770180300,76493.1,76493.1,76321.4,76379.7,4.94925152,333
1770181200,76379.7,76429.8,76321.3,76384.3,3.50351827,412
1770182100,76384.3,76427.2,76275.0,76351.5,16.77941885,352
1770183000,76371.8,76371.8,76166.6,76166.7,8.38599354,353
1770183900,76166.6,76220.8,76029.8,76178.7,7.98333871,413
1770184800,76178.8,76473.5,76175.0,76468.5,4.46379405,362
1770185700,76468.5,76468.5,76332.5,76389.4,6.09785973,322
1770186600,76389.4,76624.9,76357.1,76620.2,8.82181851,430
1770187500,76620.1,76675.3,76462.2,76550.3,9.59545099,408
1770188400,76550.3,76550.3,76199.9,76509.0,420.53289179,2011
1770189300,76508.8,76509.0,76305.1,76356.0,1.8763403,321
1770190200,76355.9,76510.9,76282.4,76474.1,5.6308436,527
1770191100,76474.1,76474.1,76353.1,76403.5,21.99620352,442
1770192000,76403.5,76414.9,76130.2,76272.3,8.46264355,477
1770192900,76291.4,76399.9,75993.1,76021.1,8.65978012,566
1770193800,76011.2,76300.0,75984.0,76300.0,120.13937712,559
1770194700,76300.0,76470.7,76266.4,76470.7,276.71930827,1717
1770195600,76474.8,76486.0,76226.1,76226.1,26.10270973,446
1770196500,76226.1,76226.1,76029.0,76048.7,3.59716322,278
1770197400,76048.7,76116.9,75861.0,75987.3,16.91212342,534
1770198300,75978.6,76103.8,75968.1,76000.9,6.05121175,301
1770199200,76001.0,76102.5,75969.3,76018.6,5.78548012,329
1770200100,76018.6,76106.6,76004.4,76005.6,4.19179441,325
1770201000,76005.6,76225.9,76003.2,76146.8,3.90107181,324
1770201900,76146.8,76218.8,76126.4,76187.8,5.88039876,282
1770202800,76178.9,76178.9,75626.2,75714.4,21.68191451,863
1770203700,75714.4,75941.7,75557.1,75891.7,10.73736218,599
1770205500,75889.2,76044.2,75889.2,76029.6,8.58984699,113
1770206400,76000.1,76093.2,75953.9,75994.8,16.83698187,353
1770207300,75994.7,76139.2,75912.4,75982.3,10.8074905,439
1770208200,75975.3,76126.1,75931.9,76037.9,11.31555252,398
1770209100,76048.2,76074.3,75967.1,76060.5,59.21681351,540
1770210000,76060.6,76060.6,75946.3,76013.8,2.8524241,400
1770210900,76000.3,76008.5,75634.4,75729.6,11.87478965,647
1770211800,75729.6,75790.7,75158.8,75218.1,29.92260453,994
1770212700,75235.3,75285.0,74750.0,74767.0,43.26225231,1504
1770213600,74767.0,75245.0,74672.0,75215.8,79.71157389,1382
1770214500,75215.8,75439.7,75100.0,75185.1,41.70479182,1050
1770215400,75185.1,75638.4,74591.6,75124.1,121.4675917,2201
1770216300,75104.5,75395.6,74098.8,74239.9,93.90383964,2001
1770217200,74240.0,74951.7,73761.6,74755.6,115.89101404,2771
1770218100,74762.6,75241.4,74406.2,74790.4,87.93502588,1674
1770219000,74790.3,74838.4,73686.6,74247.0,63.285554,2211
1770219900,74247.0,74324.8,73765.1,74012.3,39.60214244,1516
1770220800,74013.0,74074.4,73471.5,73756.1,90.18678364,1911
1770221700,73756.0,74125.4,73285.0,74045.7,45.61611743,1882
1770222600,74045.7,74074.7,72979.0,72992.1,81.60415365,2187
1770223500,72998.1,73750.0,72957.4,73506.2,112.11419996,1850
1770224400,73506.2,73706.2,72700.1,73469.5,450.22829496,3035
1770225300,73469.4,73737.1,72251.5,72346.7,398.99730312,3078
1770226200,72339.1,72780.2,72046.5,72638.1,355.31317137,3384
1770227100,72638.1,72745.3,72136.9,72415.4,48.71639485,1875
1770228000,72415.5,73127.2,72111.0,72695.0,148.67715831,2746
1770228900,72694.5,73477.8,72492.7,73283.7,100.95414493,2210
1770229800,73273.1,73940.0,73144.0,73855.2,68.24113387,2156
1770230700,73838.0,73838.0,73250.0,73262.9,34.98327628,1088
1770231600,73263.5,73729.6,73250.1,73376.5,59.02578098,1149
1770232500,73376.5,73592.0,72937.9,73006.6,30.12380087,1332
1770233400,73006.6,73482.3,72900.0,73459.2,24.88159554,1210
1770234300,73459.2,73835.9,73279.7,73757.6,34.22821841,1520
1770235200,73757.7,73975.3,73338.9,73397.1,30.95562357,1279
1770236100,73386.9,73677.4,73386.9,73412.7,21.96042536,890
1770237000,73436.8,73531.5,73245.9,73471.0,35.70895713,882
1770237900,73471.0,73527.3,73335.8,73352.8,15.79880135,692
1770238800,73358.9,73487.5,73160.3,73407.5,37.95888684,977
1770239700,73407.5,73418.0,72902.7,72918.8,23.03352763,937
1770240600,72919.2,73182.6,72400.0,72467.7,56.36927753,1420
1770241500,72467.6,72703.4,72059.2,72629.8,127.35087815,1797
1770242400,72623.1,72679.4,71722.0,72152.8,189.24755777000001,3360
1770243300,72152.7,73500.0,72152.7,73368.2,89.94047429,1711
1770244200,73353.3,73364.0,72553.6,72652.2,76.85545703,1325
1770245100,72639.9,72921.9,72267.0,72380.0,50.58475313,1213
1770246000,72380.0,72681.0,72307.7,72680.9,25.854556170000002,1190
1770246900,72680.9,73209.5,72610.0,73209.5,37.37280347,1377
1770247800,73209.5,73346.8,73073.3,73201.8,30.39115117,1048
1770248700,73213.3,73350.1,72988.8,73013.6,11.24285558,883
1770249600,73008.9,73054.6,72616.6,72617.1,41.94018618,1004
1770250500,72617.1,73141.3,72600.8,73084.2,12.10282093,1010
1770251400,73076.1,73076.1,72745.1,72944.3,13.68155468,948
1770252300,72944.2,72990.2,72672.1,72698.8,18.55629152,766
1770253200,72697.4,73156.8,72659.7,73032.5,16.70821907,910
1770254100,73002.9,73002.9,71801.8,72773.0,234.21846535,1975
1770255000,72785.9,72981.4,72113.3,72434.8,38.48005111,1303
1770255900,72434.6,72589.3,72213.6,72236.2,17.40323105,911
1770256800,72241.5,72366.9,71844.8,71871.3,56.6636218,1328
1770257700,71872.2,72188.9,71532.4,72139.1,86.20555023,1645
1770258600,72139.2,72671.1,72101.6,72428.9,39.83771053,1150
1770259500,72428.8,72443.1,71157.0,71323.7,208.25688518,2454
1770260400,71318.2,71727.0,71168.0,71367.7,92.90013455,1721
1770261300,71343.8,71598.6,71136.0,71359.4,150.93273663,1494
1770262200,71359.4,71471.0,71156.9,71302.5,122.08092424,1342
1770263100,71303.0,71450.0,71029.0,71107.5,134.16178802,1356
1770264000,71103.3,71275.3,70600.0,70804.6,156.54740039,2656
1770264900,70817.3,71199.5,70600.0,70859.3,71.47544936,1744
1770265800,70881.7,71259.0,70739.8,71214.4,40.82029613,1287
1770266700,71211.3,71231.5,70584.1,70725.0,52.13454547,1093
1770267600,70725.0,70936.0,70518.0,70699.8,26.25423039,1160
1770268500,70704.2,70834.6,70001.0,70277.3,86.33136556,2674
1770269400,70289.3,70982.9,70210.1,70867.2,135.52263198,1516
1770270300,70872.8,70893.9,70460.2,70586.8,41.0089217,1153
1770271200,70580.0,70751.3,70332.1,70514.7,57.47740641,1264
1770272100,70514.6,70688.9,70299.7,70357.5,29.83762335,1067
1770273000,70357.5,70820.8,70357.5,70749.9,37.6515928,999
1770273900,70749.8,70831.5,70446.6,70808.0,16.48524094,914
1770274800,70808.0,71447.0,70782.0,70952.4,54.40329637,1311
1770275700,70952.4,71404.9,70856.9,71275.6,32.29281223,932
1770276600,71274.7,71274.7,70790.8,70995.6,39.5212642,972
1770277500,70995.6,71036.4,70485.7,70569.9,114.84887836,963
1770278400,70570.4,70924.4,70570.4,70906.5,12.08527048,826
1770279300,70919.9,71339.5,70808.6,71174.0,32.68360607,1080
1770280200,71174.0,71383.4,71110.0,71110.1,10.33205287,772
1770281100,71110.0,71175.6,70902.8,70902.9,7.67037373,620
1770282000,70902.9,71719.7,70902.9,71705.6,57.92340288,1444
1770282900,71687.8,71834.5,71494.4,71608.8,14.41591505,861
1770283800,71609.6,71674.2,71342.1,71355.7,17.48180255,852
1770284700,71355.8,71595.3,71310.7,71416.2,9.075835080000001,728
1770285600,71424.1,71509.1,71182.5,71355.8,13.07285687,782
1770286500,71355.8,71589.7,71300.8,71584.7,6.83362988,577
1770287400,71584.8,71584.8,71219.6,71219.6,7.04900971,688
1770288300,71219.5,71242.9,70536.3,70727.9,25.4999701,1210
1770289200,70727.9,70921.8,70578.0,70619.1,27.62450187,928
1770290100,70642.6,70807.8,69844.2,69967.6,267.62952465,3647
1770291000,69948.6,70595.6,69830.1,70362.7,96.80044353,1993
1770291900,70361.1,70450.0,70073.5,70201.3,44.978607000000004,1127
1770292800,70201.3,70458.0,69801.6,69801.6,50.90373057,1635
1770293700,69801.6,69831.4,69050.0,69523.4,162.71049251,3913
1770294600,69523.4,69697.7,69094.2,69212.7,48.30876088,1745
1770295500,69214.0,69614.3,69089.2,69425.2,43.78371998,1935
1770296400,69425.3,69669.9,69300.1,69365.3,38.80564073,1605
1770297300,69365.4,69443.4,69136.9,69156.9,38.50605652,1406
1770298200,69152.6,69499.2,69133.8,69300.1,38.43650283,1513
1770299100,69300.1,69620.2,69250.0,69549.8,55.02175087,1477
1770300000,69549.9,70156.7,69549.9,69615.2,87.21902245,2122
1770300900,69615.2,70013.5,69378.0,69993.8,14.98723792,1310
1770301800,69993.7,70731.2,69803.9,70334.5,108.46324639,3113
1770302700,70333.9,70631.6,69181.3,69276.1,50.68698364,2547
1770303600,69286.7,69479.6,67879.2,67879.2,449.99295894,6789
1770304500,67879.3,68593.7,66609.1,66680.0,737.33768229,8583
1770305400,66692.2,67704.9,66580.7,67391.9,771.71705866,6244
1770306300,67395.8,68128.8,66890.0,67390.1,136.29648789,4270
1770307200,67378.9,67650.0,66800.3,66917.7,166.30695839999998,3730
1770308100,66903.7,68165.8,66889.3,68015.6,199.86268552,3796
1770309000,68037.4,68345.1,67686.2,67735.0,132.69096965,2535
1770309900,67742.9,68524.8,67461.5,68173.4,110.39629394,2768
1770310800,68167.4,68223.5,66992.8,67125.0,231.50980982,3318
1770311700,67125.0,67503.1,66311.6,67322.5,192.00374229,3972
1770312600,67292.1,67404.9,66430.4,66979.4,152.68192695,3387
1770313500,66955.2,67176.2,66018.0,66043.1,136.78636638,3309
1770314400,66041.0,66411.8,66041.0,66324.6,70.27917642,2342
1770315300,66324.6,66396.8,65338.8,65673.3,280.30704977,4774
1770316200,65677.1,65876.9,65345.0,65638.8,79.83082168,2524
1770317100,65625.5,66311.0,65250.6,66227.6,153.10322558000001,2989
1770318000,66205.7,66477.6,65879.9,66167.6,148.74134791,2872
1770318900,66161.2,66432.3,65488.6,65702.2,189.01488177,2492
1770319800,65696.2,66000.0,65549.9,65662.7,144.34099039,2284
1770320700,65669.2,65777.2,65074.1,65119.6,195.48035478,2758
1770321600,65119.6,65542.1,64900.0,64906.4,257.08144776,3852
1770322500,64906.4,64950.6,63236.4,63743.5,918.88533425,8532
1770323400,63712.8,64000.0,62827.6,63527.8,445.9953715,5794
1770324300,63511.2,63856.9,62308.2,63633.6,558.98782943,6948
1770325200,63646.3,64636.1,63336.0,63366.0,173.23562344,4876
1770326100,63337.0,64080.5,62826.0,63848.5,195.75406984,4232
1770327000,63859.2,64103.0,63190.0,63600.8,117.96140963,3168
1770327900,63579.8,63888.1,62900.0,63089.3,96.69700884,2499
1770328800,63089.2,63606.5,62604.3,63414.5,102.07728589,2567
1770329700,63414.4,64178.5,62558.4,63964.0,190.75215472,2823
1770330600,63988.3,64500.0,63513.7,63916.1,223.50705366,2802
1770331500,63916.1,64411.6,63605.2,63811.0,149.31934618,2126
1770332400,63794.8,64773.8,63700.1,64466.5,111.3313207,2676
1770333300,64466.0,64621.9,63934.2,64303.0,66.04697844,1978
1770334200,64303.0,64380.7,63338.5,63381.6,69.01873964,2189
1770335100,63370.1,63515.9,62650.7,62858.1,157.09844922,3452
1770336000,62858.0,63025.0,61000.0,61000.2,405.169794,10747
1770336900,61058.8,62024.5,60500.0,61478.0,323.03189045,7842
1770337800,61482.3,63335.8,61442.9,62860.7,301.39267401,4547
1770338700,62881.0,63833.6,62404.1,63444.2,173.21892344,3008
1770339600,63444.2,64877.0,63436.3,64287.1,203.5319611,3250
1770340500,64246.4,64403.8,63941.8,64035.5,138.55939065,2476
1770341400,64042.5,64713.7,63980.2,64669.4,75.79369553,2166
1770342300,64631.4,65707.4,64523.0,65632.0,182.55957449,3178
1770343200,65632.0,65944.3,64656.0,64782.3,172.39190194,2617
1770344100,64782.2,65037.9,64163.9,64542.4,125.02638409,2246
1770345000,64542.4,65306.5,64385.1,65110.7,116.05686021,1785
1770345900,65112.9,65199.9,64650.5,64884.0,54.89835691,1363
1770346800,64896.4,65079.7,64326.6,64355.4,54.41493598,1476
1770347700,64355.5,64868.9,64345.9,64637.2,36.06243365,1213
1770348600,64637.2,64853.6,64412.2,64425.4,55.52610446,1071
1770349500,64425.5,64439.9,63711.1,64102.5,84.23671477,1860
1770350400,64102.5,64483.8,63901.6,64401.0,45.29482189,1304
1770351300,64424.9,64931.4,64357.7,64855.1,19.56073258,1067
1770352200,64841.7,64862.9,64494.8,64681.3,40.09596182,1096
1770353100,64681.4,64900.3,64681.4,64856.3,21.780885,1115
1770354000,64837.8,65540.5,64730.6,65449.5,70.12803905,1519
1770354900,65453.6,65622.4,65216.9,65378.6,39.76279634,977
1770355800,65392.3,65901.9,65321.2,65900.0,42.16449158,1013
1770356700,65900.0,66715.8,65700.0,66330.2,83.72924337,1777
1770357600,66333.1,66713.2,66095.0,66111.4,37.33280848,1205
1770358500,66104.8,66108.7,65533.8,65767.5,35.02680417,1141
1770359400,65761.3,65771.2,64884.2,65013.8,80.62305477,1658
1770360300,65015.2,65171.2,64814.8,64920.9,58.93806835,1398
1770361200,64909.4,64993.7,64589.7,64950.0,52.75305099,1299
1770362100,64950.0,65241.2,64752.5,64917.2,34.82967286,1079
1770363000,64922.2,65452.4,64840.2,65130.0,21.93093126,893
1770363900,65134.0,65134.0,64561.0,64756.4,26.11039099,884
1770364800,64766.8,65110.9,64442.5,65006.1,104.91587421,1265
1770365700,65006.2,65095.3,64685.9,64739.6,40.18751203,939
1770366600,64739.6,64835.9,64442.6,64684.7,32.87154881,954
1770367500,64690.0,65032.9,64651.5,64821.5,13.17497203,803
1770368400,64820.1,65110.9,64679.2,65054.3,21.9201248,936
1770369300,65033.3,65581.6,64930.8,65547.8,36.45567015,1235
1770370200,65532.8,66012.8,65526.0,65783.7,111.64853825,1371
1770371100,65783.6,66060.5,65541.3,65716.0,25.13061049,851
1770372000,65716.0,65851.0,65487.1,65728.7,43.72842005,972
1770372900,65728.7,66118.7,65728.7,65947.4,29.23726384,903
1770373800,65933.8,66096.4,65875.5,65989.4,19.96736827,770
1770374700,65966.7,66009.8,65725.7,65878.0,35.73594644,842
1770375600,65878.0,65917.4,65710.6,65840.2,37.04169448,825
1770376500,65855.4,66000.0,65785.0,65972.3,37.40627519,731
1770377400,65967.1,66351.4,65930.0,66241.6,100.93257761,1027
1770378300,66228.9,66650.0,66085.4,66555.0,52.95978586,915
1770379200,66555.1,66555.1,66182.3,66333.4,32.35459334,816
1770380100,66343.8,66385.7,66138.7,66300.1,44.52839151,694
1770381000,66300.2,66300.2,66050.1,66250.5,63.58528724,761
1770381900,66250.9,66545.3,66247.0,66517.8,81.27656371,918
1770382800,66513.2,67025.2,66417.1,66968.8,131.93051307,1666
1770383700,66960.6,67420.0,66685.6,66844.1,82.56657067,1785
1770384600,66853.3,67315.1,66736.9,67200.0,45.888200669999996,1036
1770385500,67176.0,67674.3,67175.9,67256.2,82.72114093,1432
1770386400,67256.2,67344.3,66844.7,67125.4,55.74595264,1256
1770387300,67127.4,67127.4,66591.2,67061.5,79.22599649,1264
1770388200,67058.6,68333.8,67000.0,68204.7,181.48896188,3378
1770389100,68223.0,68599.7,67900.0,68160.1,196.19485452,2614
1770390000,68160.1,68550.3,67759.0,67895.6,89.68513232,2270
1770390900,67895.6,68500.0,67823.2,68136.6,78.10761047,2067
1770391800,68147.7,68827.0,68022.5,68770.0,70.9361021,2039
1770392700,68781.2,69127.1,68322.6,68586.6,141.7741709,2653
1770393600,68604.0,69436.6,68426.5,69269.5,212.17189952,2617
1770394500,69258.8,69776.0,69145.5,69478.8,103.79814684,2635
1770395400,69479.8,69781.2,69420.0,69766.0,61.97672095,2008
1770396300,69776.1,70190.5,69600.1,69926.1,146.56305095,2725
1770397200,69932.3,70295.6,69586.4,70203.6,81.27499314,2379
1770398100,70203.6,70976.0,70150.1,70900.1,199.75007179,2777
1770399000,70900.1,71447.8,70716.6,71051.5,296.19747908,3106
1770399900,71051.6,71250.0,70511.2,70739.4,79.72251746,2323
1770400800,70719.8,70795.0,69659.8,70000.0,170.30913476,2725
1770401700,70000.0,70048.2,69293.8,69517.9,84.17899654,2324
1770402600,69517.9,70232.3,69353.4,69962.4,72.33881031,1562
1770403500,69962.3,70156.2,69723.3,69723.3,61.450358720000004,1163
1770404400,69723.3,70122.8,69666.6,69769.5,55.01196511,1199
1770405300,69764.1,70398.4,69611.4,70219.3,40.48856312,1337
1770406200,70214.6,70441.8,70082.7,70350.7,30.94841828,1102
1770407100,70326.7,70909.1,70326.7,70686.4,52.41434757,1467
1770408000,70673.1,70794.7,70350.4,70449.6,36.76796241,1080
1770408900,70420.6,70629.4,70198.6,70552.7,35.30628868,1009
1770409800,70552.6,70941.4,70130.6,70201.5,62.11265155,1506
1770410700,70195.2,70545.9,69988.3,69988.3,40.3729944,1332
1770411600,69985.7,70172.6,69812.3,69959.9,30.14161282,1166
1770412500,69958.1,70443.3,69915.7,70367.0,27.32493316,871
1770413400,70362.1,70362.1,70064.2,70241.5,17.72888811,894
1770414300,70230.7,70395.3,70198.6,70305.1,28.54004389,795
1770415200,70318.9,70697.3,70250.0,70377.6,199.78877368,1548
1770416100,70377.5,70736.2,70357.1,70736.2,49.478427,980
1770417000,70736.2,71386.4,70736.2,71139.9,48.19751928,1611
1770417900,71140.0,71483.6,71006.8,71306.5,58.03751466,1036
1770418800,71300.0,71695.7,71054.5,71068.0,38.59435634,1371
1770419700,71068.0,71068.0,70507.3,70519.1,46.03227192,1222
1770420600,70504.9,70805.9,70504.7,70603.2,28.89849718,783
1770421500,70603.2,70700.5,70460.2,70527.4,38.62016239,798
1770422400,70527.4,70554.8,69988.3,70207.1,62.12707418,1381
1770423300,70207.2,70395.8,70039.6,70076.9,20.22137579,902
1770424200,70076.8,70136.1,69684.3,69688.7,31.58002598,1158
1770425100,69683.2,70288.7,69683.1,69915.1,24.82989975,951
1770426000,69915.1,70039.6,69736.9,69806.5,19.60180648,597
1770426900,69806.6,70139.5,69794.0,69954.6,11.61120947,695
1770427800,69954.7,70277.1,69900.0,70250.5,12.43247545,518
1770428700,70250.5,70645.7,70244.5,70472.1,18.66429196,786
1770429600,70459.6,70590.3,70319.5,70390.9,10.00027367,550
1770430500,70386.8,70542.9,70279.9,70403.4,10.53001443,418
1770431400,70397.9,70519.7,70384.5,70443.1,8.83083736,423
1770432300,70443.0,70443.0,70139.7,70327.3,11.69514154,507
1770433200,70321.1,70761.8,70250.0,70707.0,13.3542143,642
1770434100,70698.6,70833.6,70544.0,70826.7,8.63898244,615
1770435000,70818.5,70818.5,70559.2,70702.4,9.73298142,597
1770435900,70703.5,70884.2,70585.4,70883.6,7.13335582,525
1770436800,70883.6,71272.0,70808.5,71188.6,80.17917676,1097
1770437700,71188.6,71631.2,71063.0,71126.7,45.21762124,1085
1770438600,71087.3,71218.7,70654.9,70689.6,12.30814483,668
1770439500,70674.9,70760.0,70563.9,70747.4,10.06452571,523
1770440400,70727.1,70894.5,70633.7,70866.1,6.1378048099999996,457
1770441300,70866.2,71138.4,70157.8,70233.2,57.82009119,1245
1770442200,70223.5,70362.3,70106.0,70198.8,22.9797478,591
1770443100,70198.9,70252.0,69938.0,70105.7,25.00784367,697
1770444000,70131.2,70276.4,69944.8,70066.8,35.30991598,866
1770444900,70066.8,70228.6,69847.3,70181.5,11.80339733,462
1770445800,70181.6,70256.8,69930.3,70033.8,24.41203479,668
1770446700,70033.8,70033.8,68708.4,68748.8,163.9300438,2373
1770447600,68745.0,69054.8,67900.0,67900.0,84.25774338,2066
1770448500,67940.0,68206.8,67343.8,67982.2,208.82933949,2515
1770449400,67998.1,68670.4,67553.4,68450.1,58.61380026,1315
1770450300,68450.1,68450.1,67887.4,68081.7,128.91567373,1454
1770451200,68070.1,68469.9,67749.0,68220.5,190.1592986,1602
1770452100,68220.6,68632.6,68100.1,68390.1,52.10352141,811
1770453000,68390.1,68764.5,68326.7,68351.4,24.94415033,657
1770453900,68333.5,68681.2,68333.5,68474.2,21.88132008,537
1770454800,68474.2,68726.5,68415.1,68726.5,20.52962673,565
1770455700,68726.4,68726.5,68451.1,68451.1,3.8833388,386
1770456600,68436.8,68436.8,67990.1,68076.2,40.97478444,677
1770457500,68079.8,68140.8,67823.7,68093.0,117.54651891,662
1770458400,68091.8,68238.6,67879.2,67883.7,10.40406668,433
1770459300,67921.4,68089.3,67816.0,67915.2,31.40311622,505
1770460200,67904.7,68027.7,67592.5,67739.5,14.29977263,634
1770461100,67739.5,67990.8,67578.6,67947.5,28.26623654,518
1770462000,67948.2,68126.1,67885.0,67930.9,13.766817960000001,441
1770462900,67930.9,68061.7,67839.6,67925.1,4.56805435,329
1770463800,67908.6,67999.8,67753.4,67764.4,2.99347914,271
1770464700,67769.5,67961.1,67636.6,67941.8,19.76022039,561
1770465600,67920.1,68888.4,67861.4,68790.5,69.81411887,1215
1770466500,68791.9,69894.0,68667.4,69264.9,87.21185971,1598
1770467400,69264.8,69890.0,69078.2,69090.8,48.6451596,1216
1770468300,69090.6,69237.3,68771.1,68965.6,15.75409407,646
1770469200,68970.1,69183.3,68840.0,68931.0,20.31654191,657
1770470100,68931.0,69203.3,68866.7,69199.9,25.873152779999998,411
1770471000,69195.0,69318.3,68773.0,68825.4,40.62390661,729
1770471900,68831.8,69031.4,68806.6,69000.0,26.64873121,427
1770472800,69028.4,69101.6,68899.1,68953.8,22.26538539,494
1770473700,68953.9,69075.8,68810.9,68924.5,18.04656374,501
1770474600,68915.3,68969.4,68415.0,68723.9,57.01196247,875
1770475500,68723.9,68762.1,68316.6,68582.7,21.03470371,716
1770476400,68582.3,69095.5,68515.1,69060.3,23.72044241,914
1770477300,69060.3,69425.9,68932.4,69207.7,34.99045729,709
1770478200,69204.6,69680.6,69131.8,69270.1,28.99759196,783
1770479100,69255.8,69422.1,69000.0,69071.3,22.9183987,747
1770480000,69071.3,69807.7,68956.9,69373.1,84.21285635,2426
1770480900,69387.9,69678.3,69236.6,69259.4,31.99782258,993
1770481800,69259.5,69408.0,69099.1,69245.0,12.42121644,596
1770482700,69268.8,69285.0,68814.1,68938.3,24.46133328,728
1770483600,68903.8,69018.6,68616.3,68699.4,35.03201643,783
1770484500,68699.4,69087.8,68520.3,69010.5,35.21095939,774
1770485400,69023.1,69347.5,68926.1,69271.9,10.49155045,641
1770486300,69270.4,69270.4,69020.0,69118.7,10.514591,514
1770487200,69118.7,69210.7,68968.1,69008.1,9.51626712,514
1770488100,69000.1,69480.8,69000.0,69302.9,11.78885406,682
1770489000,69305.4,69603.3,69231.6,69478.9,15.52320085,685
1770489900,69478.9,69635.7,69377.3,69460.2,9.56765301,620
1770490800,69465.3,69525.5,69250.1,69308.2,12.751590610000001,489
1770491700,69303.6,69495.9,69300.2,69400.1,3.08238995,382
1770492600,69400.0,69420.0,69255.1,69302.0,4.61639953,389
1770493500,69300.0,69435.9,69239.6,69311.3,4.8984072,366
1770494400,69311.3,69378.1,69211.7,69266.2,3.18935275,402
1770495300,69266.3,69435.5,69266.3,69418.7,5.24319277,422
1770496200,69418.8,69581.0,69337.5,69531.9,9.50877702,478
1770497100,69521.1,69653.2,69468.9,69586.1,4.00597417,422
1770498000,69586.1,69653.2,69420.1,69464.7,95.56659836,554
1770498900,69464.7,69563.5,69380.0,69499.9,11.32420089,439
1770499800,69454.7,69600.0,69439.3,69439.3,6.51755903,395
1770500700,69425.9,69442.8,69316.0,69425.4,5.38117712,475
1770501600,69442.2,69649.9,69423.8,69503.1,8.36772967,439
1770502500,69507.7,69515.0,69380.0,69515.0,8.04294906,400
1770503400,69515.0,69515.0,69321.7,69324.9,6.61849228,354
1770504300,69325.0,69437.1,69277.7,69354.0,5.52148393,405
1770505200,69366.6,69366.6,68827.1,69022.2,47.59783469,965
1770506100,69022.0,69063.9,68750.1,69016.4,33.06903126,634
1770507000,69014.4,69236.5,69014.3,69223.8,100.5965172,598
1770507900,69223.9,69394.6,69218.1,69268.8,5.01179289,404
1770508800,69249.9,69374.2,69132.5,69321.0,7.77497325,472
1770509700,69321.0,69321.0,68976.7,69000.1,6.27277034,380
1770510600,68999.6,69111.3,68855.4,68948.5,5.36969748,374
1770511500,68926.3,69125.0,68863.1,69095.1,3.2265062700000002,378
1770512400,69095.2,69328.0,69068.0,69328.0,4.93109266,417
1770513300,69327.9,69327.9,69076.6,69094.6,2.39532537,284
1770514200,69094.7,69327.6,69042.6,69262.1,1.41718547,287
1770515100,69262.1,69427.9,69223.4,69352.1,5.00762717,396
1770516000,69352.1,69427.9,69205.9,69374.3,15.69580045,628
1770516900,69374.2,69628.1,69315.8,69395.3,7.7952147,427
1770517800,69395.3,69494.8,69214.2,69285.9,4.38856836,354
1770518700,69285.8,69337.3,69128.6,69329.0,4.23735375,339
1770519600,69328.8,69376.3,69151.6,69199.5,6.77380304,340
1770520500,69199.5,69335.0,69170.3,69295.6,4.1720288199999995,333
1770521400,69295.7,69365.0,69186.6,69202.0,3.88020371,293
1770522300,69206.7,69242.3,69029.2,69072.4,4.21909361,292
1770523200,69072.5,69171.9,69012.6,69012.6,2.19100011,274
1770524100,69012.7,69280.8,68938.2,69200.0,13.25319654,387
1770525000,69200.1,69245.4,69075.4,69196.4,8.172292689999999,270
1770525900,69192.3,69272.1,69145.7,69272.1,1.45321365,229
1770526800,69299.0,69351.5,69186.6,69333.9,30.8606683,431
1770527700,69333.9,69361.3,69178.6,69230.7,3.6695816900000002,254
1770528600,69230.8,69230.8,69110.9,69140.0,12.35289319,273
1770529500,69139.7,69201.9,69116.7,69173.7,4.88156512,215
1770530400,69173.8,69336.0,69037.9,69286.3,14.96041958,420
1770531300,69293.3,69361.3,69171.6,69327.4,9.1460573,394
1770532200,69327.3,69327.3,69215.0,69263.3,1.96252786,220
1770533100,69259.2,69343.3,69235.1,69288.6,0.97379207,221
1770534000,69288.6,69361.3,69181.3,69355.1,10.08863427,299
1770534900,69355.0,69436.2,69297.2,69412.2,4.54272639,288
1770535800,69394.3,69536.3,69371.4,69445.7,4.44158904,290
1770536700,69445.7,69665.1,69445.7,69660.1,8.08133054,333
1770537600,69660.0,69832.9,69542.3,69584.2,13.59291556,551
1770538500,69570.0,70300.0,69472.3,70136.7,83.37618187,896
1770539400,70136.6,70718.9,70025.4,70300.1,30.58880348,1009
1770540300,70300.0,70636.7,70250.1,70607.7,34.686101719999996,602
1770541200,70607.8,70648.5,70300.1,70324.6,13.61161423,501
1770542100,70324.6,70460.5,70263.1,70423.7,5.92093021,323
1770543000,70417.5,70533.4,70060.8,70080.8,25.26858172,562
1770543900,70080.7,70230.5,70013.5,70100.0,17.61923175,324
1770544800,70057.0,70383.5,70056.9,70255.6,3.90140326,307
1770545700,70248.8,70358.0,69823.8,69971.2,19.20646305,584
1770546600,69986.8,70245.8,69959.0,70175.3,9.61902851,301
1770547500,70175.3,70333.4,70167.5,70204.2,13.15977775,343
1770548400,70204.3,70570.1,70171.4,70570.1,12.06969528,489
1770549300,70567.1,70871.0,70522.7,70641.1,43.15560776,660
1770550200,70641.2,70964.9,70614.7,70830.3,14.3199978,639
1770551100,70830.3,71180.1,70774.5,70941.0,74.32473461,968
1770552000,70949.2,70987.4,70800.0,70800.1,15.37731206,438
1770552900,70800.1,70904.4,70723.2,70904.3,4.00474128,348
1770553800,70904.3,70985.4,70657.4,70731.2,15.542531199999999,438
1770554700,70719.7,71200.0,70667.7,71200.0,66.70340208,691
1770555600,71200.0,71222.0,70937.7,71070.8,240.21836665,954
1770556500,71070.7,71424.0,71060.5,71400.1,49.6121461,717
1770557400,71400.1,71437.5,71150.3,71175.0,10.2821657,613
1770558300,71168.2,71449.1,71168.2,71445.0,9.79021768,526
1770559200,71445.0,71500.0,71250.0,71328.0,19.70474488,639
1770560100,71336.1,71399.9,71114.4,71174.9,8.88141133,548
1770561000,71175.0,71280.0,71071.6,71085.1,7.52475027,458
1770561900,71085.1,71200.0,71085.0,71175.0,13.07753533,471
1770562800,71190.0,71382.3,71175.1,71265.1,8.89478808,530
1770563700,71265.1,71398.9,70766.8,70860.6,48.38435392,1085
1770564600,70860.5,71237.5,70845.0,71087.3,22.48625895,646
1770565500,71087.3,71100.0,70920.0,71100.0,12.16334369,495
1770566400,71114.9,71190.0,70956.5,70957.8,21.10804842,637
1770567300,70957.8,71160.0,70957.8,71100.1,14.30905047,414
1770568200,71100.1,71107.0,70714.4,70751.0,25.8358419,599
1770569100,70744.6,70770.0,70223.8,70362.0,141.28657988999998,1436
1770570000,70362.1,70654.9,70362.0,70545.1,9.36529766,523
1770570900,70545.1,70800.0,70433.6,70518.0,15.27358123,637
1770571800,70515.1,70755.0,70515.1,70754.9,4.76836265,434
1770572700,70753.5,70816.2,70605.0,70725.0,4.61266322,417
1770573600,70725.1,70918.2,70725.0,70875.1,10.2093429,463
1770574500,70875.0,71000.0,70781.4,70940.3,6.6207356,465
1770575400,70939.9,71350.1,70937.6,71265.1,27.54047014,753
1770576300,71265.1,71340.0,71086.9,71086.9,34.43748303,523
1770577200,71086.9,71285.4,71086.9,71260.9,4.87080722,440
1770578100,71263.1,71310.0,71150.0,71160.6,6.72386393,414
1770579000,71160.7,71265.0,71106.1,71253.7,3.04521673,366
1770579900,71253.7,71465.1,71200.0,71370.1,20.83228998,580
1770580800,71370.1,71384.9,70905.0,71025.0,18.940362999999998,744
1770581700,71025.0,71115.0,70905.1,70964.9,6.87911991,404
1770582600,70965.0,71128.2,70964.9,71069.6,4.888546509999999,310
1770583500,71055.1,71085.0,70680.1,70789.7,4.51281326,496
1770584400,70789.8,70994.9,70710.0,70985.4,8.92220987,357
1770585300,70985.4,71083.6,70920.0,70950.1,5.42919807,418
1770586200,70950.1,70971.6,70605.5,70727.8,19.51668284,601
1770587100,70727.8,70839.5,70523.7,70687.6,10.46572226,457
1770588000,70676.4,70806.2,70673.0,70785.0,4.92755264,387
1770588900,70785.0,70930.9,70764.6,70815.1,24.41451076,425
1770589800,70815.1,70940.2,70620.0,70895.6,4.1638207099999995,441
1770590700,70890.1,71056.8,70800.0,71024.9,20.13597049,448
1770591600,71012.5,72256.1,71012.5,71322.0,93.99695398,2331
1770592500,71310.1,71448.0,70218.8,70499.1,76.00377333,1765
1770593400,70491.8,70491.8,70000.0,70425.2,72.51470643,1639
1770594300,70426.4,70761.6,70215.4,70305.0,40.11978599,928
1770595200,70300.5,70584.2,70250.0,70530.1,16.55430016,774
1770596100,70545.0,70714.3,70335.1,70439.9,18.0431423,463
1770597000,70440.0,70568.9,70112.4,70200.1,8.0012336,547
1770597900,70206.0,70480.0,70088.0,70455.1,15.97947817,541
1770598800,70455.1,70587.1,70260.1,70345.9,29.1223325,581
1770599700,70350.0,70877.6,70260.0,70664.3,11.12782925,658
1770600600,70665.3,70740.0,70050.0,70204.8,12.160997889999999,686
1770601500,70203.8,70448.0,70035.2,70309.2,33.95719702,913
1770602400,70309.3,70453.7,70170.1,70311.5,5.45497942,612
1770603300,70305.0,70439.5,70260.0,70410.0,1.73872556,344
1770604200,70410.0,70926.7,70410.0,70830.1,10.03248065,576
1770605100,70830.1,70857.9,70566.0,70576.4,2.15761169,316
1770606000,70583.7,70785.8,70583.7,70683.1,5.75317771,372
1770606900,70709.9,70896.1,70680.0,70769.9,5.24167772,307
1770607800,70770.0,71275.9,70770.0,71081.0,41.08580781,651
1770608700,71071.2,71369.9,71000.0,71286.5,28.21862189,621
1770609600,71265.1,71286.9,70957.6,70976.9,10.17654724,382
1770610500,70976.8,71220.0,70975.5,71197.6,15.41650433,347
1770611400,71190.1,71190.1,70863.4,70965.0,4.4427467300000005,370
1770612300,70965.0,71070.0,70888.1,70965.1,9.049043769999999,284
1770613200,70965.1,70965.1,70774.3,70774.3,3.5831958299999997,343
1770614100,70774.3,70969.6,70765.2,70968.6,2.70298273,286
1770615000,70971.5,71052.1,70875.0,70920.0,1.8839285700000001,215
1770615900,70920.0,70987.0,70801.9,70987.0,4.72092712,251
1770616800,70987.1,71000.9,70723.2,70837.1,16.61511397,495
1770617700,70832.5,70832.5,70279.0,70380.0,28.78615202,752
1770618600,70365.0,70515.0,70350.4,70493.0,13.2486514,325
1770619500,70485.0,70657.7,70485.0,70610.6,8.19906406,323
1770620400,70610.7,70773.4,70418.1,70765.9,6.29913779,457
1770621300,70755.1,70824.7,70604.9,70658.8,7.65998736,490
1770622200,70663.7,70665.0,70311.5,70364.9,10.47928977,600
1770623100,70364.9,70455.0,70300.8,70365.6,7.71133932,535
1770624000,70361.7,70529.9,70273.2,70446.0,8.72199077,654
1770624900,70470.0,70495.3,70013.5,70027.8,50.61310783,622
1770625800,70039.3,70039.3,69369.3,69750.1,81.16187169,1264
1770626700,69750.1,69937.9,69690.0,69824.8,14.64616426,464
1770627600,69812.4,70038.7,69810.0,69821.6,33.34177,616
1770628500,69810.1,69884.9,69661.5,69840.0,46.91191715,536
1770629400,69840.1,69899.9,69519.6,69615.0,32.27034393,720
1770630300,69619.9,69734.9,69429.5,69540.0,98.30675953,661
1770631200,69540.0,69653.2,69313.6,69475.8,54.01163948,719
1770632100,69465.0,69465.0,68925.0,68969.0,51.041073510000004,1156
1770633000,68955.1,68955.1,68352.1,68545.9,142.26423618,1661
1770633900,68557.2,68750.0,68390.0,68658.8,84.19917107,818
1770634800,68658.8,68896.8,68535.3,68539.5,32.53490641,582
1770635700,68543.8,68865.4,68514.7,68797.4,10.76996941,449
1770636600,68797.5,68935.9,68729.7,68846.6,5.11646922,281
1770637500,68868.8,68914.8,68630.0,68826.7,5.55802835,374
1770638400,68855.8,69165.6,68799.5,69132.2,47.38454121,624
1770639300,69119.1,69119.1,68915.4,68976.1,16.43473424,402
1770640200,68971.2,69156.0,68885.4,69076.1,117.46127034,505
1770641100,69076.0,69100.0,68939.9,69079.8,19.01182212,401
1770642000,69079.8,69220.2,68879.9,69167.7,11.61549458,522
1770642900,69167.7,69205.8,68960.7,69188.2,14.104028490000001,357
1770643800,69195.2,69195.2,68991.9,69023.1,25.56085426,487
1770644700,69023.2,69086.1,68558.6,68558.8,53.41180001,744
1770645600,68558.7,68753.2,68242.5,68540.3,40.76547436,1072
1770646500,68540.4,68970.0,68351.1,68925.0,44.85978792,792
1770647400,68936.2,69725.6,68475.9,69156.4,88.46757172,1618
1770648300,69156.4,69377.9,68922.1,69237.3,21.8211766,1122
1770649200,69237.4,69817.3,69237.4,69451.2,193.69711742,1531
1770650100,69446.0,69617.0,68789.4,68884.0,29.20438288,994
1770651000,68883.9,69586.4,68833.0,69525.7,18.83428294,894
1770651900,69516.8,69570.0,69161.8,69552.9,41.48216697,778
1770652800,69530.8,69653.2,69077.9,69160.5,13.6553611,670
1770653700,69160.5,69578.0,69145.2,69569.6,18.08852916,651
1770654600,69559.7,69980.4,69304.5,69914.3,22.84150468,934
1770655500,69898.2,70370.1,69898.2,70053.0,44.99949072,1178
1770656400,70053.0,70270.8,69837.5,69900.7,47.77963454,915
1770657300,69890.0,70157.5,69855.6,69982.8,7.60346837,635
1770658200,70008.9,70916.4,69964.9,70793.7,307.25873779,1893
1770659100,70793.7,70871.3,70564.1,70574.9,29.47976837,933
1770660000,70560.1,70964.4,70440.7,70481.9,98.6515658,1111
1770660900,70499.9,70539.9,70063.9,70243.6,51.72847141,847
1770661800,70236.8,70451.9,70100.0,70398.5,14.0884289,617
1770662700,70398.4,70500.0,70205.7,70366.6,12.77873334,628
1770663600,70378.9,70488.6,70211.6,70426.9,10.99447786,561
1770664500,70426.9,70659.0,70423.0,70592.4,18.51859467,644
1770665400,70617.2,70903.5,70617.2,70903.4,16.52067542,700
1770666300,70902.3,71000.0,70754.0,70883.9,68.43561076,801
1770667200,70923.7,71059.5,70700.1,70963.5,81.77855087,766
1770668100,70961.6,70961.6,70475.3,70511.9,26.07539493,827
1770669000,70480.5,70803.9,70480.1,70789.0,16.40662104,637
1770669900,70789.0,70834.9,70654.9,70709.6,33.77602773,854
1770670800,70707.7,70780.2,70368.0,70377.9,28.2993657,552
1770671700,70376.6,70473.4,70282.9,70292.4,25.11691225,531
1770672600,70292.5,70315.0,69876.0,69993.9,37.09841294,722
1770673500,69975.5,70460.0,69791.6,70375.1,27.72192608,782
1770674400,70375.1,70662.0,70257.6,70610.7,10.95034647,568
1770675300,70610.6,70610.6,70348.0,70412.0,20.734970569999998,467
1770676200,70412.0,70529.4,70371.9,70498.0,5.46936938,412
1770677100,70498.0,70567.2,70329.2,70331.4,8.15151797,324
1770678000,70331.4,70543.3,70284.1,70432.0,13.76090635,492
1770678900,70416.1,70468.7,70240.0,70241.6,11.998599259999999,453
1770679800,70247.3,70399.1,70243.5,70354.6,1.53109471,337
1770680700,70348.5,70348.5,70055.5,70087.2,5.55073393,368
1770681600,70103.9,70213.4,69946.8,70122.0,9.6024136,494
1770682500,70140.3,70146.6,69845.7,69941.2,23.089902170000002,473
1770683400,69953.2,70061.3,69750.0,69750.1,37.04970198,586
1770684300,69750.1,69850.0,69729.1,69815.2,111.19319939,468
1770685200,69804.9,70120.6,69790.6,70088.6,7.4047290299999995,440
1770686100,70071.3,70401.0,70026.1,70327.8,8.73798191,475
1770687000,70324.9,70468.6,70220.0,70428.4,9.77427566,453
1770687900,70428.4,70434.6,70243.4,70376.5,6.89501787,364
1770688800,70429.4,70429.4,70249.5,70286.3,5.71255504,440
1770689700,70311.0,70408.7,70220.0,70220.1,3.5458543199999997,270
1770690600,70220.1,70247.0,70022.0,70022.0,13.204321779999999,355
1770691500,70022.1,70138.1,69980.0,70069.8,3.5871983899999997,381
1770692400,70060.9,70129.8,69718.8,69791.2,5.10328697,571
1770693300,69789.8,69866.1,69440.0,69509.7,23.53149466,913
1770694200,69504.5,69504.5,69165.4,69302.1,58.20362004,778
1770695100,69320.4,69546.4,69319.3,69460.8,22.27652219,535
1770696000,69460.8,69789.4,69445.2,69729.7,24.3386335,563
1770696900,69738.5,69758.5,69575.8,69750.8,11.59363896,391
1770697800,69764.5,69800.0,69583.2,69640.6,8.00039596,302
1770698700,69640.6,69845.6,69611.3,69778.0,9.05893802,315
1770699600,69778.0,69806.5,69622.8,69750.2,1.3636005,349
1770700500,69737.1,69738.4,69449.0,69468.8,2.25515695,292
1770701400,69468.8,69646.0,69264.6,69300.0,22.350550169999998,547
1770702300,69320.3,69428.8,69186.7,69397.7,28.76244973,370
1770703200,69397.7,69436.0,69280.7,69282.1,6.07025708,418
1770704100,69297.2,69332.9,69050.0,69157.0,13.77803034,514
1770705000,69157.0,69249.3,68976.5,68988.9,19.60403063,590
1770705900,68983.1,68990.9,68673.9,68879.0,63.89133428,1025
1770706800,68872.5,69138.4,68805.0,69024.5,14.17682396,445
1770707700,69045.9,69065.4,68912.6,69035.1,9.4622091,355
1770708600,69034.9,69064.8,68835.2,68924.0,7.75913354,419
1770709500,68923.9,68969.1,68860.2,68860.2,7.1778075800000005,401
1770710400,68865.4,68937.4,68774.2,68779.6,13.75648425,464
1770711300,68777.0,69035.6,68678.0,68993.3,26.9203704,635
1770712200,68986.4,69069.0,68800.1,68999.0,10.20895818,657
1770713100,68999.0,69143.1,68999.0,69073.4,7.94067953,452
1770714000,69073.4,69284.0,69059.0,69194.0,10.065423169999999,502
1770714900,69194.1,69329.0,69179.0,69238.1,3.79298648,380
1770715800,69238.0,69238.0,69075.8,69145.7,9.14305277,367
1770716700,69145.7,69179.0,68894.0,69069.5,19.9100912,532
1770717600,69069.5,69162.9,69051.3,69074.1,13.35311293,367
1770718500,69074.1,69179.0,68966.1,69134.0,8.378929320000001,352
1770719400,69134.0,69134.0,68924.1,68947.4,2.06961727,309
1770720300,68947.5,68980.5,68888.5,68888.5,20.08884578,309
1770721200,68888.6,68924.0,68774.0,68849.2,9.989595360000001,495
1770722100,68849.1,68924.0,68831.1,68870.1,6.56422676,403
1770723000,68870.1,69005.3,68467.3,68600.0,49.04554761,929
1770723900,68600.0,68727.1,68420.0,68478.6,182.28532994,1040
1770724800,68478.6,68779.7,68478.6,68583.8,70.6122761,895
1770725700,68583.8,68722.7,68504.1,68708.9,8.68714556,474
1770726600,68708.9,68792.4,68527.0,68527.1,11.98732748,567
1770727500,68527.1,68624.0,68408.2,68559.4,15.960562170000001,604
1770728400,68559.5,68559.5,68345.0,68519.9,23.60727435,959
1770729300,68519.8,68744.0,68489.0,68699.1,38.64845965,636
1770730200,68699.0,69000.0,68669.0,68953.9,46.93313001,894
1770731100,68954.0,69098.9,68864.0,68984.0,35.89355954,717
1770732000,68984.0,69132.4,68850.2,69087.2,19.59936975,674
1770732900,69087.2,69544.6,69086.2,69179.1,70.32444064,1230
1770733800,69179.2,69396.6,67899.8,68202.3,179.73137935,3240
1770734700,68196.2,68525.6,67875.1,68429.1,76.75761099,1615
1770735600,68429.1,69125.1,68256.7,68590.7,42.2295192,1460
1770736500,68598.8,69343.3,68504.0,69164.0,95.07357518,1337
1770737400,69164.0,69452.8,69160.6,69268.9,24.3748674,957
1770738300,69259.5,69374.0,69080.3,69239.0,17.30063914,871
1770739200,69246.0,69636.5,68906.5,69616.9,108.81192456,1542
1770740100,69616.9,69749.0,69261.5,69417.5,49.361091110000004,1194
1770741000,69417.4,69621.9,69261.6,69462.4,10.42254745,744
1770741900,69469.4,69554.0,69284.1,69494.1,12.31340498,641
1770742800,69494.1,69494.1,69301.2,69350.0,9.87743041,665
1770743700,69350.0,69770.3,69350.0,69644.0,111.54651304000001,869
1770744600,69631.2,69954.7,69615.6,69846.0,26.091542190000002,702
1770745500,69854.0,69896.3,69704.1,69884.0,29.74908999,668
1770746400,69884.0,69899.0,69539.0,69554.1,12.93947369,601
1770747300,69554.0,69554.0,68841.6,68879.1,51.128103180000004,1028
1770748200,68879.0,69070.2,68764.6,68965.8,9.20906686,733
1770749100,68965.7,69012.6,68587.2,68850.0,36.13513205,919
1770750000,68850.0,68939.0,68674.0,68868.0,27.98439518,692
1770750900,68869.7,68890.0,68713.9,68879.0,11.310034289999999,693
1770751800,68894.0,69222.0,68871.0,69168.0,32.80061863,672
1770752700,69167.9,69253.1,68963.7,69033.6,29.34179868,619
1770753600,69033.7,69089.0,68700.5,68729.0,41.89589559,663
1770754500,68729.0,68874.0,68692.6,68784.0,8.43145222,569
1770755400,68775.4,68905.7,68594.4,68833.9,41.44784904,736
1770756300,68834.0,68921.3,68676.1,68708.3,9.49800598,593
1770757200,68714.0,68954.0,68699.0,68811.9,4.40497004,578
1770758100,68811.8,68877.7,68620.5,68627.3,3.26677508,420
1770759000,68616.0,68616.0,68334.1,68429.1,14.26191784,904
1770759900,68429.0,68669.9,68429.0,68593.0,57.10458132,637
1770760800,68605.5,68735.5,68579.0,68594.0,9.69806146,550
1770761700,68588.8,68639.0,68537.0,68638.9,5.28296532,369
1770762600,68639.0,68800.0,68624.0,68654.0,12.88993102,420
1770763500,68639.1,68699.0,68589.2,68639.1,5.521536439999999,328
1770764400,68659.5,68705.7,68564.0,68653.9,46.71291949,412
1770765300,68653.9,68653.9,68489.0,68615.3,8.27093306,430
1770766200,68615.3,68748.6,68564.0,68748.3,9.69339533,392
1770767100,68743.7,68805.9,68692.7,68785.5,12.52227878,380
1770768000,68796.3,68913.3,68750.5,68762.9,33.98528932,621
1770768900,68762.9,69183.5,68762.8,69135.1,36.447765419999996,833
1770769800,69135.1,69164.0,68970.2,69017.5,10.26528822,452
1770770700,69017.5,69179.0,68999.3,69164.7,10.51799331,415
1770771600,69164.7,69228.6,69047.5,69164.0,16.39837802,573
1770772500,69164.0,69194.0,68888.8,68901.2,3.16936642,459
1770773400,68901.2,69044.0,68885.4,69044.0,4.78450557,360
1770774300,69043.9,69062.4,68924.3,68927.3,8.00422468,440
1770775200,68927.3,69104.0,68923.0,68924.1,4.38999846,651
1770776100,68918.9,69072.7,68918.8,68999.0,4.20880575,418
1770777000,68999.0,69059.0,68834.0,68834.0,5.01518325,415
1770777900,68834.0,68834.0,68581.4,68624.1,8.18076854,629
1770778800,68624.1,68698.3,68477.1,68488.2,5.37456059,604
1770779700,68488.1,68488.2,67979.1,68256.0,102.45451464,1451
1770780600,68255.9,68489.0,68225.9,68398.1,7.4343129800000005,566
1770781500,68389.7,68474.0,68132.2,68132.3,4.58892565,465
1770782400,68132.3,68271.0,67989.0,67989.0,11.6199684,588
1770783300,67989.0,68114.0,67514.6,67527.3,82.19841472,1553
1770784200,67527.4,67664.0,67324.9,67484.0,142.62275572000001,1307
1770785100,67483.9,67629.0,67346.1,67537.3,12.82369538,721
1770786000,67537.4,67728.6,67533.6,67672.8,29.248711840000002,728
1770786900,67674.5,67739.0,67518.5,67529.0,21.26463846,441
1770787800,67529.1,67544.0,67362.5,67402.0,15.16135948,555
1770788700,67402.0,67529.0,67377.1,67381.7,5.92387394,438
1770789600,67379.1,67432.0,66777.0,66856.6,63.40287663,1664
1770790500,66856.5,67124.0,66676.4,67062.8,40.64468708,1440
1770791400,67074.0,67100.0,66805.8,66805.8,8.94937206,653
1770792300,66809.3,66844.1,66532.6,66766.8,20.05978584,1076
1770793200,66760.1,66924.5,66619.2,66688.2,39.7331232,841
1770794100,66688.1,66965.0,66632.4,66947.9,6.12683362,743
1770795000,66947.9,67169.2,66919.0,67117.5,18.38159679,676
1770795900,67119.0,67198.5,66999.9,67000.0,17.95291949,491
1770796800,67000.0,67072.5,66802.6,66868.3,20.35602582,602
1770797700,66868.2,67044.2,66788.6,66894.1,10.871771129999999,512
1770798600,66894.0,67001.3,66767.5,67001.3,7.4961511199999995,481
1770799500,66999.8,66999.9,66900.0,66970.2,7.84818695,506
1770800400,66970.3,67056.0,66806.2,66867.5,13.47404366,590
1770801300,66867.4,66930.6,66771.7,66922.8,11.15399906,604
1770802200,66932.7,66967.9,66778.1,66791.4,17.89873775,488
1770803100,66800.0,66831.4,66708.4,66821.3,9.20587285,414
1770804000,66831.4,66831.4,66644.4,66704.4,8.92936722,435
1770804900,66723.5,66850.0,66655.1,66813.7,6.37824322,307
1770805800,66824.4,66847.7,66540.5,66708.6,8.79792399,483
1770806700,66708.6,66751.4,66351.0,66503.4,74.59036011,911
1770807600,66503.4,66690.1,66485.6,66636.0,29.88838386,545
1770808500,66635.9,67056.0,66626.7,66956.8,17.14944795,612
1770809400,66956.8,66994.4,66866.3,66888.5,5.63379343,387
1770810300,66894.7,67049.0,66894.7,67023.4,13.53713164,395
1770811200,67023.4,67265.8,66954.0,67065.0,51.25298948,707
1770812100,67064.2,67378.9,67064.1,67206.6,37.70328438,664
1770813000,67206.5,67267.5,66993.6,67057.8,21.32195117,438
1770813900,67050.7,67142.2,66986.9,67081.1,10.02926296,469
1770814800,67105.8,67169.1,66826.8,66890.1,44.09389183,612
1770815700,66890.0,66977.3,66780.7,66969.1,70.62306814,713
1770816600,66988.9,67639.4,66847.2,67161.8,113.24009963,1335
1770817500,67162.8,67516.2,66899.6,67424.4,19.24393352,654
1770818400,67424.6,68774.0,67424.6,68394.7,119.56837713,1952
1770819300,68419.8,68527.7,67921.3,67967.5,17.26851282,786
1770820200,67974.4,68180.8,66930.6,67211.4,135.17413025,1529
1770821100,67211.4,67376.1,66421.8,66555.7,135.99096202,1486
1770822000,66566.6,66732.4,65727.7,66051.4,190.91154301,2352
1770822900,66058.2,66496.8,65887.9,66152.5,45.58216264,1234
1770823800,66152.6,66763.4,66099.7,66716.7,37.74523146,936
1770824700,66740.6,66764.5,66050.0,66481.7,58.62981285,849
1770825600,66488.8,67219.2,66386.1,67124.0,59.65004361,870
1770826500,67133.1,67160.4,66556.5,66581.0,44.6629119,641
1770827400,66569.2,66693.9,66083.5,66083.5,31.0546494,767
1770828300,66090.2,66268.8,65907.3,66008.8,26.4382908,708
1770829200,66000.1,66293.5,65845.8,66224.8,18.76677779,681
1770830100,66249.2,66686.1,66249.2,66612.3,23.7787059,718
1770831000,66619.5,66868.7,66500.1,66572.4,27.78764043,709
1770831900,66575.0,66743.7,66421.0,66493.4,13.90870927,529
1770832800,66482.5,66514.9,66120.0,66418.0,46.70232358,719
1770833700,66420.1,67020.2,66409.9,66878.2,57.36153898,843
1770834600,66884.7,67167.9,66762.2,66986.5,13.31640515,512
1770835500,66986.6,67262.9,66973.5,67237.8,18.51733237,550
1770836400,67233.4,67633.1,67076.5,67597.6,74.12088388,822
1770837300,67596.8,67717.0,67375.4,67397.1,30.98744017,578
1770838200,67389.3,67799.4,67287.2,67762.7,16.95851326,511
1770839100,67733.8,67791.2,67485.0,67537.1,14.75344074,459
1770840000,67540.4,67686.1,67397.5,67610.6,110.94855226,638
1770840900,67606.7,67714.5,67174.4,67174.4,24.10359108,531
1770841800,67174.4,67379.0,67150.1,67249.7,23.85423061,428
1770842700,67247.1,67592.6,67247.0,67506.4,49.06536887,568
1770843600,67515.2,67692.1,67376.9,67641.4,25.49427805,520
1770844500,67647.1,68180.0,67537.7,68131.0,58.2453941,896
1770845400,68146.3,68271.3,67879.7,67952.9,54.57613749,684
1770846300,67949.1,67976.3,67766.0,67766.0,9.80812223,381
1770847200,67766.1,67821.4,67562.1,67619.9,5.21586439,417
1770848100,67619.9,67728.0,67343.8,67518.4,20.84664216,497
1770849000,67519.6,67645.4,67345.4,67585.2,4.03180464,374
1770849900,67585.5,67667.5,67362.0,67362.0,23.48882993,366
1770850800,67382.4,67502.3,67198.5,67280.8,41.48066489,517
1770851700,67272.7,67334.9,66864.5,66977.0,37.09535922,693
1770852600,66970.4,67074.2,66748.4,66980.8,45.71604873,476
1770853500,67020.0,67052.3,66844.9,67052.3,6.64955207,305
1770854400,67039.6,67319.5,67007.2,67319.4,26.8579641,542
1770855300,67319.4,67440.8,67270.3,67326.9,15.07302991,520
1770856200,67344.4,67635.3,67344.4,67525.1,22.23075919,429
1770857100,67525.0,67629.5,67421.6,67425.7,5.41018152,332
1770858000,67425.7,67635.3,67425.7,67635.2,2.43741359,275
1770858900,67635.3,67821.8,67510.7,67766.3,39.2009067,541
1770859800,67761.5,67987.3,67710.8,67801.7,27.06187148,460
1770860700,67801.7,67817.0,67570.4,67637.4,10.83346562,295
1770861600,67646.8,67741.7,67457.1,67457.1,4.51151736,376
1770862500,67457.1,67518.5,67369.4,67459.7,108.87667548,421
1770863400,67465.6,67700.0,67431.6,67680.8,8.80554703,297
1770864300,67680.7,67700.7,67378.4,67378.4,18.50013136,424
1770865200,67380.0,67509.3,67313.8,67431.9,9.98796706,337
1770866100,67453.0,67472.4,67282.3,67339.6,31.99837035,401
1770867000,67348.5,67489.1,67287.1,67421.1,7.996409450000001,301
1770867900,67452.9,67536.6,67395.2,67536.6,2.2821911800000003,213
1770868800,67533.5,67618.9,67384.5,67515.1,325.61474979,683
1770869700,67515.1,67517.0,67158.2,67159.9,28.681984,439
1770870600,67158.2,67232.7,67021.3,67176.6,20.537827710000002,350
1770871500,67176.5,67214.8,66964.8,66964.9,17.77484449,359
1770872400,66965.8,67138.9,66719.9,66758.6,8.2535156,421
1770873300,66755.3,66905.6,66618.6,66818.3,17.11532394,438
1770874200,66823.7,67063.1,66821.7,67047.9,4.23547499,306
1770875100,67029.7,67093.7,66958.0,67085.5,1.18694914,194
1770876000,67090.0,67174.3,66957.9,67083.5,3.9108468,246
1770876900,67058.4,67287.2,67052.1,67249.4,5.636427599999999,478
1770877800,67249.5,67287.2,67120.2,67202.1,4.30639537,416
1770878700,67202.0,67241.7,67043.9,67046.0,5.87545575,324
1770879600,67067.5,67087.1,66893.6,66939.4,2.81517092,354
1770880500,66939.5,67262.0,66905.8,67175.2,15.460948199999999,343
1770881400,67175.2,67198.8,67100.4,67100.4,2.21962764,331
1770882300,67100.5,67186.5,67052.0,67167.7,9.49855548,386
1770883200,67167.7,67262.0,67083.6,67182.4,13.52135097,323
1770884100,67182.3,67182.3,66860.7,66879.4,9.74998634,399
1770885000,66891.3,67021.0,66872.4,66948.2,5.09449745,265
1770885900,66935.1,67102.9,66935.0,67073.4,2.2153118800000002,201
1770886800,67088.9,67180.6,67001.8,67130.2,1.8974234300000001,259
1770887700,67122.4,67271.0,67122.4,67258.0,4.240298,178
1770888600,67245.2,67424.9,67206.1,67378.1,5.28441981,228
1770889500,67372.0,67651.5,67324.1,67507.2,18.97714174,435
1770890400,67507.2,67583.3,67435.3,67471.5,1.8332948199999999,243
1770891300,67516.3,67561.8,67379.9,67561.8,9.47384992,269
1770892200,67561.8,67781.6,67561.7,67600.1,8.71859798,382
1770893100,67628.1,67973.2,67611.6,67973.2,23.64784452,483
1770894000,67970.1,68074.5,67713.6,67849.9,51.76335991,717
1770894900,67828.9,68214.0,67787.2,68168.0,13.10627446,458
1770895800,68155.2,68230.4,68016.5,68051.9,19.22364232,385
1770896700,68051.9,68131.0,68000.0,68061.7,21.45468373,350
1770897600,68049.5,68113.3,67852.8,67993.1,7.40866746,363
1770898500,67993.2,68010.1,67823.3,67955.9,7.48224353,335
1770899400,67949.8,67949.8,67822.3,67853.1,13.52842457,316
1770900300,67853.2,67900.0,67687.4,67824.1,117.77812688,639
1770901200,67830.2,67830.2,67651.5,67821.8,83.22522586,632
1770902100,67810.0,68003.8,67660.7,67720.0,46.34269709,498
1770903000,67714.2,68107.6,67690.1,68081.8,29.48835173,488
1770903900,68081.8,68333.7,67957.0,68320.0,38.39208195,617
1770904800,68320.0,68353.3,67825.3,67980.0,8.72316233,520
1770905700,67980.1,68050.0,67860.0,67967.2,20.21876016,477
1770906600,67960.0,68239.7,67580.7,67586.9,20.94528127,940
1770907500,67587.6,67952.6,67500.0,67563.3,100.53579723,908
1770908400,67560.1,67769.5,66989.3,67360.0,36.50838278,1105
1770909300,67359.9,67919.6,67340.0,67834.3,50.98873828,950
1770910200,67840.0,67960.7,67248.8,67372.4,31.17002074,682
1770911100,67379.5,67490.6,67053.5,67080.0,8.34763774,561
1770912000,67100.0,67196.0,66488.4,66529.8,85.65729898000001,1413
1770912900,66513.5,66765.4,65976.0,66005.9,69.35878624,1490
1770913800,66019.4,66492.6,65910.0,66250.7,51.34123811,1303
1770914700,66249.5,66315.3,65510.7,65800.0,124.61316927,2015
1770915600,65818.5,65952.8,65534.2,65705.0,52.7740092,1186
1770916500,65696.4,66198.1,65575.0,66085.5,41.34192963,884
1770917400,66092.9,66120.6,65802.6,65941.1,31.73665197,856
1770918300,65941.1,65988.2,65306.6,65350.6,64.89992282,1397
1770919200,65366.6,65731.1,65339.1,65643.5,41.50531197,943
1770920100,65643.5,65660.0,65182.3,65260.0,108.07137073,1303
1770921000,65260.0,65471.3,65072.2,65400.0,52.73125652,993
1770921900,65400.1,65652.3,65400.0,65539.9,107.95757786,745
1770922800,65540.0,65683.8,65228.2,65400.0,38.2459893,750
1770923700,65393.5,65889.0,65380.1,65729.3,46.54055355,835
1770924600,65723.4,66047.3,65723.4,65920.0,73.43055484,813
1770925500,65920.0,66055.2,65723.9,65725.5,61.70924182,740
1770926400,65735.8,65975.5,65573.6,65640.0,31.377720919999998,740
1770927300,65640.0,65743.5,65450.0,65450.1,37.27990652,651
1770928200,65450.0,65618.4,65344.8,65500.0,25.3949328,688
1770929100,65501.7,65518.6,65167.0,65345.5,45.98352754,890
1770930000,65345.6,65620.0,65345.6,65620.0,21.08318808,546
1770930900,65620.0,65739.0,65440.0,65539.9,22.34306191,593
1770931800,65540.0,65786.3,65540.0,65766.4,7.48086624,430
1770932700,65766.0,65835.5,65697.2,65779.9,13.80257649,437
1770933600,65779.9,65820.0,65673.4,65759.2,21.76250669,533
1770934500,65753.4,65866.1,65587.3,65866.1,27.84661139,548
1770935400,65868.6,66116.7,65824.2,66116.7,19.45420639,541
1770936300,66116.6,66335.0,66116.6,66231.2,65.50606222,596
1770937200,66231.2,66400.0,66145.5,66240.0,19.9877031,469
1770938100,66240.0,66404.9,66205.2,66338.3,14.99259443,415
1770939000,66339.9,66404.9,66154.6,66182.5,9.1010414,401
1770939900,66177.8,66240.0,66098.5,66203.8,11.5202153,339
1770940800,66208.5,66444.8,66103.1,66332.3,9.91742118,557
1770941700,66332.4,66332.4,65966.0,65966.0,10.91812343,474
1770942600,65966.1,66079.7,65865.3,65920.0,11.38203398,408
1770943500,65915.3,66000.0,65825.8,65862.9,7.23775876,368
1770944400,65860.1,66196.9,65860.1,66196.9,5.11036099,342
1770945300,66200.0,66229.9,66050.0,66179.4,8.12960824,479
1770946200,66179.4,66428.8,66179.4,66380.1,10.79067917,497
1770947100,66380.1,66540.5,66268.2,66370.0,10.83346454,532
1770948000,66380.0,66491.9,66352.7,66491.9,14.09441487,532
1770948900,66493.8,66596.4,66342.2,66500.0,2.95986899,413
1770949800,66480.1,66572.2,66420.0,66523.6,3.72050968,408
1770950700,66547.9,66692.1,66500.0,66622.3,3.86777745,454
1770951600,66620.1,66702.0,66460.0,66480.1,9.51822341,502
1770952500,66480.1,66600.0,66446.5,66599.9,1.32915159,307
1770953400,66600.0,66724.4,66580.1,66600.1,4.7931175800000005,418
1770954300,66600.1,66600.1,66420.0,66499.9,10.35113892,375
1770955200,66500.0,66532.5,66387.7,66460.0,3.13633389,397
1770956100,66459.9,66617.4,66398.7,66426.7,3.98909781,368
1770957000,66420.0,66420.0,66299.0,66299.1,3.21377718,324
1770957900,66299.1,66380.0,66261.7,66261.7,3.64532069,254
1770958800,66261.8,66389.2,66188.9,66200.0,3.37700051,457
1770959700,66211.2,66339.9,66188.9,66248.3,2.85622296,357
1770960600,66260.0,66416.8,66260.0,66416.8,3.44621924,388
1770961500,66416.8,66451.7,66142.4,66142.4,4.05937877,408
1770962400,66140.1,66240.0,66131.0,66200.0,2.81797804,312
1770963300,66200.0,66227.8,66004.2,66052.7,4.9656932,404
1770964200,66060.0,66060.0,65976.0,66045.1,7.99146103,404
1770965100,66045.1,66340.0,66020.0,66311.6,3.05219119,380
1770966000,66311.7,66500.0,66300.1,66469.5,8.83784355,374
1770966900,66469.5,66512.5,66380.1,66440.0,14.39973619,278
1770967800,66456.4,66456.4,66094.9,66094.9,14.19319817,356
1770968700,66088.8,66257.8,66002.3,66152.9,12.48316255,436
1770969600,66153.0,66412.9,66152.9,66220.0,7.71819957,534
1770970500,66220.1,66368.7,66156.4,66352.3,15.47134776,412
1770971400,66352.3,66467.5,66328.8,66427.2,8.490318629999999,371
1770972300,66427.1,66660.0,66427.1,66620.0,5.6244328900000005,579
1770973200,66629.6,66799.9,66570.5,66634.9,6.45956346,471
1770974100,66635.0,66773.0,66599.0,66740.1,2.366003,320
1770975000,66759.9,66864.0,66720.1,66820.0,10.97623456,341
1770975900,66800.0,66993.5,66800.0,66919.9,12.89013881,463
1770976800,66920.0,66920.0,66788.8,66840.0,4.13279176,375
1770977700,66844.2,67010.0,66759.2,66840.0,16.4026902,501
1770978600,66840.0,67039.9,66800.0,66981.3,2.35749182,392
1770979500,66977.5,67040.0,66931.5,66932.6,12.56911783,381
1770980400,66932.6,66960.0,66801.0,66827.7,36.12665802,519
1770981300,66832.1,66940.7,66830.0,66930.6,6.99924256,340
1770982200,66930.6,66972.0,66750.6,66932.2,10.55862767,462
1770983100,66932.2,67158.2,66925.5,67120.5,8.13073962,499
1770984000,67120.5,67127.9,66900.0,66956.1,15.28488644,586
1770984900,66940.1,67069.2,66880.1,67060.0,4.83123744,445
1770985800,67060.0,67079.0,67000.1,67051.5,2.2133674,356
1770986700,67051.6,67144.2,66960.2,67047.3,16.48892717,469
1770987600,67030.4,67119.2,66897.1,66919.9,13.65671578,567
1770988500,66920.0,67336.8,66919.9,67294.3,21.3660444,781
1770989400,67286.8,67557.5,67173.1,67280.0,178.49375218,1463
1770990300,67279.9,67350.0,67071.6,67220.1,50.76285542,849
1770991200,67220.1,67245.5,67091.0,67112.5,33.24758935,823
1770992100,67112.5,67343.3,67112.4,67260.1,14.94553504,566
1770993000,67260.1,67530.0,66832.9,67279.2,94.28761792,1725
1770993900,67279.2,67957.5,67279.2,67694.4,55.70675337,1730
1770994800,67694.5,68571.0,67660.1,68314.6,148.11925966,2135
1770995700,68340.0,68855.4,68115.8,68839.4,76.3491702,1802
1770996600,68856.8,69270.3,68696.9,68696.9,199.10731281,2156
1770997500,68697.0,68749.1,68369.7,68643.3,50.98151916,1350
1770998400,68643.3,69197.7,68506.0,68993.7,187.48831879,1730
1770999300,69000.0,69127.0,68783.9,69020.0,40.32989968,1039
1771000200,69020.0,69437.4,68960.1,69209.6,39.03249232,1258
1771001100,69209.7,69212.5,68888.5,68920.0,69.55579279,1022
1771002000,68920.0,68980.0,68591.6,68912.9,40.20379246,1011
1771002900,68913.0,69087.2,68816.6,68959.3,26.93090333,857
1771003800,68940.1,69170.1,68920.0,69106.6,25.16256247,705
1771004700,69100.0,69175.7,68981.4,68994.7,22.84251145,601
1771005600,68994.8,69142.1,68872.3,68976.5,15.51222899,668
1771006500,68976.5,69100.0,68911.3,69019.9,6.22766273,609
1771007400,69020.0,69236.5,68980.1,69236.5,20.27223614,683
1771008300,69236.5,69352.3,69060.6,69097.6,13.04843212,757
1771009200,69097.7,69156.2,68951.3,69120.2,11.7542112,615
1771010100,69120.2,69200.0,68990.4,68993.8,8.51892851,606
1771011000,68990.3,69085.1,68911.3,68920.0,20.93485639,698
1771011900,68911.4,69048.1,68911.4,68911.4,23.01338088,707
1771012800,68911.4,68936.0,68789.4,68789.5,32.99392441,740
1771013700,68789.5,68866.0,68706.9,68760.0,18.46540929,603
1771014600,68780.0,68917.0,68709.7,68828.8,9.95338979,672
1771015500,68825.7,68825.7,68644.6,68752.5,7.12658662,545
1771016400,68752.5,68991.1,68700.1,68965.3,12.65522256,591
1771017300,68965.9,69015.4,68844.9,68858.7,146.13727737,932
1771018200,68864.4,68892.8,68780.0,68892.8,8.99014096,502
1771019100,68892.8,68892.8,68763.9,68866.8,8.29278028,412
1771020000,68866.7,68958.8,68703.9,68703.9,15.06376094,494
1771020900,68703.8,68844.7,68703.8,68834.9,7.08576445,480
1771021800,68834.9,68868.3,68764.9,68845.5,4.61041308,465
1771022700,68852.6,68956.9,68800.0,68922.4,8.890256710000001,455
1771023600,68930.9,68940.0,68840.0,68883.6,4.35191118,364
1771024500,68884.2,68940.0,68846.8,68865.2,4.57945666,314
1771025400,68865.2,68939.6,68820.0,68820.0,4.90806064,309
1771026300,68820.0,68907.3,68793.0,68837.0,7.15056694,331
1771027200,68820.1,68842.1,68751.2,68819.9,3.51283993,297
1771028100,68820.0,68840.0,68750.0,68840.0,3.97448593,298
1771029000,68840.0,68997.3,68840.0,68993.4,2.93761235,356
1771029900,68993.4,69110.6,68960.1,69063.4,22.97172515,488
1771030800,69063.6,69063.6,68960.0,69043.1,13.24182868,361
1771031700,69045.2,69084.4,68942.9,69000.1,9.74381846,360
1771032600,69000.0,69014.9,68940.0,68980.0,4.63890675,323
1771033500,68960.1,68980.1,68899.9,68931.7,1.18078831,249
1771034400,68931.7,68978.8,68880.1,68949.0,2.3281253200000003,386
1771035300,68949.1,68960.8,68840.0,68853.7,1.63148578,290
1771036200,68853.7,68897.2,68841.6,68882.1,9.93468334,203
1771037100,68899.9,68900.0,68820.0,68851.1,11.69040847,292
1771038000,68851.1,68880.2,68820.0,68880.2,1.34225642,249
1771038900,68880.2,68911.9,68828.5,68911.9,8.55414574,272
1771039800,68911.9,68942.0,68894.2,68917.3,12.03633799,309
1771040700,68917.3,68973.6,68874.2,68943.9,13.64495342,220
1771041600,68943.9,68943.9,68853.7,68854.0,1.6093049799999999,214
1771042500,68853.9,68897.9,68853.9,68879.1,1.69564694,252
1771043400,68879.2,68879.2,68811.1,68811.1,1.86120602,298
1771044300,68811.1,68820.8,68778.0,68778.0,2.2299895100000002,186
1771045200,68778.1,68857.6,68739.7,68837.2,4.97251791,243
1771046100,68837.2,68860.0,68837.2,68853.0,0.17851889,118
1771047000,68853.0,68853.0,68780.0,68798.9,0.68185506,170
1771047900,68798.9,68811.7,68732.3,68733.3,8.12053888,211
1771048800,68733.3,68760.0,68709.7,68751.4,1.87337343,240
1771049700,68751.3,68857.5,68748.7,68849.3,2.80429108,191
1771050600,68849.4,68871.3,68840.0,68851.2,0.33527877,146
1771051500,68841.6,68879.8,68841.5,68879.8,8.91678749,134
1771052400,68879.8,68901.7,68879.8,68880.2,18.13160444,209
1771053300,68880.2,68922.4,68872.7,68920.0,0.34748877,144
1771054200,68920.0,69134.7,68920.0,69134.7,9.44007879,370
1771055100,69134.6,69292.3,69114.0,69186.2,46.51561945,504
1771056000,69186.3,69740.0,69186.2,69531.3,53.814579450000004,1031
1771056900,69532.9,69602.4,69449.9,69463.7,3.2362356400000003,319
1771057800,69463.7,69695.0,69463.6,69630.3,1.90482769,326
1771058700,69630.3,69825.9,69630.3,69707.9,11.71928177,499
1771059600,69714.4,69840.0,69680.0,69682.9,8.27092868,429
1771060500,69682.9,69713.5,69549.1,69565.1,2.70787158,324
1771061400,69565.2,69720.0,69565.2,69711.0,3.9225362,236
1771062300,69711.0,69711.0,69671.1,69692.5,24.03944,172
1771063200,69692.6,69692.6,69565.2,69605.9,8.11872118,263
1771064100,69605.9,69608.5,69561.0,69580.1,3.16025958,184
1771065000,69580.1,69625.8,69580.0,69580.0,2.65318406,190
1771065900,69580.1,69640.0,69580.0,69639.9,1.55018856,149
1771066800,69640.0,70122.7,69639.9,70047.5,71.92368905,787
1771067700,70047.5,70430.0,69950.6,70143.2,45.03610653,1193
1771068600,70143.3,70259.9,70040.0,70259.9,9.9773704,479
1771069500,70260.0,70540.0,70200.0,70480.0,18.52642315,646
1771070400,70480.0,70497.4,70340.0,70420.0,87.42402306,705
1771071300,70440.0,70440.0,70280.6,70323.3,32.25771833,486
1771072200,70323.3,70323.3,69991.8,70040.1,100.41133654000001,948
1771073100,70040.0,70062.0,69589.6,69640.0,73.7629687,1297
1771074000,69620.1,69687.7,69394.6,69660.7,29.8754349,742
1771074900,69660.7,69745.2,69212.0,69270.5,274.33785416,1651
1771075800,69270.4,69541.4,69268.6,69408.6,94.38825321,863
1771076700,69412.6,69579.9,69293.2,69419.4,94.76392462,742
1771077600,69440.0,69480.0,69336.4,69445.3,14.75453199,547
1771078500,69445.3,69613.9,69400.0,69429.5,8.42630093,425
1771079400,69429.5,69653.1,69429.5,69653.1,57.44364317,532
1771080300,69653.1,69839.0,69580.1,69683.2,81.70651853,709
1771081200,69690.1,69760.0,69612.7,69617.4,36.24833308,482
1771082100,69617.3,70011.3,69565.6,69848.7,84.71059905999999,965
1771083000,69848.7,69940.0,69780.0,69839.9,23.45070931,478
1771083900,69840.0,69877.3,69720.0,69770.8,40.32567976,482
1771084800,69772.0,69772.9,69640.1,69679.9,50.66560534,525
1771085700,69679.8,69679.8,69322.6,69400.2,105.54454927,956
1771086600,69400.1,69619.0,69263.9,69618.9,6.28507427,506
1771087500,69618.9,69740.0,69520.1,69716.1,7.13250459,428
1771088400,69716.1,69812.2,69600.0,69812.1,7.50604391,466
1771089300,69812.2,69880.0,69753.0,69800.1,4.91018689,499
1771090200,69800.1,69854.3,69639.4,69757.1,34.26696682,493
1771091100,69757.2,69780.0,69665.3,69698.2,4.41514892,350
1771092000,69698.2,69820.0,69660.0,69744.1,20.84116056,404
1771092900,69744.1,69805.6,69697.7,69724.7,4.07546645,333
1771093800,69724.7,69760.0,69674.3,69720.0,7.7933148999999995,342
1771094700,69711.0,69750.1,69680.0,69719.4,3.16705002,260
1771095600,69719.4,69823.8,69711.0,69746.5,5.08562007,375
1771096500,69743.7,69840.0,69588.1,69814.7,7.97602603,528
1771097400,69814.7,69854.0,69780.5,69820.0,4.23509454,287
1771098300,69821.6,69863.7,69791.9,69800.1,4.43155649,290
1771099200,69829.0,69954.3,69781.4,69795.2,16.97072308,453
1771100100,69795.2,69863.6,69717.0,69780.1,5.79365852,342
1771101000,69789.1,69920.0,69782.2,69919.9,4.2563638599999996,324
1771101900,69920.0,69988.7,69908.6,69988.7,8.51218008,397
1771102800,69988.7,70198.6,69988.6,70179.9,21.45779755,702
1771103700,70180.0,70208.0,69948.2,69969.1,12.45326491,460
1771104600,69969.2,69979.9,69648.9,69843.7,15.78269352,613
1771105500,69843.7,69877.6,69777.3,69877.6,2.46390498,333
1771106400,69877.6,69995.2,69820.0,69972.6,44.54902234,492
1771107300,69972.6,69972.6,69739.2,69899.9,4.39501439,411
1771108200,69900.0,69991.5,69900.0,69979.3,3.05028175,325
1771109100,69958.6,70039.9,69925.9,69940.1,6.61707924,322
1771110000,69940.1,69976.1,69880.0,69940.0,5.49908399,332
1771110900,69939.9,69980.0,69700.0,69752.4,3.46429869,388
1771111800,69772.0,69816.4,69745.5,69794.8,1.96993521,238
1771112700,69794.9,69824.9,69750.8,69758.4,10.19106807,228
1771113600,69777.8,69825.8,69644.9,69644.9,11.70891915,360
1771114500,69644.9,69718.3,69604.0,69649.9,3.84644814,334
1771115400,69649.9,69719.9,69600.0,69620.1,1.77469513,318
1771116300,69620.0,69758.2,69586.4,69720.0,1.38813988,281
1771117200,69720.1,69855.4,69720.1,69845.6,8.63483454,268
1771118100,69856.3,69856.4,69416.6,69513.7,20.59354051,567
1771119000,69500.2,69634.5,69340.0,69356.9,9.62344492,447
1771119900,69356.9,69665.2,69356.9,69665.2,1.398399,268
1771120800,69665.3,69710.6,69453.9,69515.9,6.04843619,511
1771121700,69515.9,69580.0,69387.5,69439.9,0.89037341,255
1771122600,69439.8,69517.7,69328.1,69474.1,5.78347716,336
1771123500,69473.7,69517.7,69420.0,69480.0,1.3710423999999999,212
1771124400,69460.1,69540.0,69460.0,69460.0,2.2361135400000003,217
1771125300,69440.0,69545.3,69436.4,69436.4,1.52011985,242
1771126200,69420.1,69497.4,69236.5,69378.2,5.90132765,537
1771127100,69360.1,69946.3,69360.0,69946.3,22.56475927,738
1771128000,69946.3,70423.3,69925.6,70386.3,73.84045761,1315
1771128900,70386.3,70478.0,70160.0,70175.9,13.29636385,429
1771129800,70175.9,70340.0,70167.6,70205.2,13.15844239,354
1771130700,70205.2,70300.0,70100.1,70138.6,5.84887079,310
1771131600,70138.7,70269.9,70121.0,70180.1,2.66329932,332
1771132500,70180.0,70432.5,70165.7,70313.6,18.31736799,410
1771133400,70313.7,70390.8,70268.2,70311.1,8.07989137,340
1771134300,70311.1,70421.9,70260.0,70260.1,3.2069175100000002,302
1771135200,70260.1,70260.1,70180.5,70207.8,1.55344752,299
1771136100,70205.5,70478.0,70188.6,70360.1,16.64443668,313
1771137000,70360.1,70498.8,70350.6,70380.0,7.46616313,292
1771137900,70360.0,70385.9,70280.1,70383.3,38.127143260000004,251
1771138800,70383.3,70400.0,70304.4,70400.0,1.59694125,218
1771139700,70399.9,70844.3,70368.0,70655.3,44.99454954,908
1771140600,70647.5,70877.3,70580.1,70726.6,28.57706084,645
1771141500,70726.6,70780.0,70660.0,70780.0,16.71279328,398
1771142400,70783.7,70935.2,70710.2,70710.2,10.3429398,522
1771143300,70710.3,70801.6,70544.9,70548.4,20.03921487,378
1771144200,70548.3,70579.9,70149.6,70303.7,27.88692305,679
1771145100,70303.7,70400.0,70280.1,70400.0,2.76668286,213
1771146000,70400.0,70626.8,70361.7,70564.2,3.30049284,339
1771146900,70564.2,70599.9,70480.0,70599.9,1.93756367,273
1771147800,70599.9,70600.0,70438.6,70481.3,1.39196148,237
1771148700,70481.3,70481.4,70357.7,70395.0,1.48408681,209
1771149600,70395.0,70410.0,70200.0,70285.5,2.67746669,330
1771150500,70281.9,70418.8,70201.9,70380.0,1.88536461,262
1771151400,70380.1,70400.1,70295.0,70400.1,1.06849372,172
1771152300,70408.2,70479.0,70408.1,70408.2,1.92988753,175
1771153200,70408.2,70494.1,70408.1,70415.0,0.79415306,236
1771154100,70415.0,70457.9,70340.0,70340.0,1.43897323,162
1771155000,70340.1,70340.1,70280.0,70285.5,0.5529508399999999,146
1771155900,70309.8,70357.1,70243.9,70261.4,3.65123722,199
1771156800,70261.4,70266.0,70137.2,70160.0,4.45225102,249
1771157700,70179.9,70332.3,70013.6,70331.4,7.5120593,482
1771158600,70331.4,70377.2,70147.2,70219.3,3.7770061999999998,310
1771159500,70219.2,70219.2,69294.7,69294.7,50.84876626,1265
1771160400,69294.8,69500.0,69254.6,69474.4,15.29618481,646
1771161300,69474.4,69559.2,68996.0,69001.8,47.10350668,739
1771162200,69034.0,69120.0,68872.0,68872.1,32.146179339999996,615
1771163100,68894.4,69020.0,68770.9,68900.1,32.09743646,638
1771164000,68900.1,69070.1,68820.0,68921.5,19.37840154,491
1771164900,68922.1,69058.7,68913.5,69009.4,4.4559736,301
1771165800,69040.0,69180.0,68960.1,69134.2,9.70490196,320
1771166700,69134.2,69160.0,69040.0,69112.9,5.90035776,321
1771167600,69114.4,69190.9,69094.7,69175.1,14.44461808,271
1771168500,69169.3,69173.1,68857.5,68857.7,20.72869134,332
1771169400,68857.7,69040.0,68857.7,69019.2,8.53412431,385
1771170300,69034.1,69062.9,68940.0,69056.6,2.3742717,257
1771171200,69069.5,69069.5,68750.8,68942.2,15.39932108,556
1771172100,68939.9,69028.6,68842.6,69028.6,12.22720582,361
1771173000,69028.5,69050.5,68890.5,68980.0,6.90524073,268
1771173900,68997.3,69038.7,68980.1,69011.9,2.8509466,187
1771174800,68999.9,69053.1,68940.1,69005.5,6.07784533,316
1771175700,69023.0,69023.0,68896.6,68920.0,2.83101471,278
1771176600,68940.0,69000.0,68816.3,68816.3,4.71488316,334
1771177500,68800.0,68800.0,68180.1,68600.0,126.18837087,1827
1771178400,68594.6,68688.6,68400.1,68657.4,18.30139404,546
1771179300,68657.4,68731.0,68506.2,68506.3,11.99367532,368
1771180200,68506.3,68671.8,68351.5,68646.7,30.9027992,691
1771181100,68646.7,68672.8,68320.1,68380.0,41.0800336,520
1771182000,68400.0,68479.9,68049.8,68132.5,36.98634053,900
1771182900,68132.5,68516.9,68080.1,68516.9,8.89377484,415
1771183800,68509.0,68509.1,68179.6,68179.6,12.960145520000001,426
1771184700,68198.6,68391.8,68198.6,68242.2,9.34370786,437
1771185600,68242.2,68387.9,68100.0,68380.0,33.49068971,396
1771186500,68379.9,68440.0,68280.0,68440.0,4.09522382,295
1771187400,68440.0,68500.0,68400.0,68425.1,11.06898358,284
1771188300,68454.8,68454.8,68361.9,68414.6,3.66339278,210
1771189200,68414.7,68726.9,68414.6,68715.2,19.8842252,462
1771190100,68715.2,68758.3,68645.5,68740.9,23.18184989,359
1771191000,68740.8,68911.1,68700.0,68700.1,24.4528508,406
1771191900,68700.0,68879.0,68680.0,68835.0,4.681313,281
1771192800,68829.1,68908.4,68763.7,68763.7,21.905473100000002,418
1771193700,68763.7,68996.0,68763.7,68977.1,25.37902364,465
1771194600,68977.1,69028.6,68940.0,68976.0,6.16954724,335
1771195500,68976.0,69016.6,68878.6,68933.8,8.53711255,245
1771196400,68940.0,68940.4,68275.6,68460.1,33.12639397,770
1771197300,68460.0,68620.0,68380.0,68620.0,2.05426822,371
1771198200,68619.9,68757.5,68520.1,68640.0,5.43669144,314
1771199100,68640.0,68780.0,68640.0,68780.0,1.8009023100000001,234
1771200000,68780.0,68946.4,68708.3,68924.9,3.92770597,434
1771200900,68920.1,69000.0,68746.8,68814.3,10.1646239,371
1771201800,68814.3,68920.1,68740.0,68740.0,1.05336733,311
1771202700,68722.8,68900.0,68671.0,68815.8,1.77406459,321
1771203600,68815.8,68992.5,68760.0,68830.2,1.99628323,403
1771204500,68830.2,68880.0,68640.0,68663.8,34.08276474,385
1771205400,68695.0,68725.7,68443.6,68553.8,12.5529169,452
1771206300,68553.8,68641.0,68553.7,68600.4,1.7401601,357
1771207200,68600.5,68699.9,68460.1,68540.1,1.43544448,477
1771208100,68540.1,68540.1,68320.0,68320.1,3.40216968,353
1771209000,68320.1,68476.0,68320.0,68460.4,2.53735926,384
1771209900,68432.8,68480.0,68229.3,68291.6,2.21371925,362
1771210800,68291.6,68400.0,68284.5,68380.0,16.30410774,372
1771211700,68360.1,68381.4,68148.6,68163.4,6.94823934,405
1771212600,68163.4,68320.0,68133.0,68319.9,17.18416643,415
1771213500,68320.0,68420.0,68300.1,68387.7,3.30672081,274
1771214400,68387.7,68615.7,68387.7,68615.7,9.545791939999999,430
1771215300,68615.7,68750.0,68597.0,68750.0,5.31359569,309
1771216200,68750.0,68769.5,68664.4,68664.6,1.39254388,218
1771217100,68664.5,68838.9,68664.5,68838.9,3.99553929,280
1771218000,68838.9,68838.9,68450.1,68450.1,14.80569895,363
1771218900,68450.1,68489.0,68340.5,68400.0,5.59643711,344
1771219800,68415.1,68449.9,68276.9,68309.0,2.76383443,364
1771220700,68309.0,68387.7,68308.9,68364.5,3.94132068,227
1771221600,68364.6,68400.0,68324.0,68340.0,1.33923767,267
1771222500,68340.1,68345.5,68214.1,68299.9,1.43472584,275
1771223400,68300.0,68488.5,68300.0,68434.0,6.8416874100000005,276
1771224300,68433.9,68438.4,68358.5,68419.9,0.82172124,207
1771225200,68420.0,68577.6,68351.8,68577.6,4.15766424,353
1771226100,68577.6,68632.7,68517.0,68543.7,10.67325552,280
1771227000,68543.7,68587.1,68400.1,68459.9,1.52148859,278
1771227900,68460.0,68580.1,68460.0,68540.0,0.89496032,213
1771228800,68540.0,68632.6,68520.0,68523.4,4.35503553,334
1771229700,68523.5,68706.1,68523.5,68703.2,13.53037285,228
1771230600,68703.2,68715.0,68620.0,68715.0,1.42394669,220
1771231500,68715.0,68748.1,68660.0,68740.0,9.79559839,182
1771232400,68740.0,68907.0,68719.0,68851.7,29.97114727,404
1771233300,68851.7,68920.0,68789.2,68920.0,19.65141913,274
1771234200,68921.6,69020.8,68860.1,68980.1,14.47095955,290
1771235100,68980.1,69000.0,68920.0,68960.1,1.88509274,190
1771236000,68960.1,68960.1,68850.3,68914.2,9.06917765,256
1771236900,68914.2,68914.2,68674.7,68749.8,7.78183962,292
1771237800,68749.8,68900.8,68720.0,68752.3,2.38729856,254
1771238700,68752.3,68793.3,68734.4,68772.1,5.20570451,153
1771239600,68772.2,68801.0,68460.0,68492.0,23.32327202,393
1771240500,68492.0,68638.6,68330.0,68628.6,7.18313664,428
1771241400,68628.5,68665.7,68540.0,68545.2,6.56812336,191
1771242300,68545.3,68859.9,68545.3,68780.1,11.24038331,281
1771243200,68780.1,68950.5,68780.1,68870.4,5.55797496,317
1771244100,68870.4,69556.1,68780.0,69472.3,21.6098424,847
1771245000,69472.3,69503.0,69260.1,69374.6,11.97274295,570
1771245900,69380.0,69791.0,69340.1,69720.1,19.66577582,680
1771246800,69720.1,70073.2,69603.1,69620.5,51.21704957,1113
1771247700,69620.5,69709.7,68520.0,68627.0,23.90128877,1144
1771248600,68627.0,68859.8,68238.6,68400.1,33.45228726,967
1771249500,68400.1,68458.3,68200.0,68370.1,124.85283189,760
1771250400,68370.1,68516.9,68250.1,68347.4,26.05132768,544
1771251300,68354.9,68600.0,68234.3,68280.4,62.81427939,565
1771252200,68276.1,68575.6,68270.8,68463.1,2.84079103,341
1771253100,68472.7,68649.2,68253.2,68380.1,12.80085283,402
1771254000,68380.1,68560.0,68301.1,68303.0,2.59679583,353
1771254900,68301.1,68364.4,68220.1,68220.1,6.50919526,348
1771255800,68220.0,68220.0,67271.1,67429.8,348.22366644,3233
1771256700,67421.1,67660.0,67340.0,67500.1,34.77874489,748
1771257600,67500.1,67797.8,67500.0,67672.4,76.5428454,771
1771258500,67680.0,67756.9,67560.0,67741.2,4.0145063,418
1771259400,67739.3,67872.9,67582.2,67872.9,17.40385725,508
1771260300,67875.5,67920.0,67780.0,67840.0,9.03453254,405
1771261200,67840.0,67933.6,67666.9,67707.9,5.5649042,436
1771262100,67707.9,67925.1,67582.1,67901.6,31.05692002,432
1771263000,67900.1,68042.8,67864.3,67997.3,37.44123364,508
1771263900,67994.1,67994.1,67880.0,67922.1,7.9763388,329
1771264800,67920.0,68121.3,67880.2,68092.4,10.839232130000001,436
1771265700,68092.4,68198.0,68037.3,68061.0,7.30830361,358
1771266600,68080.2,68080.2,67936.7,67968.0,52.76793853,388
1771267500,67975.6,67995.7,67803.4,67824.6,24.24947134,457
1771268400,67824.7,67954.1,67824.6,67954.1,3.04614391,269
1771269300,67949.7,68000.0,67800.0,67950.0,19.04371173,325
1771270200,67950.1,68111.9,67950.1,68060.0,53.39910359,379
1771271100,68060.0,68064.3,67868.5,67882.5,1.54823995,258
1771272000,67882.5,67923.6,67800.1,67923.6,5.88436297,278
1771272900,67906.4,68180.0,67890.2,68160.2,13.37132531,372
1771273800,68180.0,68230.4,68073.9,68190.6,21.85779409,341
1771274700,68190.6,68533.9,68180.0,68497.7,28.79733844,609
1771275600,68497.7,68549.2,68401.7,68530.9,32.84912754,496
1771276500,68540.0,68593.1,68440.1,68456.9,42.224805860000004,364
1771277400,68480.0,68547.2,68440.1,68519.8,1.49056481,216
1771278300,68518.0,68891.9,68440.0,68840.0,22.29807669,485
1771279200,68829.9,68830.0,68660.1,68727.7,39.84032924,534
1771280100,68720.8,68780.0,68572.0,68572.1,14.70308217,315
1771281000,68572.1,68684.6,68482.7,68570.3,39.95417533,451
1771281900,68565.2,68620.0,68480.2,68560.1,24.97080579,283
1771282800,68560.2,68719.9,68509.6,68695.5,2.1906437100000002,314
1771283700,68700.8,68781.1,68628.8,68628.9,7.30100337,269
1771284600,68628.9,68707.3,68604.1,68660.0,4.19265297,229
1771285500,68660.1,68950.0,68660.1,68860.0,8.33592573,385
1771286400,68860.0,68866.7,68739.9,68840.0,8.98240438,375
1771287300,68860.0,68893.4,68682.7,68869.4,6.65484631,351
1771288200,68860.1,68921.7,68808.4,68836.2,14.52950954,317
1771289100,68836.2,69035.2,68820.1,68847.7,69.54792913,591
1771290000,68847.7,68960.0,68760.3,68875.2,22.04307153,393
1771290900,68879.6,68927.0,68824.6,68850.2,0.77413266,205
1771291800,68850.1,68950.0,68817.0,68831.2,2.64583888,242
1771292700,68831.2,68853.8,68550.5,68584.8,5.24708187,420
1771293600,68584.8,69191.0,68353.6,69080.0,22.15541006,988
1771294500,69080.0,69159.9,68966.3,69002.1,14.601388100000001,379
1771295400,69002.1,69030.3,68878.3,68920.0,4.15660481,308
1771296300,68920.0,68996.4,68816.3,68816.4,1.74385898,366
1771297200,68816.4,68816.4,68620.0,68660.0,11.57583177,348
1771298100,68679.9,68720.0,68575.2,68613.0,5.03870413,351
1771299000,68613.0,68619.9,68476.4,68524.4,5.56690062,313
1771299900,68524.3,68551.7,68440.0,68440.0,7.00103836,274
1771300800,68440.1,68561.7,68367.1,68540.1,6.69388138,355
1771301700,68540.1,68659.9,68460.0,68567.7,2.78084031,290
1771302600,68567.7,68567.7,68273.5,68387.9,5.62195405,323
1771303500,68387.9,68447.8,68360.1,68439.9,8.33986849,233
1771304400,68439.9,68460.0,68304.1,68307.2,2.73572641,348
1771305300,68307.2,68307.2,67920.8,68021.8,22.43731738,665
1771306200,68021.8,68143.9,67880.0,68143.8,2.32465807,322
1771307100,68143.9,68239.0,68100.0,68211.4,2.12396662,244
1771308000,68210.4,68394.3,68210.3,68331.3,5.86257782,311
1771308900,68331.4,68418.9,68286.7,68418.9,1.45030089,284
1771309800,68418.9,68464.0,68380.0,68428.8,0.79817209,233
1771310700,68428.7,68428.8,68369.6,68383.8,0.42018438999999996,172
1771311600,68383.8,68383.8,68260.0,68300.0,1.3370322700000001,209
1771312500,68299.9,68342.5,68164.7,68177.2,0.7157939600000001,254
1771313400,68177.2,68425.8,68152.5,68374.0,11.52176657,298
1771314300,68374.0,68436.6,68360.1,68366.4,1.18328145,234
1771315200,68366.5,68438.3,68360.0,68360.1,1.62921244,218
1771316100,68360.1,68360.1,68254.3,68260.1,1.23669719,181
1771317000,68260.1,68300.0,68120.1,68179.8,1.37079242,179
1771317900,68179.7,68220.1,68100.0,68140.0,1.45447833,206
1771318800,68140.0,68260.0,68040.0,68076.4,59.35729476,440
1771319700,68076.4,68108.2,67962.8,67998.5,6.15800814,275
1771320600,67998.4,68044.7,67961.0,68044.7,2.83853247,254
1771321500,68044.7,68119.9,68000.4,68069.8,22.07447602,338
1771322400,68080.0,68140.0,68034.0,68080.0,4.22307716,259
1771323300,68079.9,68079.9,67778.0,67889.3,14.69027835,525
1771324200,67889.2,67889.2,67750.0,67750.1,30.504537420000002,334
1771325100,67750.1,67800.1,67684.1,67800.0,7.78611022,409
1771326000,67800.0,67873.3,67675.9,67853.0,5.37944648,423
1771326900,67853.1,67879.9,67700.0,67840.0,12.25421742,431
1771327800,67860.0,67860.0,67709.2,67709.2,49.4319671,454
1771328700,67709.2,67857.3,67696.4,67800.1,125.66836081,525
1771329600,67800.1,68107.7,67800.1,68042.6,22.69901675,560
1771330500,68042.6,68106.5,67980.1,68071.1,2.91101097,322
1771331400,68071.1,68246.1,68050.1,68157.1,19.27265445,481
1771332300,68157.1,68157.1,67836.9,67862.8,33.1051159,487
1771333200,67862.8,68064.6,67720.0,68064.6,18.95750986,593
1771334100,68064.5,68319.9,67967.6,68077.4,25.90481231,638
1771335000,68077.4,68077.4,67940.1,67982.0,3.63529751,374
1771335900,67982.0,68304.1,67960.0,68087.0,21.36092038,572
1771336800,68087.0,68294.8,68040.1,68045.2,122.74048487,688
1771337700,68054.8,68140.0,67973.3,68002.1,4.31011366,385
1771338600,68002.1,68200.0,66928.3,67069.1,109.94950328,2430
1771339500,67069.1,67091.6,66692.9,66848.9,97.16105802,1592
1771340400,66840.9,67142.1,66764.3,66764.3,71.05276357,1016
1771341300,66778.9,67114.3,66711.9,66800.0,158.61507927,1015
1771342200,66800.0,66977.2,66592.4,66977.2,44.90042511,876
1771343100,66977.2,67367.8,66963.4,67353.2,32.51270586,829
1771344000,67353.3,67924.6,67304.4,67720.0,40.22089837,1103
1771344900,67720.0,67902.8,67472.8,67499.9,90.44462823,826
1771345800,67500.0,68095.2,67408.6,67680.0,121.38107348,896
1771346700,67680.1,67734.4,67489.4,67489.5,13.30940934,574
1771347600,67489.5,67679.9,67059.4,67232.7,29.929335379999998,707
1771348500,67232.5,67417.0,67168.8,67417.0,10.97532617,502
1771349400,67417.0,67453.0,66950.0,66960.1,31.60709323,786
1771350300,66960.0,67269.1,66860.0,67207.4,125.98886024000001,666
1771351200,67208.3,67348.1,67112.3,67335.7,20.08176789,544
1771352100,67335.7,67765.3,67231.5,67700.1,24.42084509,717
1771353000,67700.1,68080.7,67662.5,67966.7,54.59102419,808
1771353900,67945.6,68164.9,67819.7,68060.0,27.30798881,685
1771354800,68060.1,68140.0,67962.4,68139.9,25.71485981,523
1771355700,68130.1,68189.4,67842.6,67842.7,12.85252393,451
1771356600,67842.6,67940.0,67780.0,67940.0,109.94335116,617
1771357500,67940.0,68012.1,67724.6,67760.0,8.172281700000001,450
1771358400,67761.9,67799.6,67523.1,67577.7,23.5853224,570
1771359300,67577.1,67740.0,67480.1,67715.2,130.61222788,586
1771360200,67700.1,67880.8,67509.5,67826.6,8.85824814,542
1771361100,67820.0,67839.9,67700.0,67723.0,8.36091713,400
1771362000,67720.1,67850.8,67636.7,67850.8,4.828537,434
1771362900,67852.0,67869.6,67560.1,67560.1,15.83375847,428
1771363800,67560.1,67577.8,67505.4,67560.0,32.61814671,356
1771364700,67560.1,67638.5,67540.1,67627.6,2.97075701,278
1771365600,67627.7,67627.7,67509.1,67552.9,2.9729691799999998,292
1771366500,67553.0,67641.5,67513.5,67641.5,12.51026673,303
1771367400,67660.0,67740.0,67585.4,67596.9,4.48972705,259
1771368300,67595.9,67613.9,67477.9,67506.8,2.26021479,295
1771369200,67506.9,67520.0,67363.9,67414.1,3.78685403,355
1771370100,67414.0,67580.5,67414.0,67420.1,1.24118964,268
1771371000,67420.1,67499.9,67363.8,67470.0,4.66406247,301
1771371900,67500.0,67540.0,67460.1,67475.4,4.77233004,282
1771372800,67475.4,67592.8,67475.3,67589.9,3.1819846,298
1771373700,67589.9,67589.9,67427.5,67471.8,3.12747179,352
1771374600,67471.8,67575.2,67440.0,67440.0,1.04483539,306
1771375500,67427.5,67427.5,67262.9,67287.6,12.36775498,509
1771376400,67286.1,67336.1,67037.5,67099.8,10.54697288,661
1771377300,67080.0,67200.0,67029.4,67029.5,20.98826726,441
1771378200,67029.4,67144.2,66844.4,67144.2,21.18318355,685
1771379100,67144.2,67152.4,67034.6,67132.1,35.73089803,390
1771380000,67132.1,67368.0,67132.0,67231.3,17.40060848,563
1771380900,67231.4,67284.9,67189.5,67200.1,1.79505384,263
1771381800,67200.0,67368.0,67181.9,67342.2,4.87756807,341
1771382700,67342.2,67342.2,67230.5,67291.9,7.11834195,318
1771383600,67291.9,67435.0,67291.8,67364.9,8.697581529999999,351
1771384500,67364.8,67509.0,67364.8,67509.0,1.26175252,296
1771385400,67509.0,67611.0,67488.5,67598.2,3.12679425,297
1771386300,67598.3,67651.5,67560.0,67600.0,4.2155016199999995,287
1771387200,67600.1,67653.0,67462.1,67517.1,3.4334118,415
1771388100,67517.1,67639.0,67517.1,67635.3,1.32954849,204
1771389000,67635.2,67700.3,67620.0,67659.6,10.74157047,293
1771389900,67659.5,67838.5,67640.0,67771.2,13.17411648,380
1771390800,67771.3,67838.5,67720.1,67838.5,3.07439027,306
1771391700,67838.5,67880.0,67689.7,67689.7,22.34975862,414
1771392600,67689.8,67719.9,67580.2,67601.1,6.6542647299999995,299
1771393500,67601.1,67680.0,67578.9,67613.7,1.11117815,209
1771394400,67613.7,67740.0,67600.1,67740.0,2.26497347,264
1771395300,67759.6,67860.0,67717.9,67837.0,2.84143482,247
1771396200,67837.1,67900.9,67800.0,67900.8,5.2897049,226
1771397100,67880.0,67919.6,67783.4,67813.9,2.96602575,241
1771398000,67813.9,67851.1,67740.0,67740.1,1.93199611,236
1771398900,67740.1,67740.1,67668.7,67715.8,3.58088712,237
1771399800,67715.8,68060.0,67715.7,68060.0,85.92342226,541
1771400700,68059.9,68173.1,68002.1,68094.9,20.48754294,376
1771401600,68094.9,68227.8,68062.1,68183.3,5.834736,385
1771402500,68183.3,68418.9,68183.3,68241.8,18.870838720000002,635
1771403400,68241.8,68258.2,68100.1,68141.4,1.55679067,273
1771404300,68141.4,68179.9,68048.0,68082.9,1.72978746,196
1771405200,68082.9,68169.7,67982.1,68169.7,3.30846848,275
1771406100,68169.6,68219.6,68140.0,68140.1,21.63333456,278
1771407000,68140.1,68246.0,68096.1,68246.0,7.13524529,231
1771407900,68246.1,68246.1,68120.1,68130.0,4.67771267,274
1771408800,68130.0,68140.0,68054.2,68139.9,6.34892473,227
1771409700,68139.9,68139.9,67960.7,67978.9,10.32915756,279
1771410600,68000.0,68000.0,67716.5,67716.6,6.80995875,359
1771411500,67739.8,67819.5,67739.8,67754.6,17.28408755,355
1771412400,67754.7,67769.0,67080.0,67361.3,29.10595063,881
1771413300,67361.4,67460.0,67230.0,67425.6,10.74787787,380
1771414200,67425.6,67529.9,67389.3,67504.7,24.26943988,312
1771415100,67520.0,67554.2,67340.1,67340.1,5.54047269,275
1771416000,67340.1,67640.0,67340.0,67560.0,20.07376927,405
1771416900,67560.0,67600.0,67480.0,67546.1,7.720549849999999,226
1771417800,67546.1,67559.9,67335.2,67518.7,16.66077977,324
1771418700,67518.1,67567.8,67424.8,67430.6,7.57430202,221
1771419600,67430.6,67550.0,67367.3,67520.1,1.89452767,301
1771420500,67520.1,67560.0,67407.7,67471.3,5.7756875899999995,260
1771421400,67471.3,67471.3,67221.0,67260.0,5.82751358,347
1771422300,67260.0,67292.4,67050.0,67212.7,38.441575040000004,471
1771423200,67212.8,67340.0,67200.0,67260.0,25.13700254,350
1771424100,67255.1,67255.1,67041.2,67080.0,20.14293859,408
1771425000,67080.1,67289.1,66990.0,67088.6,36.57584998,715
1771425900,67123.6,67280.0,66684.4,67160.1,79.12424408,1176
1771426800,67197.8,67500.0,67197.7,67335.9,32.25507991,673
1771427700,67340.0,67473.2,67301.6,67303.2,19.493255740000002,488
1771428600,67303.7,68310.0,67286.3,68080.0,71.20365246,1213
1771429500,68089.0,68092.9,67611.0,67672.3,77.60719725,793
1771430400,67672.2,67689.6,66980.0,67048.5,62.79323631,1239
1771431300,67041.5,67322.1,66969.9,67227.6,29.388811320000002,700
1771432200,67227.7,67280.0,67032.4,67206.8,73.86008693,597
1771433100,67204.9,67220.0,67020.0,67118.7,15.9867562,363
1771434000,67118.7,67448.9,67040.0,67066.9,11.41793913,590
1771434900,67067.0,67160.0,67040.0,67120.0,11.54482191,322
1771435800,67120.0,67193.4,67070.7,67075.8,9.02367503,399
1771436700,67092.2,67174.6,67070.0,67150.5,27.73632404,427
1771437600,67159.9,67196.7,67070.0,67097.5,14.17748991,385
1771438500,67097.5,67124.7,66614.8,66845.5,88.64797593,1057
1771439400,66839.3,66921.2,66308.7,66308.7,60.77377998,1184
1771440300,66339.9,66503.1,66192.2,66333.4,83.29348934,1297
1771441200,66326.9,66567.3,66280.1,66347.0,39.31373903,689
1771442100,66347.1,66420.2,66073.2,66239.9,55.42377735,865
1771443000,66240.0,66274.2,65838.5,66122.5,98.00514078,1497
1771443900,66122.5,66333.3,66040.1,66143.7,40.07130781,615
1771444800,66146.3,66306.8,66120.1,66227.4,19.0663661,517
1771445700,66227.5,66333.3,66126.4,66278.2,51.70265608,582
1771446600,66268.3,66511.7,66268.3,66400.0,18.19996079,603
1771447500,66400.0,66492.9,66140.1,66209.9,21.508665360000002,627
1771448400,66226.1,66308.6,66071.3,66178.5,161.21899162,785
1771449300,66178.5,66360.0,66175.1,66360.0,12.1017842,458
1771450200,66360.0,66454.8,66320.1,66427.0,15.02501652,455
1771451100,66427.0,66427.0,66250.0,66300.4,8.77359783,449
1771452000,66303.0,66355.7,66206.9,66220.0,9.577543,450
1771452900,66220.0,66337.3,66219.9,66297.3,9.8969289,418
1771453800,66284.9,66420.0,66284.9,66381.8,29.49329613,424
1771454700,66381.8,66446.7,66370.5,66377.1,9.21397603,350
1771455600,66377.1,66400.0,66250.0,66320.0,5.8065829099999995,331
1771456500,66340.0,66358.9,66267.0,66278.5,10.97746052,347
1771457400,66278.5,66445.5,66278.5,66426.6,9.02023447,323
1771458300,66435.1,66464.7,66384.4,66425.7,6.81038897,385
1771459200,66425.7,66537.5,66364.6,66380.1,9.42302506,515
1771460100,66380.1,66484.3,66309.0,66368.2,5.62675824,421
1771461000,66368.2,66502.4,66320.1,66502.4,1.41438298,294
1771461900,66502.3,66518.2,66356.8,66408.7,2.643191,298
1771462800,66408.7,66725.0,66408.2,66680.1,30.64830721,495
1771463700,66680.1,66697.0,66512.4,66651.0,3.97544321,335
1771464600,66664.9,66780.0,66606.4,66772.6,6.93465829,368
1771465500,66772.6,66839.2,66732.4,66839.2,3.05608703,283
1771466400,66839.2,66839.2,66740.0,66799.6,2.4441070899999997,384
1771467300,66799.7,66913.5,66784.6,66913.5,20.41314501,376
1771468200,66913.5,66913.5,66620.0,66620.0,8.2804522,389
1771469100,66620.1,66836.3,66620.1,66820.0,10.53574024,325
1771470000,66809.8,66836.3,66700.1,66755.0,1.7109203,294
1771470900,66755.0,66929.7,66755.0,66916.3,8.538072589999999,317
1771471800,66916.3,66916.3,66828.6,66860.5,9.23447539,311
1771472700,66860.6,66969.3,66837.9,66953.3,3.61936446,282
1771473600,66953.4,67021.3,66921.7,66949.9,17.9729618,438
1771474500,66950.0,66950.0,66820.7,66857.0,6.05780931,315
1771475400,66857.0,66913.6,66788.8,66788.8,9.11736094,355
1771476300,66782.7,66840.2,66727.8,66780.1,6.19770162,286
1771477200,66780.1,66800.0,66666.0,66740.1,2.47039123,283
1771478100,66740.1,66853.3,66666.1,66706.7,2.64784167,288
1771479000,66706.7,66780.0,66700.0,66746.3,3.20071919,269
1771479900,66742.0,66838.9,66700.0,66838.9,1.4859421099999999,217
1771480800,66838.7,66960.0,66835.3,66960.0,6.41725025,353
1771481700,66959.9,67183.6,66940.0,67141.5,15.01202417,502
1771482600,67149.7,67254.9,67071.7,67079.6,109.01057753,489
1771483500,67079.6,67176.1,67079.6,67105.0,1.73068452,248
1771484400,67112.3,67181.9,67000.1,67113.3,7.3669929000000005,365
1771485300,67113.3,67216.0,67113.3,67188.8,4.98632232,314
1771486200,67187.4,67296.2,67092.0,67154.6,12.42523138,441
1771487100,67149.5,67180.0,67111.4,67173.0,12.33889904,303
1771488000,67173.0,67173.6,67009.3,67034.9,7.09804163,340
1771488900,67023.7,67068.5,66857.1,66876.3,19.33580289,457
1771489800,66876.3,66920.0,66768.4,66888.1,7.89197348,367
1771490700,66888.1,66920.0,66817.4,66920.0,3.76160629,264
1771491600,66936.2,67006.1,66854.4,66997.5,2.59042819,293
1771492500,66993.7,67145.7,66968.3,67100.0,4.85137075,246
1771493400,67090.7,67103.6,67020.0,67033.4,1.34581963,157
1771494300,67033.5,67033.5,66738.5,66810.0,4.87444001,303
1771495200,66810.1,66883.4,66724.5,66840.7,1.2976542,255
1771496100,66840.7,66895.1,66832.3,66855.9,0.81574908,174
1771497000,66840.1,66920.0,66794.3,66919.9,1.8398546,208
1771497900,66920.0,66920.0,66753.6,66804.0,2.63675423,206
1771498800,66804.0,66886.4,66800.1,66885.8,5.56706814,238
1771499700,66885.8,66887.1,66820.2,66820.2,1.62522956,145
1771500600,66820.2,66820.2,66640.0,66649.8,23.55023286,386
1771501500,66640.0,66680.0,66447.4,66465.0,11.53797833,639
1771502400,66465.0,66520.0,66286.3,66520.0,20.10830132,554
1771503300,66520.0,66640.0,66460.0,66626.6,12.86013191,320
1771504200,66626.7,66634.0,66455.5,66593.4,14.197972140000001,461
1771505100,66593.3,66593.4,66469.5,66486.9,4.06562088,262
1771506000,66486.9,66529.7,66214.0,66363.6,16.8346272,551
1771506900,66363.6,66391.3,66126.6,66142.6,39.70712659,801
1771507800,66142.5,66258.6,65904.8,65955.7,121.8070215,1102
1771508700,65955.6,65967.7,65757.5,65889.9,33.70932403,1014
1771509600,65889.9,66056.1,65813.2,66020.0,44.78963169,845
1771510500,66020.1,66034.8,65855.7,65940.0,38.10609947,741
1771511400,65940.0,66306.9,65620.1,66240.1,36.089439229999996,1599
1771512300,66240.1,66629.3,66080.1,66380.0,83.71901742,1240
1771513200,66380.0,66708.3,66031.5,66038.8,87.79591571,1172
1771514100,66059.9,66356.0,65958.0,66015.7,41.42030768,1004
1771515000,66015.8,66508.6,65960.0,66449.2,51.65597963,1030
1771515900,66449.1,66540.0,66134.6,66382.7,11.877419979999999,795
1771516800,66382.7,66382.7,65881.2,66104.5,12.54760654,971
1771517700,66115.8,66360.0,66096.7,66161.6,15.65453213,785
1771518600,66161.6,66483.0,66161.6,66391.7,30.37057408,853
1771519500,66391.3,66420.0,66180.0,66300.0,10.524133710000001,573
1771520400,66286.4,66644.4,66240.0,66644.4,11.99463762,695
1771521300,66644.4,67000.0,66560.0,66620.0,48.22841782,1076
1771522200,66600.1,66680.0,66476.8,66618.6,19.73807316,659
1771523100,66600.1,66631.3,66152.3,66339.9,29.29503579,886
1771524000,66340.0,66604.4,66220.0,66604.4,30.59631602,977
1771524900,66604.4,66875.0,66460.4,66875.0,14.85967364,722
1771525800,66875.0,66973.1,66682.7,66969.2,30.66194608,806
1771526700,66969.2,67005.2,66850.8,67003.8,131.78584503,1505
1771527600,67004.6,67170.6,66849.2,66880.1,34.25799269,916
1771528500,66880.1,67040.0,66836.3,66900.1,7.84016964,535
1771529400,66900.1,66926.4,66678.3,66854.2,6.71413481,545
1771530300,66854.2,67093.7,66771.6,67020.0,24.30417854,647
1771531200,67020.0,67101.8,66923.4,66981.2,23.6851268,579
1771532100,66967.7,66969.5,66817.3,66920.6,64.35558262,655
1771533000,66920.6,67000.8,66900.0,66940.0,11.68177714,517
1771533900,66920.1,67141.9,66920.0,67106.0,43.62961273,804
1771534800,67107.9,67132.2,67014.3,67026.8,15.1369781,512
1771535700,67020.1,67040.0,66976.8,67000.0,19.84278554,385
1771536600,67000.0,67038.0,66952.2,66952.2,5.85605729,430
1771537500,66947.7,66968.9,66893.6,66898.0,3.0169414,361
1771538400,66898.0,66898.0,66754.3,66875.0,19.88694202,645
1771539300,66872.8,66872.8,66755.0,66755.1,10.07565157,370
1771540200,66755.1,66820.0,66643.4,66820.0,17.42807878,437
1771541100,66820.0,66960.0,66740.0,66900.0,4.83932017,429
1771542000,66900.1,66944.0,66790.7,66833.8,8.34990333,461
1771542900,66833.8,66973.0,66833.8,66958.2,3.22868207,386
1771543800,66958.1,66960.0,66900.0,66920.1,3.09852904,335
1771544700,66920.0,66997.9,66890.9,66955.3,2.95362457,347
1771545600,66955.3,67150.0,66922.9,67150.0,7.73011916,508
1771546500,67150.0,67436.5,67126.4,67342.4,78.52707351,1155
1771547400,67352.4,67352.4,67242.0,67251.2,17.63062829,815
1771548300,67251.2,67256.9,67188.8,67215.8,3.23219813,328
1771549200,67200.1,67300.0,67200.0,67289.6,1.90508405,328
1771550100,67289.7,67289.7,67125.7,67159.9,5.7084683,378
1771551000,67159.9,67319.4,67159.9,67297.7,3.03171891,428
1771551900,67297.6,67297.7,67153.5,67260.0,10.59265864,351
1771552800,67260.0,67318.7,67220.0,67251.5,7.971565099999999,463
1771553700,67251.5,67269.2,67162.8,67168.6,4.06291806,276
1771554600,67165.3,67280.0,67165.3,67270.4,0.84075648,282
1771555500,67270.3,67296.4,67220.1,67240.0,5.02389315,331
1771556400,67225.0,67280.0,67224.9,67256.9,0.56068555,204
1771557300,67256.9,67432.7,67215.4,67367.1,3.08475236,365
1771558200,67367.1,67447.5,67292.9,67296.4,7.04895821,445
1771559100,67296.4,67352.6,67283.3,67340.0,3.3903778399999998,230
1771560000,67340.0,67358.1,67226.3,67272.1,4.82366957,342
1771560900,67272.2,67315.0,67081.5,67183.6,10.28811596,349
1771561800,67183.7,67295.3,67142.0,67246.7,13.29292152,385
1771562700,67260.0,67260.0,67200.0,67228.7,2.29472426,233
1771563600,67228.7,67252.9,67177.4,67225.4,3.76628104,325
1771564500,67225.4,67419.6,67225.3,67357.6,4.96545905,357
1771565400,67357.7,67903.7,67357.7,67892.7,134.31073948,1122
1771566300,67892.7,67984.6,67716.5,67739.8,32.22033873,691
1771567200,67739.9,67857.5,67700.1,67833.6,3.45763058,370
1771568100,67833.6,67856.6,67677.0,67700.1,6.647146889999999,352
1771569000,67700.1,67824.3,67643.2,67720.7,28.04482232,370
1771569900,67720.8,67854.0,67700.0,67815.7,4.95525956,236
1771570800,67815.7,67827.1,67760.0,67807.7,3.00777321,268
1771571700,67807.6,67960.0,67807.6,67922.9,1.5683019200000001,269
1771572600,67922.8,67922.9,67854.2,67872.8,10.5742858,247
1771573500,67872.9,67893.5,67744.6,67780.0,7.74555663,402
1771574400,67780.0,67875.2,67779.9,67855.9,2.76426977,414
1771575300,67855.9,67912.0,67826.9,67835.2,1.00893559,274
1771576200,67835.2,67873.9,67733.6,67764.5,4.64312764,303
1771577100,67764.4,67860.0,67764.4,67848.5,1.0383436,213
1771578000,67848.5,68180.1,67848.5,68101.3,15.18688046,763
1771578900,68101.3,68182.7,68097.9,68173.4,5.77119382,388
1771579800,68173.8,68184.0,68100.0,68117.4,7.70315982,321
1771580700,68117.4,68200.0,68117.3,68192.4,57.89271088,420
1771581600,68190.6,68266.3,68089.7,68153.6,16.19296239,450
1771582500,68153.3,68265.0,68116.5,68252.6,4.07830381,342
1771583400,68252.7,68257.3,68136.5,68136.5,3.78640045,233
1771584300,68136.6,68140.1,67849.0,67898.8,17.28823273,575
1771585200,67898.9,67950.0,67777.1,67842.0,6.34527664,412
1771586100,67841.9,67842.0,67768.7,67842.0,3.44604948,256
1771587000,67842.0,67856.4,67408.1,67420.3,27.470233869999998,714
1771587900,67420.2,67571.2,67263.6,67286.6,9.8586601,617
1771588800,67286.7,67468.2,67263.0,67463.1,21.87531726,626
1771589700,67463.2,67509.6,67255.5,67299.7,13.04022268,607
1771590600,67299.2,67469.9,67299.1,67463.4,1.66236631,400
1771591500,67463.5,67555.5,67450.0,67508.9,15.61156731,367
1771592400,67508.9,67508.9,67070.0,67120.1,26.06781278,965
1771593300,67117.2,67219.9,67000.0,67184.9,102.39630929,676
1771594200,67184.9,67184.9,66450.0,66593.5,115.22884109,1640
1771595100,66593.5,66908.8,66593.4,66780.6,37.20417967,1111
1771596000,66780.6,66982.9,66760.0,66884.6,15.67982196,644
1771596900,66884.6,67057.1,66657.5,66980.1,48.35214264,966
1771597800,66979.4,67295.7,66840.1,67060.0,108.50148776,1331
1771598700,67060.0,67120.0,66868.7,67060.1,22.25354543,745
1771599600,67060.1,68000.0,66873.7,66873.7,215.89813326,2789
1771600500,66873.7,67538.0,66540.5,67420.0,39.42551876,1583
1771601400,67439.9,67439.9,66926.4,67216.0,32.04706172,1225
1771602300,67216.0,67639.9,67150.0,67585.7,53.27451747,988
1771603200,67570.9,67788.7,67500.0,67717.5,57.08601014,1160
1771604100,67717.6,67887.4,67290.8,67306.5,22.02879599,1167
1771605000,67306.5,67500.7,67280.1,67480.1,16.0915364,956
1771605900,67480.1,67878.8,67480.0,67799.8,44.16799748,875
1771606800,67780.1,67780.1,67038.8,67048.5,51.27716308,1198
1771607700,67048.4,67220.0,67008.1,67008.2,25.31774078,975
1771608600,67008.2,67300.0,66965.1,67240.1,161.47141707,1038
1771609500,67240.0,67643.4,67084.4,67591.0,86.04922336,1538
1771610400,67591.0,67748.9,67469.3,67529.8,25.59388295,798
1771611300,67552.4,67654.9,67447.4,67650.3,11.32196615,636
1771612200,67650.3,67962.0,67529.9,67760.0,63.57492874,1157
1771613100,67760.0,67944.4,67682.8,67904.3,45.51895058,799
1771614000,67904.3,67978.4,67660.0,67676.7,59.07459364,814
1771614900,67679.1,67759.8,67554.2,67584.4,15.21196172,609
1771615800,67584.3,67800.0,67530.4,67580.0,15.53857925,590
1771616700,67580.0,67680.0,67555.7,67619.9,22.48151212,661
1771617600,67619.9,67798.1,67619.8,67794.8,20.14637518,515
1771618500,67794.8,67794.8,67560.0,67560.1,6.70839636,425
1771619400,67560.0,67700.0,67519.3,67700.0,4.10335195,380
1771620300,67700.0,67729.8,67620.0,67722.0,7.38440053,431
1771621200,67721.9,67779.1,67620.7,67690.3,5.80684026,486
1771622100,67690.3,67726.2,67643.8,67717.8,6.4843895400000005,428
1771623000,67717.8,67800.0,67685.6,67750.0,10.969612719999999,422
1771623900,67750.1,67800.0,67698.0,67787.9,13.6494126,412
1771624800,67787.9,67789.8,67625.3,67640.0,4.9424071,507
1771625700,67640.0,67979.0,67640.0,67920.1,16.12825857,663
1771626600,67920.1,68092.9,67880.6,67942.9,168.29203134,1080
1771627500,67943.0,68050.0,67909.2,68050.0,72.40635326,546
1771628400,68050.0,68200.5,67988.0,67996.6,131.48951688,863
1771629300,67996.6,68024.6,67940.1,67990.3,6.85762703,324
1771630200,67980.1,68000.0,67900.0,67930.0,6.8983200600000005,360
1771631100,67930.0,68004.8,67930.0,67998.2,3.7381086900000002,302
1771632000,67998.2,68006.3,67925.5,67980.0,3.25286875,361
1771632900,67980.1,67980.1,67868.4,67900.9,16.94963384,309
1771633800,67899.3,67899.3,67826.0,67826.0,6.59972978,271
1771634700,67820.1,67843.7,67786.0,67801.1,14.35863129,337
1771635600,67801.1,67880.0,67801.0,67880.0,1.92987991,263
1771636500,67880.0,67880.0,67857.8,67857.8,1.5195455,172
1771637400,67852.0,67960.0,67838.1,67960.0,1.71478212,231
1771638300,67959.9,67960.0,67940.0,67940.1,0.7326392700000001,159
1771639200,67940.1,67994.1,67900.0,67988.5,3.0374939899999998,267
1771640100,67980.0,68033.3,67955.3,68033.3,2.26012409,247
1771641000,68033.3,68069.6,68004.0,68033.9,7.67893779,202
1771641900,68038.2,68038.2,67972.6,67980.0,0.57124167,183
1771642800,67980.1,67980.1,67664.8,67760.0,13.56944955,533
1771643700,67759.9,67791.5,67732.3,67784.8,4.23776306,191
1771644600,67784.8,67798.8,67538.0,67600.0,7.1990121,394
1771645500,67600.0,67642.8,67565.7,67642.7,3.6113766,227
1771646400,67642.8,67660.0,67590.9,67659.9,1.79127029,263
1771647300,67659.9,67680.0,67577.6,67680.0,1.9818253099999998,250
1771648200,67679.9,67731.1,67679.9,67719.8,1.34778763,229
1771649100,67689.1,67818.0,67689.0,67796.8,3.19898969,288
1771650000,67796.9,67840.0,67796.8,67809.6,0.52184138,173
1771650900,67809.6,67844.7,67802.7,67839.8,4.1364369,233
1771651800,67839.9,67860.0,67796.9,67838.9,3.91097188,193
1771652700,67838.9,67850.0,67817.5,67823.5,2.08223629,146
1771653600,67823.5,67900.0,67823.5,67900.0,1.27862157,201
1771654500,67900.0,67900.0,67863.7,67863.9,1.79660836,270
1771655400,67863.9,67863.9,67738.7,67768.5,1.96256956,230
1771656300,67768.6,67768.6,67731.3,67759.9,5.16891165,180
1771657200,67760.0,67834.0,67736.4,67806.3,3.04248024,238
1771658100,67806.4,67820.0,67801.8,67820.0,0.79807039,135
1771659000,67819.9,67848.3,67812.5,67822.5,5.54092483,162
1771659900,67822.5,67837.3,67822.5,67835.2,0.9160868799999999,132
1771660800,67835.2,67871.9,67812.4,67871.9,14.590286709999999,197
1771661700,67871.9,67952.6,67871.8,67952.6,1.98836942,204
1771662600,67952.6,67977.0,67925.4,67977.0,25.75573794,196
1771663500,67977.0,68048.0,67952.3,68048.0,5.23694367,249
1771664400,68048.0,68048.0,67960.0,67960.0,1.0833062,214
1771665300,67960.1,68240.0,67960.0,68201.3,8.84820606,494
1771666200,68201.2,68266.1,68120.0,68180.1,7.1075418599999995,361
1771667100,68180.0,68194.9,68134.3,68134.4,23.69898124,250
1771668000,68134.4,68221.6,68134.4,68152.8,12.6177758,263
1771668900,68152.7,68190.7,68126.3,68190.7,6.56400208,233
1771669800,68190.7,68194.0,68172.7,68184.4,11.22532111,189
1771670700,68200.0,68200.0,68157.0,68175.4,17.25124649,195
1771671600,68175.4,68240.0,68175.3,68224.6,3.27520687,272
1771672500,68224.6,68248.7,68160.7,68177.7,13.26408509,277
1771673400,68177.6,68177.6,68075.2,68087.0,6.53831519,187
1771674300,68084.5,68100.8,68066.2,68066.3,2.2205738399999997,208
1771675200,68066.3,68106.7,67956.9,67956.9,1.84134551,296
1771676100,67957.0,67980.0,67950.0,67950.1,6.1142519,184
1771677000,67950.0,67996.6,67905.4,67996.6,2.01709305,223
1771677900,67996.6,68178.4,67996.5,68178.3,1.17167583,261
1771678800,68178.3,68180.0,68120.8,68121.7,1.3715087400000001,239
1771679700,68121.8,68218.0,68105.0,68216.5,2.28222731,237
1771680600,68216.5,68216.5,68162.1,68162.1,0.91548768,179
1771681500,68162.2,68222.0,68136.9,68221.9,9.20545154,365
1771682400,68222.0,68224.0,68160.3,68220.0,30.588520109999997,375
1771683300,68230.1,68653.3,68210.0,68424.3,64.99806727,1108
1771684200,68424.3,68590.0,68400.0,68513.2,10.99254702,496
1771685100,68517.5,68559.6,68422.5,68428.5,8.29940246,395
1771686000,68423.7,68496.7,68407.0,68479.9,2.99196789,324
1771686900,68480.0,68549.9,68440.0,68440.0,7.08284058,323
1771687800,68440.0,68672.0,68400.0,68636.3,18.19321037,605
1771688700,68618.1,68678.8,68580.1,68622.6,12.31371238,462
1771689600,68600.1,68600.1,68292.7,68337.4,323.15977665,1267
1771690500,68337.4,68337.4,68079.0,68256.4,24.03207918,764
1771691400,68256.4,68331.0,68123.3,68313.9,6.74398194,373
1771692300,68335.8,68338.7,68295.0,68301.1,3.02773137,313
1771693200,68307.3,68331.4,68184.6,68270.4,3.53073067,367
1771694100,68270.4,68300.0,68206.6,68280.9,7.25214014,376
1771695000,68280.9,68445.5,68260.1,68423.5,3.29564046,319
1771695900,68423.4,68438.1,68392.0,68400.1,1.23116961,243
1771696800,68400.1,68423.1,68382.9,68402.1,4.0487139800000005,275
1771697700,68402.1,68517.5,68402.0,68480.1,10.40399593,377
1771698600,68480.1,68553.3,68480.0,68529.5,23.82324365,314
1771699500,68530.1,68600.0,68480.0,68543.0,26.4225964,445
1771700400,68543.0,68600.0,68520.1,68578.6,139.68383943999999,779
1771701300,68578.6,68596.1,68540.1,68575.4,2.32561444,264
1771702200,68564.5,68600.0,68558.8,68589.3,23.95399895,359
1771703100,68593.0,68593.0,68499.7,68519.6,5.03943644,308
1771704000,68519.6,68519.6,68480.0,68484.8,2.51887362,354
1771704900,68480.1,68580.3,68480.0,68562.2,4.206084590000001,298
1771705800,68562.1,68562.2,68321.3,68367.6,22.54205032,481
1771706700,68367.7,68392.7,68189.4,68197.8,18.93921458,491
1771707600,68197.7,68320.0,68166.7,68264.7,8.01564528,341
1771708500,68264.7,68345.7,68264.6,68340.0,17.01266177,265
1771709400,68339.9,68340.0,68270.6,68270.7,15.97285367,242
1771710300,68270.7,68360.0,68270.7,68359.9,1.28149089,199
1771711200,68359.9,68407.7,68225.0,68238.1,6.01411999,279
1771712100,68242.5,68296.6,68242.5,68270.3,1.58229236,221
1771713000,68260.1,68260.1,67936.3,68076.7,26.32439491,496
1771713900,68076.7,68145.9,67879.2,67962.8,12.79139235,425
1771714800,67962.9,67994.6,67927.7,67956.5,3.69235536,270
1771715700,67952.7,68070.8,67952.6,68068.1,2.47220802,249
1771716600,68068.2,68094.7,68054.4,68068.3,2.04808191,206
1771717500,68060.0,68060.0,67950.2,67966.6,10.6527052,344
1771718400,67966.7,68006.7,67926.6,68005.0,35.8528419,346
1771719300,68005.0,68030.4,67800.0,67829.0,18.15577422,543
1771720200,67838.1,67888.4,67838.1,67840.1,6.9126334400000005,306
1771721100,67840.0,67920.0,67840.0,67919.9,4.6300392,295
1771722000,67920.0,68036.8,67919.9,68000.0,5.11267017,308
1771722900,68000.1,68095.5,68000.0,68090.4,6.61893218,240
1771723800,68090.4,68119.5,68021.2,68084.5,8.90328897,285
1771724700,68091.2,68140.0,68078.2,68109.0,0.74594406,235
1771725600,68129.9,68180.8,68106.0,68166.1,1.9756464999999999,407
1771726500,68187.9,68187.9,68040.0,68045.9,3.47486266,242
1771727400,68045.9,68075.7,67967.0,67978.2,15.75126114,301
1771728300,67978.1,68000.0,67864.6,67892.5,8.39076977,282
1771729200,67892.6,67996.0,67889.5,67995.9,1.12793387,258
1771730100,67996.0,68000.1,67820.0,67959.8,8.11159089,340
1771731000,67959.8,67959.9,67890.0,67959.9,2.03916249,199
1771731900,67959.9,68030.0,67935.9,68019.0,2.19932452,220
1771732800,68019.1,68058.8,68019.0,68058.8,21.70236839,345
1771733700,68045.1,68045.1,67962.5,68000.6,2.12987671,221
1771734600,68000.6,68009.7,67960.0,67960.1,0.85286213,191
1771735500,67960.1,67976.8,67960.1,67961.4,1.95240175,155
1771736400,67961.5,67982.3,67866.4,67868.5,2.1972488599999997,228
1771737300,67868.5,67933.0,67868.5,67927.3,1.05369109,192
1771738200,67927.4,67927.4,67907.5,67919.5,1.84620414,129
1771739100,67919.4,67940.0,67874.2,67939.9,1.42448769,183
1771740000,67940.0,68020.0,67939.9,68006.1,0.62313961,219
1771740900,68023.6,68155.7,68016.7,68090.9,23.53670762,317
1771741800,68092.2,68133.4,68040.1,68046.5,5.07378629,174
1771742700,68046.4,68060.4,68033.1,68033.7,0.49490523999999997,148
1771743600,68033.7,68033.7,67974.0,68006.7,2.99655276,214
1771744500,68006.7,68011.9,67986.4,68011.9,3.00062382,127
1771745400,68011.9,68080.3,68011.8,68079.9,4.50586978,146
1771746300,68079.9,68080.0,68000.0,68000.1,3.1958198,154
1771747200,68000.1,68000.1,67967.9,67998.9,0.58721479,150
1771748100,67973.4,67988.2,67918.5,67918.6,1.06379695,157
1771749000,67939.4,67978.0,67920.1,67950.2,1.56937036,128
1771749900,67950.2,67967.5,67927.3,67960.0,3.8365417799999997,149
1771750800,67948.1,68000.0,67948.0,68000.0,1.84145832,172
1771751700,68020.0,68020.0,67997.8,68005.5,1.09461384,129
1771752600,68005.6,68038.0,67980.0,68037.9,6.39853598,262
1771753500,68038.0,68077.4,68038.0,68060.0,20.43515774,245
1771754400,68060.1,68060.1,68010.1,68030.3,6.21859074,187
1771755300,68030.3,68112.6,68025.3,68080.0,2.47465922,161
1771756200,68080.1,68118.4,68080.0,68084.9,3.16472986,147
1771757100,68085.0,68124.4,68084.9,68124.3,3.11176078,130
1771758000,68124.4,68214.0,68124.3,68199.0,2.83563123,211
1771758900,68199.0,68214.0,68172.5,68198.8,4.14381434,197
1771759800,68198.8,68214.5,68160.0,68164.5,1.35640328,177
1771760700,68164.5,68197.6,68164.4,68195.2,4.83057074,217
1771761600,68195.2,68202.1,67976.1,67992.5,9.74031354,376
1771762500,67993.6,68064.3,67987.9,68056.1,7.98291161,364
1771763400,68056.2,68056.2,67900.0,67900.0,16.00940855,288
1771764300,67900.1,67972.9,67900.0,67934.9,73.22297949,385
1771765200,67935.0,68000.0,67934.9,67970.0,3.2056538700000003,293
1771766100,67970.0,68000.0,67928.2,67928.3,1.46183187,176
1771767000,67928.2,67928.4,67561.3,67599.9,127.24638977,952
1771767900,67600.0,67696.4,67593.3,67634.1,15.14690272,413
1771768800,67634.1,67637.1,67488.3,67637.0,26.87179007,504
1771769700,67637.1,67658.9,67563.1,67595.1,18.84997864,320
1771770600,67595.1,67663.0,67390.7,67399.7,10.13104013,506
1771771500,67404.3,67549.5,67348.7,67430.9,126.22359153,735
1771772400,67431.0,67459.8,67285.1,67420.0,9.75052032,513
1771773300,67420.0,67568.1,67331.7,67560.0,10.74056118,445
1771774200,67560.0,67785.9,67540.0,67747.7,9.08217883,569
1771775100,67747.8,67789.7,67657.0,67668.2,18.06914884,389
1771776000,67668.2,67668.2,67573.1,67575.0,95.31154155,461
1771776900,67575.0,67600.8,67533.5,67540.0,14.31936964,323
1771777800,67530.2,67559.2,67494.6,67540.0,7.10398933,307
1771778700,67539.9,67615.6,67539.9,67614.6,1.11979402,321
1771779600,67614.6,67614.6,67522.2,67574.5,3.79755605,271
1771780500,67574.5,67574.5,67481.5,67481.5,2.43792481,245
1771781400,67481.6,67512.6,67180.0,67256.7,42.13436323,818
1771782300,67256.7,67360.0,67256.6,67328.6,17.35657406,424
1771783200,67358.5,67400.0,67320.0,67400.0,4.8197671799999995,349
1771784100,67399.9,67432.6,67309.9,67310.0,8.05533331,282
1771785000,67310.0,67358.1,67301.9,67357.8,1.30649893,230
1771785900,67357.9,67435.8,67357.8,67413.5,4.24589634,305
1771786800,67413.5,67450.0,67374.6,67402.2,4.1639595400000005,302
1771787700,67402.3,67423.3,67380.1,67383.7,2.83188199,327
1771788600,67383.7,67447.3,67383.6,67435.3,4.85302569,268
1771789500,67435.4,67436.7,67380.0,67389.1,17.309858170000002,351
1771790400,67389.1,67420.0,67327.2,67351.6,30.86751646,468
1771791300,67351.6,67440.8,67351.5,67406.4,10.489637290000001,332
1771792200,67406.3,67413.1,67360.8,67385.2,17.1411715,385
1771793100,67385.2,67446.7,67321.1,67350.9,14.25088297,363
1771794000,67350.9,67442.6,67350.9,67401.8,10.4956751,284
1771794900,67401.7,67460.0,67401.7,67435.0,18.70685153,327
1771795800,67435.1,67576.7,67435.1,67570.1,4.05226418,262
1771796700,67570.1,67594.7,67554.5,67590.7,6.60978442,256
1771797600,67590.7,67590.7,67461.8,67480.9,11.07750752,279
1771798500,67480.8,67642.0,67480.8,67566.2,4.5182255300000005,375
1771799400,67566.2,67667.8,67532.5,67651.4,3.29199506,298
1771800300,67640.1,67709.1,67640.1,67653.6,1.92902751,266
1771801200,67653.7,67680.0,67469.0,67469.0,3.37438354,322
1771802100,67469.0,67579.6,67447.0,67579.6,4.60626054,336
1771803000,67579.5,67579.5,67464.5,67464.6,1.72661396,264
1771803900,67464.6,67684.7,67464.5,67612.1,6.83246349,402
1771804800,67612.1,67653.3,67560.7,67599.9,17.11266545,431
1771805700,67592.6,67598.9,67369.4,67436.3,13.88110434,418
1771806600,67436.3,67436.3,67166.2,67166.3,17.85702127,648
1771807500,67166.2,67166.2,66701.3,66715.4,66.76022364,1364
1771808400,66715.4,66715.4,65267.4,65488.6,281.1531709,4261
1771809300,65488.5,65488.5,65000.0,65060.0,117.05939683,3145
1771810200,65050.1,65363.4,65004.0,65130.1,46.97840365,1476
1771811100,65130.1,65159.2,64203.2,64417.4,175.5111871,4084
1771812000,64410.7,64779.0,64334.3,64719.0,34.02297273,1631
1771812900,64736.3,64802.2,64520.1,64739.9,30.72025455,1206
1771813800,64740.0,64886.7,64680.0,64829.1,17.19779296,1076
1771814700,64825.6,64878.6,64701.7,64774.2,18.7365043,767
1771815600,64774.3,65025.0,64774.2,64928.9,13.82325729,783
1771816500,64928.8,64928.8,64688.5,64750.1,21.03806473,674
1771817400,64750.0,64980.0,64720.0,64980.0,14.42474471,778
1771818300,64980.0,64995.0,64910.5,64940.1,18.05278029,541
1771819200,64940.1,65012.6,64820.1,65012.6,11.6972746,642
1771820100,65012.6,65012.6,64711.5,64756.1,8.8944722,578
1771821000,64756.0,64798.7,64679.9,64713.8,7.83791096,423
1771821900,64713.7,64810.1,64693.1,64810.1,9.09903388,454
1771822800,64810.1,65126.6,64810.0,65073.4,118.74156653,900
1771823700,65073.4,65201.3,64923.0,65026.5,14.56084199,599
1771824600,65026.4,65091.5,64991.7,64999.1,41.79594755,624
1771825500,64999.1,65062.6,64943.2,65039.9,14.99562903,549
1771826400,65040.0,65342.7,65024.2,65338.3,13.5682218,664
1771827300,65338.3,65445.0,65300.0,65300.0,17.58677551,511
1771828200,65300.1,65636.5,65269.8,65518.0,13.828541210000001,789
1771829100,65517.9,65770.4,65517.9,65749.7,11.49887087,631
1771830000,65749.7,65873.5,65701.2,65780.0,125.18711161,802
1771830900,65780.1,65836.7,65654.5,65696.7,64.64199471,509
1771831800,65691.2,65983.7,65675.6,65940.0,8.91161571,482
1771832700,65940.0,65973.4,65894.8,65943.6,4.56266269,344
1771833600,65943.6,65943.6,65707.3,65832.3,14.79715535,656
1771834500,65832.3,65863.4,65613.7,65690.2,3.89277865,420
1771835400,65690.1,65720.0,65583.2,65613.0,4.29093176,303
1771836300,65613.1,65673.6,65580.0,65672.1,5.88924881,311
1771837200,65672.1,65818.3,65672.0,65801.2,9.7165241,447
1771838100,65801.3,65859.7,65719.9,65854.1,23.09181041,462
1771839000,65854.0,66309.4,65834.5,66266.1,28.8217267,971
1771839900,66266.1,66428.8,66250.0,66400.1,9.73792933,528
1771840800,66396.8,66562.5,66303.6,66303.6,36.80987934,632
1771841700,66303.6,66479.0,66268.5,66349.3,4.8665056,390
1771842600,66349.4,66375.5,66232.0,66340.1,7.62134613,364
1771843500,66340.1,66407.0,66246.6,66315.6,7.08178247,288
1771844400,66315.6,66361.7,66260.3,66358.4,13.89037622,352
1771845300,66358.4,66476.5,66315.4,66315.6,17.94146085,361
1771846200,66315.6,66315.6,66118.7,66121.5,17.60297241,554
1771847100,66121.6,66212.4,66120.0,66199.9,5.89487055,421
1771848000,66199.9,66232.0,66157.2,66219.4,7.737705790000001,337
1771848900,66219.5,66225.8,66059.1,66135.4,23.99426368,390
1771849800,66135.5,66476.5,65907.4,66420.1,20.66532785,760
1771850700,66420.1,66513.4,66243.4,66260.5,4.40653,359
1771851600,66260.5,66377.6,66203.6,66214.8,10.58087495,436
1771852500,66214.8,66250.1,66117.1,66223.2,22.699035770000002,565
1771853400,66223.2,66424.0,66144.8,66346.3,15.67059817,512
1771854300,66346.3,66369.2,66110.8,66130.0,12.76971772,508
1771855200,66130.0,66250.0,66130.0,66234.0,12.18872779,378
1771856100,66246.6,66246.6,66054.2,66077.3,27.8483152,508
1771857000,66077.3,66198.9,65500.0,65849.1,67.60322521,1333
1771857900,65840.1,66079.0,65620.1,65920.0,9.80655669,852
1771858800,65920.0,66083.0,65703.8,65947.7,13.25968289,942
1771859700,65947.8,66203.3,65748.5,65791.0,36.43482142,861
1771860600,65793.4,65919.4,65715.4,65799.4,13.08274998,605
1771861500,65785.0,65901.8,65578.2,65645.4,19.68584244,633
1771862400,65645.9,65660.6,65169.4,65184.2,38.88071938,1172
1771863300,65199.9,65652.3,65199.9,65630.9,25.82612031,720
1771864200,65630.9,65699.9,65445.4,65564.4,38.30315291,633
1771865100,65563.6,65580.0,65298.3,65340.0,18.04549568,704
1771866000,65340.0,65442.5,65050.0,65050.0,30.50438558,1037
1771866900,65068.3,65160.0,64580.0,64580.1,94.62376705,1633
1771867800,64580.1,64676.3,64331.8,64460.1,52.47192211,1253
1771868700,64486.1,64800.0,64160.4,64800.0,81.89853894,1484
1771869600,64803.0,64862.5,64650.0,64780.9,22.27732298,819
1771870500,64785.7,64900.0,64603.9,64812.6,27.80957909,660
1771871400,64812.7,65152.1,64741.3,64887.5,38.66479913,855
1771872300,64883.8,64883.8,64579.4,64622.8,13.85293388,880
1771873200,64622.9,64826.0,64597.3,64684.7,19.68737487,846
1771874100,64686.9,64704.5,64372.9,64443.0,78.03908289,1014
1771875000,64451.9,64520.0,64088.0,64180.0,66.24710685,1257
1771875900,64199.9,64342.6,64103.2,64274.5,160.91959648,1001
1771876800,64282.8,64342.6,63917.0,63951.7,74.33619325,1362
1771877700,63944.2,64148.8,63888.0,63986.1,39.12147618,957
1771878600,63986.0,64298.7,63985.8,64244.9,31.72196787,683
1771879500,64250.5,64464.0,64213.7,64464.0,33.0332087,742
1771880400,64459.1,64674.9,64440.3,64583.4,11.8553123,651
1771881300,64583.4,64634.5,64505.0,64547.2,10.92425957,501
1771882200,64542.8,64771.8,64517.9,64622.3,38.59807661,686
1771883100,64622.2,64706.4,64544.2,64550.7,9.14090739,409
1771884000,64550.7,64964.0,64549.4,64956.3,18.729432759999998,654
1771884900,64949.5,64988.8,64827.1,64933.1,12.12638136,492
1771885800,64933.1,64933.1,64740.1,64783.0,8.20224913,380
1771886700,64781.6,64849.5,64628.0,64704.1,126.71443837,431
1771887600,64704.1,64877.7,64696.1,64847.4,8.04715857,469
1771888500,64847.4,64870.0,64772.2,64812.4,7.43622448,361
1771889400,64812.4,64837.5,64520.0,64580.2,275.23866969,719
1771890300,64580.2,64640.0,64512.2,64624.1,32.53662135,460
1771891200,64624.1,64849.9,64624.0,64849.9,18.77096482,604
1771892100,64860.0,64971.0,64764.8,64829.0,6.23068288,558
1771893000,64829.1,64949.9,64800.0,64900.1,2.4415721,368
1771893900,64900.1,64950.0,64855.4,64906.1,35.51729815,432
1771894800,64906.1,64906.1,64220.1,64285.4,33.75519837,1063
1771895700,64291.4,64496.6,63351.6,64404.3,119.32183570000001,3392
1771896600,64404.3,64560.0,64049.4,64294.6,24.53770464,1115
1771897500,64294.6,64359.8,64020.2,64130.5,30.53421973,740
1771898400,64130.5,64278.4,63995.5,64219.3,14.62039638,879
1771899300,64219.3,64284.3,64000.1,64279.9,7.51957801,551
1771900200,64280.0,64458.0,64102.8,64102.9,6.44704303,570
1771901100,64102.9,64160.7,64064.7,64100.0,2.75415322,374
1771902000,64100.0,64100.0,63540.3,63660.0,42.8659301,1398
1771902900,63660.0,63820.0,63561.9,63681.1,7.5248750399999995,606
1771903800,63681.1,63734.7,63614.8,63636.8,19.90131036,568
1771904700,63636.8,63646.0,63123.6,63542.0,460.94463943,2487
1771905600,63542.1,63574.7,63000.0,63000.0,64.47779946,1445
1771906500,63000.0,63353.8,62859.0,63189.4,41.69251916,1666
1771907400,63189.4,63322.0,62977.1,63322.0,47.79847438,1000
1771908300,63322.0,63356.3,63216.7,63343.5,6.5566775900000005,562
1771909200,63343.5,63500.0,63259.6,63482.1,15.76873272,764
1771910100,63482.1,63482.1,62679.6,62822.4,67.63373268,1758
1771911000,62822.4,63020.0,62722.5,62965.0,18.99757795,838
1771911900,62964.9,63073.1,62940.0,63069.8,20.83146255,561
1771912800,63069.8,63186.7,62881.5,63112.4,10.7475732,720
1771913700,63112.4,63271.3,63089.4,63179.8,7.02336563,618
1771914600,63179.8,63285.0,63160.0,63241.0,3.28236191,438
1771915500,63240.9,63240.9,62940.1,63061.3,9.98866241,708
1771916400,63061.3,63330.9,62910.1,63324.9,29.91678261,672
1771917300,63324.9,63324.9,63140.0,63273.8,24.66275971,497
1771918200,63273.8,63273.8,63064.8,63071.7,21.89359937,445
1771919100,63071.7,63155.0,62999.0,63155.0,6.89658681,470
1771920000,63160.0,63239.9,63001.8,63223.0,6.81882144,489
1771920900,63223.0,63294.9,63084.8,63279.9,24.71427532,436
1771921800,63280.0,63396.3,63269.8,63375.2,4.95560123,476
1771922700,63375.2,63408.4,63329.6,63380.1,3.87113959,325
1771923600,63380.2,63402.4,63207.6,63260.0,2.98368861,409
1771924500,63260.0,63279.9,63088.6,63129.0,10.03499519,476
1771925400,63128.9,63158.4,62929.5,63138.1,12.14034448,491
1771926300,63138.0,63245.1,63042.8,63226.9,28.01232019,484
1771927200,63226.9,63262.1,63120.0,63204.8,16.329989389999998,428
1771928100,63204.8,63280.1,63151.0,63260.1,10.28300989,386
1771929000,63260.1,63280.1,63122.3,63196.0,6.3020906299999995,391
1771929900,63196.0,63340.0,63160.0,63285.4,14.610470659999999,424
1771930800,63285.4,63302.2,63168.8,63191.4,7.49607919,431
1771931700,63191.5,63203.5,63140.1,63160.1,29.90695526,516
1771932600,63160.1,63240.0,63062.0,63207.6,9.57259001,512
1771933500,63200.4,63227.5,63149.3,63224.2,6.89621535,411
1771934400,63224.2,63285.0,63118.7,63268.6,28.27644484,493
1771935300,63247.4,63330.0,63219.9,63329.0,2.78614162,371
1771936200,63329.0,63329.0,63069.9,63101.1,4.9849198900000005,477
1771937100,63101.1,63122.0,62951.0,62955.4,37.96435423,555
1771938000,62957.1,63088.4,62906.9,63080.1,8.68091286,594
1771938900,63080.1,63088.6,62870.5,62899.9,12.9537437,701
1771939800,62900.0,63059.9,62500.0,62918.0,69.32925494,1911
1771940700,62918.1,63022.2,62878.1,62904.5,16.07413825,676
1771941600,62904.5,62993.8,62747.1,62912.8,14.11693589,680
1771942500,62912.8,63000.0,62804.7,62968.7,12.79196139,659
1771943400,62996.3,63472.8,62787.9,63340.0,94.09827395,1765
1771944300,63340.0,63817.6,63280.0,63461.7,44.83021647,1716
1771945200,63458.4,63664.7,63323.5,63568.4,42.95322102,1192
1771946100,63560.1,63947.0,63560.0,63930.2,141.51108532,1245
1771947000,63924.8,63969.6,63666.0,63749.2,26.05024921,969
1771947900,63750.1,64009.3,63720.3,63976.0,38.59767817,841
1771948800,63976.1,64415.1,63950.5,64158.5,47.44117173,1299
1771949700,64163.5,64197.3,63895.8,63950.9,19.18213777,597
1771950600,63946.0,64102.1,63700.0,64040.0,29.59771298,781
1771951500,64040.1,64279.6,63808.4,64264.3,30.56162025,762
1771952400,64264.3,64504.2,64160.1,64428.4,43.30173261,982
1771953300,64400.0,64400.0,64127.3,64143.1,18.01976923,759
1771954200,64148.3,64258.5,64103.2,64103.2,10.12479402,506
1771955100,64103.2,64255.4,64056.9,64238.6,8.53247736,512
1771956000,64220.1,64392.7,63932.9,63943.1,19.230019860000002,832
1771956900,63959.9,64334.3,63940.1,64294.0,26.74551436,664
1771957800,64298.5,64479.3,64287.1,64367.8,26.59073423,653
1771958700,64379.2,64496.9,64366.2,64436.7,17.18998664,471
1771959600,64436.7,64717.0,64274.0,64299.9,63.87302975,794
1771960500,64299.9,64427.2,64259.7,64306.1,4.49259033,452
1771961400,64306.1,64500.0,64302.2,64473.3,25.5272662,463
1771962300,64473.3,64485.9,64382.5,64435.5,4.5032843,428
1771963200,64435.5,64480.0,64319.3,64402.2,51.18023727,474
1771964100,64402.2,64499.9,64402.1,64471.6,8.19219928,386
1771965000,64471.8,64580.1,64388.0,64491.9,19.59039264,431
1771965900,64492.0,64510.0,64385.9,64476.2,15.219583740000001,447
1771966800,64469.3,64469.3,64142.5,64250.0,13.6204303,504
1771967700,64250.1,64250.1,63849.5,63900.0,23.42928333,586
1771968600,63899.9,64055.3,63867.8,64027.2,15.04279211,457
1771969500,64027.2,64086.0,63991.2,64048.9,6.97192907,357
1771970400,64047.4,64226.1,63982.7,64217.1,4.98369471,362
1771971300,64218.9,64219.0,64094.7,64153.8,2.2204218,269
1771972200,64153.8,64193.6,64065.6,64094.0,7.55929929,286
1771973100,64094.2,64126.2,64002.0,64116.4,5.65081406,286
1771974000,64124.7,64150.0,63835.0,64084.8,16.70675202,394
1771974900,64071.2,64207.1,64065.5,64185.8,37.10513282,380
1771975800,64185.7,64248.0,64138.7,64138.7,3.93498242,394
1771976700,64138.8,64142.1,64025.1,64061.9,15.82371535,311
1771977600,64062.0,64070.0,63921.3,63921.3,5.67336421,382
1771978500,63921.4,64062.2,63921.4,63958.4,14.88325581,346
1771979400,63958.4,64264.3,63958.4,64262.7,7.482023229999999,403
1771980300,64262.5,64311.2,64159.6,64223.2,2.9894324500000002,403
1771981200,64223.2,65934.0,64159.7,65591.5,155.55136089,1995
1771982100,65604.0,66311.8,65429.4,65948.2,85.96991815,1851
1771983000,65948.1,66273.6,65794.2,65794.3,26.53683258,1082
1771983900,65794.2,66049.8,65794.2,65918.8,13.04116294,685
1771984800,65918.7,66293.4,65913.1,66244.2,43.1775942,1286
1771985700,66226.9,66244.3,66061.8,66111.3,169.47270938,997
1771986600,66111.3,66159.0,65889.0,65929.2,10.05746476,501
1771987500,65929.1,66000.0,65878.3,65885.7,5.40222813,409
1771988400,65885.7,65944.4,65817.9,65829.1,8.031295179999999,421
1771989300,65829.0,65829.1,65495.5,65575.6,15.27347852,697
1771990200,65575.6,65612.7,65385.2,65454.9,8.653955,547
1771991100,65454.8,65544.6,65361.4,65383.4,9.97777542,430
1771992000,65383.4,65521.2,65130.5,65431.9,39.23613306,803
1771992900,65431.9,65607.0,65347.5,65576.6,38.31960988,520
1771993800,65576.6,65628.6,65545.6,65616.1,4.53315209,239
1771994700,65616.2,65616.2,65410.9,65438.0,4.4170036900000005,314
1771995600,65438.0,65494.4,65312.0,65334.0,10.9254011,472
1771996500,65334.1,65353.5,65154.8,65186.0,36.03790072,531
1771997400,65185.9,65217.8,64777.4,64820.5,28.37401453,801
1771998300,64820.5,64980.3,64777.4,64855.1,8.04731634,369
1771999200,64855.1,65008.6,64855.1,64989.8,5.41414433,356
1772000100,64989.7,65111.1,64898.3,65040.2,3.47306952,351
1772001000,65013.1,65105.8,64973.0,65097.3,1.45535841,254
1772001900,65097.2,65097.2,64868.3,64887.0,5.98958929,326
1772002800,64887.0,65067.7,64777.3,65018.0,13.69153811,467
1772003700,65017.9,65173.5,65010.0,65103.2,7.54471151,418
1772004600,65103.2,65173.5,64891.9,64905.7,6.03375198,433
1772005500,64927.4,65037.4,64927.3,65037.4,4.47535801,292
1772006400,65037.4,65065.2,64960.8,65003.2,3.0120173,341
1772007300,65014.3,65217.7,65014.2,65185.7,4.27968924,411
1772008200,65185.7,65446.4,65185.7,65435.5,66.38619307,573
1772009100,65422.0,65557.8,65370.3,65520.9,14.05980194,610
1772010000,65520.5,65668.0,65454.6,65542.5,12.12035498,507
1772010900,65542.5,65630.3,65510.1,65530.1,3.71527827,384
1772011800,65548.0,65548.0,65436.1,65449.0,6.59964622,355
1772012700,65449.0,65559.5,65449.0,65544.7,2.7484547900000003,316
1772013600,65544.7,65599.9,65472.0,65558.1,14.66104546,338
1772014500,65558.1,65634.8,65367.0,65367.1,5.8724903,371
1772015400,65367.0,65419.6,65344.4,65419.5,11.47250328,364
1772016300,65419.6,65495.0,65361.4,65391.9,7.31431339,372
1772017200,65391.3,65391.3,65165.0,65235.7,35.08740894,515
1772018100,65234.6,65360.8,65196.2,65360.7,10.83903089,423
1772019000,65360.8,65472.1,65324.8,65408.6,8.68366852,308
1772019900,65408.7,65439.3,65373.5,65412.0,2.34951853,274
1772020800,65412.0,65495.2,65324.8,65492.8,3.20326646,404
1772021700,65492.7,65920.4,65492.7,65775.9,18.69489807,875
1772022600,65775.9,65865.3,65747.4,65851.1,12.93102429,457
1772023500,65851.1,66222.9,65820.7,66041.9,39.84534252,924
1772024400,66041.9,66266.6,66041.9,66052.0,22.96334723,772
1772025300,66051.9,66232.7,66007.8,66172.3,16.81111364,561
1772026200,66172.3,66409.4,66144.9,66315.9,79.4739042,791
1772027100,66315.9,66719.9,66236.1,66236.2,78.29649327999999,1203
1772028000,66236.2,66486.0,66222.0,66480.0,35.85859203,741
1772028900,66480.1,66613.6,66443.1,66580.6,29.33317157,632
1772029800,66580.6,66815.9,66217.0,66243.3,53.874053,1450
1772030700,66243.4,67000.0,66243.4,66975.8,51.587429990000004,1634
1772031600,66976.1,67242.0,66770.2,66860.1,75.22532264,1439
1772032500,66860.0,67058.9,66707.6,67056.2,25.42942224,1013
1772033400,67056.2,67526.0,66969.5,67512.3,122.12598365,1535
1772034300,67512.4,67562.3,67227.1,67407.5,76.2397935,1219
1772035200,67414.1,67866.0,67413.9,67619.3,98.46783556,1483
1772036100,67619.3,68080.5,67600.0,67879.1,130.28498393,1897
1772037000,67877.0,68000.0,67828.4,67960.3,36.69359729,989
1772037900,67960.2,68324.4,67960.2,68300.5,81.45619454,1473
1772038800,68300.6,68662.4,68040.7,68524.4,67.23932482000001,1888
1772039700,68524.4,68706.7,68291.9,68590.3,74.51100397,1645
1772040600,68590.3,68786.5,68430.9,68783.0,58.69204513,1418
1772041500,68786.8,68888.0,68620.5,68690.1,42.87300555,1130
1772042400,68690.1,68921.6,68371.8,68900.0,96.31210521,1354
1772043300,68900.0,69463.9,68749.8,69348.7,74.12417416,1748
1772044200,69348.7,69549.9,69217.1,69509.1,74.87768587,1382
1772045100,69506.6,69506.8,69277.6,69330.6,79.80735091,1211
1772046000,69330.6,69400.0,68814.2,68912.6,22.89635633,1182
1772046900,68912.6,69146.3,68864.9,68983.3,17.36500507,781
1772047800,68983.3,69001.8,68789.9,68906.4,10.6165368,669
1772048700,68906.3,69088.9,68875.6,69038.9,24.85547993,678
1772049600,69039.0,69093.4,68650.0,68650.1,38.61062865,929
1772050500,68650.0,68863.3,68650.0,68828.7,17.05688812,635
1772051400,68828.7,69203.2,68807.0,69126.2,34.70462149,741
1772052300,69126.2,69377.0,69117.1,69174.1,45.77822702,1249
1772053200,69165.2,69233.8,68966.9,68985.2,20.55097223,708
1772054100,68985.2,69092.2,68838.9,68838.9,14.69643911,742
1772055000,68838.9,70000.0,68806.0,69248.9,121.43795783,2342
1772055900,69249.0,69249.0,68849.0,68947.7,34.07869172,1276
1772056800,68947.7,69211.4,68915.8,69090.0,44.17657434,919
1772057700,69090.0,69090.0,68862.4,68882.4,5.4422183,647
1772058600,68882.4,68900.0,68319.0,68422.3,44.11970375,1111
1772059500,68424.4,68526.3,68091.3,68463.0,38.68599932,903
1772060400,68435.9,68682.1,68215.9,68533.3,34.70433663,663
1772061300,68533.2,68533.2,68281.1,68306.0,23.99629405,559
1772062200,68302.5,68302.5,67620.0,67704.0,52.93112104,1047
1772063100,67684.2,67992.5,67671.8,67978.6,30.71139636,566
1772064000,67978.6,68155.4,67745.2,68148.5,8.67807049,859
1772064900,68148.5,68433.7,68133.7,68294.0,25.41577446,720
1772065800,68294.0,68525.7,67994.0,68198.8,23.69658506,858
1772066700,68198.8,68362.8,68142.3,68349.6,14.68942682,667
1772067600,68349.6,68690.3,68229.5,68576.2,17.87427578,907
1772068500,68576.2,68595.9,68393.6,68393.7,4.0201514000000005,570
1772069400,68393.7,68546.8,68247.5,68367.0,7.97462876,636
1772070300,68366.9,68399.2,68246.7,68250.2,7.02924343,554
1772071200,68250.2,68267.3,67814.1,67864.5,10.26256232,1024
1772072100,67864.5,68147.4,67864.4,67949.1,10.72764414,498
1772073000,67949.1,68207.3,67949.0,68207.3,6.73982935,528
1772073900,68207.3,68335.2,68118.4,68280.5,4.22718967,488
1772074800,68275.7,68369.7,68061.5,68148.1,18.84405578,658
1772075700,68148.1,68177.9,68084.0,68119.8,1.8642216600000001,357
1772076600,68115.0,68277.4,68076.8,68267.7,11.335230580000001,497
1772077500,68246.0,68316.4,68195.1,68213.4,13.03904857,372
1772078400,68213.4,68599.8,68202.0,68516.3,4.21214653,615
1772079300,68516.4,68681.1,68426.0,68570.4,5.76252251,544
1772080200,68570.3,68855.4,68570.3,68743.4,10.26367173,670
1772081100,68743.4,68743.4,68593.0,68593.1,2.27626805,334
1772082000,68593.1,68593.1,68246.8,68308.4,5.36756702,567
1772082900,68308.4,68415.5,68141.8,68381.6,10.48092698,567
1772083800,68361.6,68434.6,68275.3,68422.0,2.7965784399999998,391
1772084700,68422.0,68497.8,68356.8,68439.9,3.87713474,378
1772085600,68439.9,68517.5,68313.0,68467.9,2.74925663,485
1772086500,68462.4,68462.4,68264.0,68264.0,13.05758618,464
1772087400,68264.0,68264.0,68123.4,68143.1,3.9640287599999997,397
1772088300,68143.0,68227.3,68074.8,68181.3,14.4412551,378
1772089200,68180.4,68257.2,68180.3,68211.0,1.7977977200000002,371
1772090100,68211.0,68281.0,68107.6,68178.3,2.4933754,399
1772091000,68178.2,68178.3,68000.0,68003.9,14.80395299,509
1772091900,68004.2,68004.3,67833.5,67833.6,6.00148557,492
1772092800,67833.6,68058.6,67824.1,68054.2,19.58348176,460
1772093700,68054.2,68235.9,67973.4,68040.5,2.43004058,401
1772094600,68040.5,68142.7,67946.9,67973.7,1.82573809,374
1772095500,67973.7,68113.5,67924.1,67924.6,2.03351418,313
1772096400,67945.1,68408.0,67945.1,68356.0,18.86382751,637
1772097300,68338.1,68338.1,68170.2,68179.2,8.00806092,379
1772098200,68179.2,68465.2,68152.6,68412.5,15.196842610000001,484
1772099100,68412.6,68632.7,68412.5,68591.7,24.550299159999998,581
1772100000,68591.9,68703.1,68509.0,68509.1,4.96933667,434
1772100900,68509.1,68533.2,68349.0,68349.0,8.77162264,376
1772101800,68349.0,68442.6,68287.7,68417.2,2.39605625,346
1772102700,68437.2,68447.9,68271.4,68308.7,3.38982137,355
1772103600,68308.7,68385.1,68275.7,68350.1,12.67241267,377
1772104500,68350.1,68350.2,68156.7,68156.8,4.45702721,355
1772105400,68156.8,68217.5,68083.2,68083.2,6.43714204,335
1772106300,68082.3,68082.4,67993.3,68037.3,5.7565855,388
1772107200,68037.3,68244.9,68037.3,68201.9,13.1293806,481
1772108100,68201.9,68281.6,68138.8,68151.3,11.9490044,444
1772109000,68147.7,68281.6,68092.2,68092.3,2.17984388,441
1772109900,68092.2,68218.8,68032.2,68156.1,16.81206006,455
1772110800,68156.1,68201.2,68008.1,68039.3,6.55060614,457
1772111700,68039.3,68146.0,67953.0,68146.0,14.52370133,517
1772112600,68165.5,68194.0,68000.0,68075.0,15.28150604,468
1772113500,68074.9,68182.0,67850.0,67924.4,28.13811084,628
1772114400,67908.9,68022.8,67676.0,67975.3,45.07890042,1182
1772115300,67975.3,68138.8,67833.7,68126.3,19.54046795,637
1772116200,68126.4,68263.0,67751.7,67819.4,45.926868999999996,1445
1772117100,67819.4,67819.4,67279.3,67692.3,104.09367604,2074
1772118000,67692.4,67738.3,67250.0,67399.2,38.36610711,1210
1772118900,67399.1,67399.2,66850.0,66991.8,111.80100702,2168
1772119800,66987.2,67462.7,66747.8,67349.7,53.2216069,1538
1772120700,67349.7,67590.8,67243.1,67374.2,18.538245749999998,962
1772121600,67368.7,67448.0,67077.0,67121.8,22.07650884,889
1772122500,67141.8,67553.4,67120.1,67460.4,31.14979727,883
1772123400,67460.4,67460.4,66935.3,67026.6,66.71590275,1114
1772124300,67026.3,67055.3,66513.0,66624.8,143.39872734,2073
1772125200,66624.8,66997.1,66602.0,66902.6,50.17725594,1020
1772126100,66892.2,67043.4,66745.5,66952.2,43.32722487,841
1772127000,66952.3,67000.2,66719.2,66738.9,18.88328448,639
1772127900,66739.0,66841.7,66636.4,66838.9,23.05435507,644
1772128800,66838.9,66871.3,66588.5,66753.4,23.35478154,820
1772129700,66753.3,67021.3,66753.3,66861.1,33.33403891,745
1772130600,66861.1,67350.4,66861.1,67275.2,54.63465266,1179
1772131500,67275.2,67348.4,67176.6,67297.8,30.304152339999998,644
1772132400,67305.6,67842.7,67282.1,67515.0,162.56512046,1618
1772133300,67514.9,67750.8,67492.6,67560.5,28.524909440000002,852
1772134200,67560.5,67698.0,67415.1,67489.9,21.73813527,736
1772135100,67489.9,67684.7,67489.8,67601.9,41.43503849,695
1772136000,67601.9,67825.7,67586.0,67690.3,63.39320062,866
1772136900,67686.4,67823.7,67560.9,67560.9,7.9743661999999995,619
1772137800,67561.0,67566.0,67327.6,67469.8,17.01963216,700
1772138700,67476.0,67476.0,67291.5,67395.2,28.68572846,854
1772139600,67415.0,67448.0,67137.3,67360.7,38.52287751,867
1772140500,67360.6,67498.0,67328.0,67476.6,27.9794958,600
1772141400,67476.6,67485.7,67373.9,67453.9,2.86083808,438
1772142300,67453.0,67570.3,67402.2,67452.7,6.95646029,503
1772143200,67452.8,67576.8,67419.4,67548.3,4.64111478,494
1772144100,67543.7,67543.7,67337.9,67425.8,3.75873221,456
1772145000,67425.8,67619.1,67425.7,67601.5,5.0409829,421
1772145900,67601.4,67627.2,67504.6,67590.7,16.35484331,376
1772146800,67590.7,67590.7,67404.7,67522.0,7.42292061,465
1772147700,67522.0,67621.7,67468.3,67590.1,3.63047876,332
1772148600,67570.2,67651.5,67499.2,67509.7,19.37898739,504
1772149500,67509.7,67509.7,67429.8,67461.5,3.28002763,349
1772150400,67484.2,67546.9,67311.9,67361.8,19.68978105,567
1772151300,67361.8,67383.8,67191.0,67304.2,64.19315442999999,571
1772152200,67304.3,67304.3,67063.1,67129.2,5.6269317,615
1772153100,67129.2,67270.8,67021.4,67224.2,12.35967148,549
1772154000,67224.2,67245.5,66881.8,66998.7,11.48237847,841
1772154900,66998.8,67149.0,66980.5,67060.5,4.45567814,520
1772155800,67060.5,67295.3,67048.4,67171.6,11.0978564,578
1772156700,67171.6,67376.1,67139.8,67357.9,6.47405428,485
1772157600,67357.9,67470.5,67315.5,67331.5,3.73877993,555
1772158500,67326.3,67525.5,67292.4,67408.1,34.09452735,577
1772159400,67408.0,67528.1,67371.2,67440.6,4.49395828,402
1772160300,67440.6,67479.2,67283.4,67283.4,5.4265057599999995,471
1772161200,67269.2,67284.7,67139.8,67164.2,5.02257237,377
1772162100,67164.2,67221.2,67113.8,67128.4,22.12323553,403
1772163000,67128.4,67394.2,67124.7,67394.2,7.43003357,415
1772163900,67394.1,67697.7,67343.6,67607.4,8.31121279,555
1772164800,67607.4,67960.7,67580.0,67901.8,18.9960113,864
1772165700,67908.6,68202.3,67896.9,67947.1,38.42072984,781
1772166600,67947.1,67960.4,67708.5,67756.6,7.10804354,494
1772167500,67756.5,67945.2,67700.1,67720.4,9.76559548,488
1772168400,67733.5,67910.2,67733.5,67874.6,3.02651493,435
1772169300,67874.6,67879.5,67692.1,67810.8,9.25052269,368
1772170200,67810.9,67868.4,67790.8,67849.9,1.60335272,304
1772171100,67849.8,67849.8,67692.1,67702.9,3.7193465199999998,262
1772172000,67720.4,67777.4,67655.8,67662.9,6.67253185,387
1772172900,67662.9,67702.4,67538.1,67597.9,5.7797032999999995,417
1772173800,67597.8,67770.1,67597.8,67753.7,4.31219191,363
1772174700,67753.7,67829.1,67653.6,67659.9,1.83102827,349
1772175600,67659.9,67719.0,67574.2,67660.5,4.62066728,456
1772176500,67660.5,67661.8,67505.0,67505.0,10.93771733,386
1772177400,67505.1,67628.4,67467.5,67535.2,6.75256402,456
1772178300,67535.2,67754.8,67526.6,67681.7,7.80293438,468
1772179200,67681.7,68033.0,67664.7,67895.7,18.59623182,616
1772180100,67895.7,67974.3,67871.4,67951.0,6.9986629,330
1772181000,67951.0,68007.7,67759.7,67921.0,41.34703659,603
1772181900,67921.0,68061.8,67906.1,67955.9,8.03744807,350
1772182800,67951.1,68042.7,67851.7,67972.8,5.33160396,490
1772183700,67972.8,68123.9,67914.0,68033.7,37.00738714,469
1772184600,68033.7,68033.7,67635.4,67635.4,31.4437582,503
1772185500,67635.4,67635.4,67298.9,67385.1,19.4821145,818
1772186400,67365.2,67418.4,66862.1,66862.1,26.65247582,1043
1772187300,66862.1,67048.3,66700.0,66805.5,50.53115014,1066
1772188200,66797.2,66941.0,66724.4,66832.2,35.822871989999996,575
1772189100,66832.2,66832.3,66587.7,66621.0,26.62370914,807
1772190000,66621.1,66783.2,66621.0,66716.3,47.42520459,701
1772190900,66710.7,66710.7,66390.2,66528.3,50.92370694,1131
1772191800,66528.4,66572.3,65984.1,66013.4,112.74968132,1710
1772192700,66042.5,66164.7,66001.9,66125.0,18.01396317,767
1772193600,66125.0,66203.7,65934.5,66000.9,32.5360664,892
1772194500,66000.9,66128.3,65910.2,65915.4,15.72842488,775
1772195400,65915.5,66042.2,65888.1,65920.8,3.75199343,628
1772196300,65920.7,65934.1,65748.0,65934.1,40.56356292,991
1772197200,65925.2,66158.4,65911.3,66064.5,42.735304649999996,938
1772198100,66054.5,66151.2,65957.9,66031.2,11.2458281,598
1772199000,66007.5,66058.3,65690.0,66058.2,60.65673572,1310
1772199900,66043.2,66345.4,66043.2,66287.1,43.70171495,966
1772200800,66287.1,66324.4,66180.3,66324.4,10.57088129,675
1772201700,66327.2,66327.2,66017.6,66152.0,41.16581855,860
1772202600,66152.0,66310.0,65803.1,65916.9,38.23675445,1142
1772203500,65904.5,65994.0,65722.2,65913.6,56.75153822,1030
1772204400,65894.2,66237.8,65861.4,66041.2,36.02770457,1297
1772205300,66041.2,66235.5,65911.1,66068.7,23.79638319,1162
1772206200,66104.4,66128.3,65875.1,66056.0,10.00444477,1001
1772207100,66075.7,66293.5,66072.0,66125.3,12.47315324,839
1772208000,66111.4,66130.6,65778.5,65925.0,37.04032901,1021
1772208900,65912.1,66061.0,65867.4,66010.9,23.57213076,699
1772209800,66010.9,66060.0,65723.3,65732.8,31.753714629999997,733
1772210700,65732.8,65790.0,65473.9,65488.6,140.25140055,1326
1772211600,65488.6,65656.9,65419.3,65438.2,27.0998592,816
1772212500,65438.3,65519.7,65201.0,65208.4,134.42952159,1484
1772213400,65208.4,65510.6,65114.7,65416.2,37.73448313,1199
1772214300,65416.1,65762.1,65379.5,65711.3,22.462563,946
1772215200,65711.3,65785.7,65523.8,65550.7,34.30358195,868
1772216100,65550.7,65611.9,65403.3,65587.6,39.81429946,705
1772217000,65573.5,65667.7,65528.8,65575.6,29.32460115,684
1772217900,65575.5,65575.6,65221.0,65307.8,23.13961107,840
1772218800,65307.8,65411.7,65183.0,65282.4,45.05648779,777
1772219700,65282.4,65407.1,65203.8,65350.8,20.372614679999998,743
1772220600,65350.8,65409.6,65224.7,65281.7,13.04825481,548
1772221500,65281.7,65454.0,65253.4,65393.4,27.05284837,569
1772222400,65393.4,65581.4,65393.3,65557.3,25.01331519,689
1772223300,65558.3,65629.9,65546.7,65575.5,10.78312787,646
1772224200,65575.5,65629.1,65468.2,65605.5,9.64214398,563
1772225100,65618.9,65652.2,65556.3,65586.5,3.086827,573
1772226000,65586.5,65707.1,65500.1,65563.9,9.04254437,637
1772226900,65563.9,65739.0,65563.9,65712.4,7.95437454,464
1772227800,65712.4,65712.4,65582.2,65611.2,27.27592847,601
1772228700,65614.2,65618.6,65403.5,65528.2,19.13868796,594
1772229600,65528.2,65553.2,65455.5,65541.9,27.279384190000002,549
1772230500,65541.8,65610.2,65455.7,65468.7,24.80138899,617
1772231400,65468.7,65565.8,64925.0,65565.8,98.03837743,1764
1772232300,65565.8,65668.0,65533.0,65633.1,31.05560756,567
1772233200,65633.1,65846.5,65561.2,65730.9,8.48766181,621
1772234100,65727.6,65894.9,65727.6,65880.4,8.88711384,559
1772235000,65880.4,65948.4,65827.2,65831.4,6.56220489,393
1772235900,65831.4,65897.5,65831.4,65869.7,3.78186364,394
1772236800,65869.7,66003.4,65825.6,65970.0,34.03440079,674
1772237700,65983.0,65993.2,65735.4,65768.9,28.79309465,525
1772238600,65770.4,65964.7,65737.1,65964.6,2.9779063900000002,385
1772239500,65964.7,65968.9,65895.6,65941.1,12.21562418,443
1772240400,65941.1,65966.7,65829.5,65859.6,2.07036842,495
1772241300,65858.4,65956.3,65831.8,65835.3,6.27229085,512
1772242200,65835.3,65844.5,65750.0,65785.9,6.55006203,413
1772243100,65785.9,65854.4,65768.7,65787.7,5.79240206,399
1772244000,65774.1,65916.3,65752.8,65881.1,5.03872137,575
1772244900,65881.1,65954.3,65881.1,65918.0,2.55073542,311
1772245800,65918.0,65981.0,65917.9,65960.7,14.93120351,258
1772246700,65960.7,66000.0,65960.7,65978.4,3.56663388,263
1772247600,65978.4,65978.4,65860.4,65871.7,17.53220933,485
1772248500,65871.7,65970.7,65871.6,65886.2,2.67702483,348
1772249400,65886.1,65917.3,65757.4,65784.7,2.08404978,399
1772250300,65782.8,65828.9,65782.8,65786.2,3.51289384,292
1772251200,65786.2,65808.9,65717.0,65739.7,3.48685759,323
1772252100,65739.7,65807.3,65655.6,65655.6,4.47715709,403
1772253000,65655.7,65673.5,65502.7,65636.0,4.870509950000001,518
1772253900,65636.0,65693.8,65611.8,65660.6,1.35562685,265
1772254800,65660.6,65709.6,65623.3,65709.6,0.79889097,275
1772255700,65709.6,65709.6,65638.5,65640.5,1.3444031300000001,201
1772256600,65640.4,65640.4,65519.5,65559.0,8.15413121,365
1772257500,65559.0,65561.5,65509.0,65561.5,1.51779168,257
1772258400,65578.9,65587.3,65480.0,65480.0,3.37172399,286
1772259300,65482.1,65482.1,64416.8,64548.8,85.39250807,2827
1772260200,64569.5,64569.5,63562.3,64029.3,162.37603811,3181
1772261100,64049.3,64076.2,63030.0,63247.9,88.88020963,2291
1772262000,63229.7,63812.2,63055.9,63745.3,80.85407253,1888
1772262900,63757.9,63872.8,63353.8,63516.6,44.70382417,1385
1772263800,63516.5,64320.4,63469.4,64077.7,67.79891158,1504
1772264700,64072.0,64072.0,63819.2,63819.2,30.36935549,847
1772265600,63819.3,63856.4,63567.1,63623.3,31.23219168,911
1772266500,63623.2,63805.0,63438.2,63651.0,31.64505312,882
1772267400,63647.5,63753.5,63547.0,63609.5,9.06154191,587
1772268300,63609.4,63690.6,63425.7,63468.0,26.96642649,708
1772269200,63468.0,63695.7,63384.2,63695.7,37.31008631,771
1772270100,63695.6,63921.8,63596.7,63860.3,11.55197289,799
1772271000,63847.1,63847.1,63573.4,63621.1,8.22825552,596
1772271900,63621.2,63714.4,63552.1,63673.2,9.56251309,559
1772272800,63669.1,63669.1,63490.7,63570.3,27.35230717,741
1772273700,63570.3,63955.8,63550.2,63830.0,30.84726218,903
1772274600,63830.0,64051.4,63830.0,63958.7,26.23041559,710
1772275500,63958.7,64017.5,63890.5,64009.1,27.15528443,563
1772276400,64009.2,64218.6,63977.8,64097.6,27.568470870000002,770
1772277300,64091.0,64293.6,64044.3,64249.1,9.55332596,637
1772278200,64249.1,64295.7,63997.1,64019.8,10.76241627,594
1772279100,64019.7,64070.1,63804.0,63845.7,10.155546789999999,658
1772280000,63845.8,63962.8,63845.7,63943.7,7.1396301,577
1772280900,63943.7,64085.9,63943.7,63998.3,3.57005742,518
1772281800,63998.4,64072.2,63998.4,64036.7,7.13287105,508
1772282700,64036.6,64051.5,63837.8,64011.7,5.70496871,544
1772283600,64011.8,64109.4,63912.2,64068.6,3.0775694000000002,647
1772284500,64068.5,64155.0,64000.0,64041.8,18.4905218,554
1772285400,64041.7,64111.8,63919.9,64053.0,16.19418725,696
1772286300,64058.3,65219.5,64058.3,65098.0,120.01233357,2138
1772287200,65107.1,65358.6,64778.0,64823.4,155.12516028,1715
1772288100,64820.3,64914.6,64667.2,64787.9,23.35949694,920
1772289000,64788.0,65142.2,64674.8,64936.8,132.31601007,1027
1772289900,64936.8,65018.7,64284.1,64446.5,54.69923241,1153
1772290800,64446.5,64596.2,64203.3,64213.9,16.84939843,1233
1772291700,64213.9,64834.0,64213.9,64769.7,32.52228994,970
1772292600,64769.6,65016.0,64665.1,64847.3,25.873823899999998,816
1772293500,64847.2,64894.0,64745.3,64855.5,5.33287088,596
1772294400,64855.5,64956.3,64688.4,64893.2,3.76659906,832
1772295300,64892.2,64993.8,64765.5,64947.0,77.90333023,870
1772296200,64946.9,65191.9,64900.0,65164.3,15.11183793,681
1772297100,65164.3,65191.7,65021.7,65102.5,3.60096936,619
1772298000,65102.5,65102.5,64945.0,64945.1,11.90778877,539
1772298900,64945.1,65124.3,64912.1,65100.0,16.92402739,627
1772299800,65100.0,65173.1,64907.7,64968.1,26.14533902,720
1772300700,64968.2,65578.4,64863.6,65442.2,40.56473003,1019
1772301600,65442.2,65471.5,65284.1,65286.9,15.63041321,804
1772302500,65287.0,65350.7,65199.0,65209.5,56.04896172,681
1772303400,65209.5,65809.9,65209.4,65673.0,34.44959904,1118
1772304300,65673.0,66195.3,65640.4,65908.5,41.47796611,1288
1772305200,65908.6,65942.7,65604.3,65770.9,22.4499025,1014
1772306100,65770.9,65824.2,65668.8,65781.5,12.81144229,769
1772307000,65756.3,66652.3,65738.8,66356.3,132.31821433,2001
1772307900,66360.9,66636.4,66268.0,66372.3,44.29459018,1175
1772308800,66372.3,66620.4,66214.0,66576.9,19.03655692,962
1772309700,66576.8,67070.4,66491.1,66764.5,174.17817699,1747
1772310600,66751.1,66920.5,66644.4,66783.5,13.21284196,976
1772311500,66783.5,67131.8,66783.5,66972.6,88.65631336,1114
1772312400,66964.8,66996.4,66437.0,66572.0,31.91660998,1179
1772313300,66572.0,66587.2,66387.4,66478.6,22.88794403,761
1772314200,66478.6,67013.3,66418.6,66858.4,61.32731115,1106
1772315100,66858.4,66937.6,66556.5,66718.8,20.78343885,763
1772316000,66718.8,66981.0,66619.0,66939.0,18.38824142,840
1772316900,66942.7,67128.2,66885.2,67010.5,123.97407934,869
1772317800,67010.5,67725.2,66980.6,67352.4,189.12684449,1824
1772318700,67352.4,67615.1,67109.8,67130.5,19.39037938,1044
1772319600,67124.1,67220.5,66948.2,66961.9,51.37341974,847
1772320500,66961.8,67061.4,66900.2,66910.4,9.22309364,682
1772321400,66910.4,67003.7,66764.6,66897.0,16.96637465,671
1772322300,66897.1,67054.7,66897.1,66985.6,5.24673627,519
1772323200,66985.7,67117.8,66815.0,66919.3,13.12336533,686
1772324100,66919.4,67014.9,66768.9,66791.9,6.2266601999999995,513
1772325000,66791.9,66839.8,66644.5,66647.5,16.59488501,665
1772325900,66647.5,66862.3,66647.5,66823.4,8.27284144,480
1772326800,66801.0,66801.0,66222.8,66295.1,50.80684766,1375
1772327700,66319.9,66448.4,66086.6,66357.6,26.39853092,921
1772328600,66357.6,66773.1,66313.4,66640.0,20.24770985,667
1772329500,66640.0,67683.9,66640.0,67346.4,70.40979342,2015
1772330400,67346.2,68178.4,67342.1,67865.1,162.83225684,2500
1772331300,67882.5,68082.5,67643.4,67763.5,11.94960557,1093
1772332200,67763.5,68083.2,67672.3,68080.2,26.480891,919
1772333100,68080.2,68181.2,67635.4,67635.4,42.4952525,1103
1772334000,67635.4,67798.4,67627.3,67740.4,6.00450262,590
1772334900,67740.4,67758.1,67418.6,67566.1,5.57437758,784
1772335800,67566.1,67651.0,67458.6,67633.3,5.89815677,451
1772336700,67633.3,67674.5,67438.1,67509.8,18.38717967,705
1772337600,67509.8,67600.0,67303.4,67303.6,24.13344235,790
1772338500,67303.6,67336.1,67101.8,67333.1,3.9986023299999998,807
1772339400,67333.1,67432.1,67275.5,67411.4,5.78955012,533
1772340300,67411.4,67411.4,67303.8,67340.9,6.74277188,366
1772341200,67340.9,67440.7,67209.1,67329.2,10.42728564,701
1772342100,67329.2,67554.1,67329.1,67457.8,5.38746539,411
1772343000,67457.8,67554.1,67389.1,67389.2,3.09716071,404
1772343900,67389.2,67422.5,67289.7,67302.7,2.4796361399999998,320
1772344800,67282.9,67333.2,66924.9,67095.5,17.37962929,940
1772345700,67095.5,67151.3,66964.0,67055.4,12.2630671,555
1772346600,67050.2,67085.1,66820.7,66921.4,48.27747797,815
1772347500,66924.1,66962.6,66807.0,66935.7,3.91263256,390
1772348400,66935.8,67060.8,66793.3,67024.7,7.3394840199999996,579
1772349300,67024.7,67067.9,66971.6,66987.3,1.29348064,296
1772350200,66987.3,67215.9,66911.7,67113.9,17.43262413,577
1772351100,67114.0,67161.8,67092.4,67118.2,4.91154942,291
1772352000,67118.2,67273.0,66934.3,67273.0,6.44043035,558
1772352900,67270.3,67279.2,67143.0,67231.3,1.88999004,313
1772353800,67231.3,67250.3,67148.4,67158.4,2.58440464,365
1772354700,67158.3,67158.4,66465.0,66541.4,28.7869906,1304
1772355600,66550.0,66681.4,66381.1,66577.2,2.45857896,582
1772356500,66577.1,66779.6,66568.2,66636.3,8.021255889999999,476
1772357400,66609.4,66651.0,66285.6,66288.6,12.88985767,640
1772358300,66306.6,66428.3,66255.2,66395.4,18.51953911,605
1772359200,66412.4,66536.3,66239.2,66518.9,14.23841264,746
1772360100,66518.8,66585.4,66445.5,66552.6,3.51878175,341
1772361000,66552.6,66724.3,66398.5,66398.5,9.2925945,512
1772361900,66398.6,66525.1,66396.5,66466.9,1.57156301,312
1772362800,66467.0,66537.3,66447.8,66500.9,5.74385375,422
1772363700,66501.0,66651.7,66500.9,66563.0,7.53357374,523
1772364600,66563.0,66570.5,66388.1,66388.1,2.28091127,411
1772365500,66388.1,66495.4,66388.1,66470.5,1.85704813,270
1772366400,66470.5,66543.5,66446.9,66517.6,5.494669389999999,324
1772367300,66517.5,66540.7,66429.7,66429.7,3.27192129,348
1772368200,66429.8,66495.5,66245.9,66483.9,10.865985199999999,553
1772369100,66483.9,66489.6,66301.8,66314.1,1.81844914,374
1772370000,66314.2,66414.6,66233.2,66336.4,3.32938049,470
1772370900,66319.6,66393.0,66148.4,66326.4,12.22249151,639
1772371800,66326.3,66386.7,66246.5,66353.1,19.80516054,472
1772372700,66353.2,67394.0,66353.1,66948.2,40.112953499999996,1671
1772373600,66948.2,67289.7,66852.6,67110.6,21.3175566,1154
1772374500,67091.0,67118.2,66788.6,66922.0,6.26046359,842
1772375400,66922.0,67028.9,66767.3,66809.5,5.65699278,712
1772376300,66831.0,66962.3,66788.2,66873.3,2.59009019,424
1772377200,66873.4,67111.7,66837.1,67111.7,8.81376453,861
1772378100,67111.7,67230.6,67010.3,67076.8,11.62430518,776
1772379000,67076.8,67219.8,67076.8,67195.7,7.82492335,609
1772379900,67198.8,67250.0,66831.1,66844.0,25.101025879999998,890
1772380800,66844.0,67010.1,66708.2,66959.9,32.63602848,912
1772381700,66959.8,67100.7,66828.3,67027.3,28.12254211,765
1772382600,67027.3,67056.1,66842.1,66844.1,6.4913182,573
1772383500,66844.1,66844.1,65850.0,66137.6,191.05699433,2552
1772384400,66137.6,66227.2,66008.3,66127.6,29.30366124,969
1772385300,66127.5,66127.5,65740.6,66019.4,13.71653748,1163
1772386200,66019.4,66122.0,65948.9,66022.3,14.21360093,636
1772387100,66022.3,66123.3,65948.9,65986.2,18.54058944,879
1772388000,65986.3,66580.5,65986.3,66400.9,61.28455682,1187
1772388900,66400.8,66655.3,66374.2,66419.9,12.168458020000001,743
1772389800,66419.9,66448.6,66253.8,66372.0,21.90646485,758
1772390700,66372.0,66428.1,66254.9,66322.0,34.5608062,589
1772391600,66322.0,66354.2,66075.5,66075.5,42.07954263,736
1772392500,66075.5,66125.9,65968.1,66018.9,8.16491675,511
1772393400,66018.9,66102.5,65794.2,65813.1,30.25057263,905
1772394300,65813.1,65993.3,65813.1,65965.8,4.96439502,468
1772395200,65965.7,65965.7,65430.0,65446.6,133.02329948,1409
1772396100,65464.2,65599.8,65339.2,65339.2,28.14693279,887
1772397000,65337.9,65356.2,65100.0,65261.5,41.08829864,1388
1772397900,65255.3,65392.6,65207.2,65296.0,11.51079204,762
1772398800,65296.1,65546.7,65296.0,65517.6,10.50822387,720
1772399700,65517.5,65680.3,65481.0,65604.0,7.95928489,675
1772400600,65603.8,65699.4,65549.1,65662.2,4.47853134,484
1772401500,65662.2,65746.9,65581.6,65686.2,3.3407286099999998,488
1772402400,65686.2,66499.9,65539.3,66042.8,93.63971631,1301
1772403300,66042.7,66190.6,65786.3,65885.5,13.11668219,918
1772404200,65885.5,65957.0,65124.1,65383.5,90.48916134,1893
1772405100,65395.9,65396.0,65056.4,65225.6,103.84885915,1140
1772406000,65229.1,66109.4,65111.2,65815.4,86.5555333,1559
1772406900,65815.3,65887.6,65622.0,65625.1,10.96968459,782
1772407800,65625.1,65861.5,65620.8,65773.1,1.83755847,512
1772408700,65773.1,65864.3,65671.0,65748.8,2.72156955,546
1772409600,65764.3,66208.8,65763.9,66008.5,26.02820297,1130
1772410500,65989.1,66049.7,65796.0,65929.6,8.09566862,709
1772411400,65929.7,66581.6,65929.7,66581.6,12.25456978,893
1772412300,66588.6,66777.0,66461.9,66514.5,22.29430222,1035
1772413200,66510.4,67056.2,66394.0,66924.0,55.75977704,1198
1772414100,66924.0,66998.8,66508.6,66561.6,18.68700081,682
1772415000,66561.6,66691.3,66546.1,66580.4,3.80281639,519
1772415900,66580.5,66654.0,66444.1,66542.7,9.23521867,572
1772416800,66542.8,66612.7,65903.7,66097.4,62.66261494,1221
1772417700,66097.3,66263.6,66050.9,66202.6,8.65290014,619
1772418600,66202.6,66444.8,66180.3,66320.5,35.53346078,620
1772419500,66320.5,66389.8,66240.0,66284.3,4.39384895,481
1772420400,66284.3,66599.9,66107.6,66498.2,24.23843635,758
1772421300,66498.1,66844.6,66478.1,66776.6,17.39941574,688
1772422200,66776.4,67029.4,66707.1,66885.5,14.15272403,666
1772423100,66885.6,67007.5,66806.3,66818.7,7.9070612,639
1772424000,66818.7,66830.8,66675.4,66751.1,7.38880642,727
1772424900,66751.0,66934.4,66673.4,66928.5,20.0301546,667
1772425800,66928.5,66962.6,66774.1,66812.9,16.22819144,613
1772426700,66812.9,66843.1,66636.6,66843.1,13.22892948,585
1772427600,66843.1,66884.1,66588.4,66719.9,13.40496282,655
1772428500,66719.9,66807.2,66613.4,66682.4,7.78694709,649
1772429400,66682.4,66998.0,66682.4,66976.3,20.60972332,631
1772430300,66978.0,66978.0,66693.1,66715.2,5.45033521,693
1772431200,66715.2,66735.1,66524.6,66612.1,7.72611114,801
1772432100,66612.2,66632.3,66080.1,66279.8,14.50124709,836
1772433000,66279.8,66312.8,66200.0,66269.4,4.13086915,404
1772433900,66269.3,66269.3,66071.1,66215.1,5.58190825,412
1772434800,66215.1,66215.1,65623.8,65681.9,19.43583801,911
1772435700,65693.8,65839.1,65559.6,65806.0,5.28992808,530
1772436600,65806.0,65968.0,65786.8,65948.0,6.7320901200000005,412
1772437500,65948.0,66002.1,65906.0,66002.1,9.18868543,399
1772438400,66002.5,66047.3,65679.4,66047.3,17.80733949,741
1772439300,66047.3,66103.4,65675.9,65731.5,15.41399908,1068
1772440200,65731.5,66010.6,65731.5,65990.1,2.94073106,360
1772441100,65990.1,66299.4,65990.0,66264.0,38.05907324,631
1772442000,66283.0,66476.7,66215.3,66399.9,9.30903846,634
1772442900,66398.0,66708.3,66398.0,66402.4,17.19630148,798
1772443800,66402.3,66538.5,66338.7,66393.2,7.49323457,543
1772444700,66393.2,66393.3,66182.2,66182.2,4.24403037,524
1772445600,66182.3,66339.2,66102.9,66147.0,3.26065764,727
1772446500,66138.7,66238.5,66138.7,66238.5,4.25850314,433
1772447400,66245.9,66371.7,66161.3,66271.7,5.94045179,566
1772448300,66271.8,66299.6,66139.4,66299.6,11.47954182,541
1772449200,66310.0,66310.0,66042.6,66089.8,21.21671249,692
1772450100,66089.8,66219.7,66039.9,66076.7,8.984913200000001,683
1772451000,66060.5,66349.7,66023.6,66305.4,7.586854160000001,501
1772451900,66305.4,66466.2,66249.9,66343.0,10.6313878,582
1772452800,66343.0,66382.7,66269.7,66339.9,4.71621609,568
1772453700,66339.9,66339.9,66100.0,66131.7,2.52636632,499
1772454600,66131.7,66131.7,65970.6,65977.9,12.24548253,692
1772455500,65977.9,66048.0,65920.1,65955.8,5.33475266,499
1772456400,65955.9,65973.1,65794.4,65831.9,2.76669209,766
1772457300,65831.9,66113.4,65758.4,65785.6,9.77546349,715
1772458200,65792.9,65912.6,65517.8,65584.9,84.87703994,1177
1772459100,65584.9,65625.7,65345.7,65432.5,67.74372133,941
1772460000,65432.6,65600.1,65269.2,65539.5,27.07714029,923
1772460900,65539.5,65635.2,65370.4,65575.1,43.93460263,948
1772461800,65575.2,66655.7,65563.0,66609.3,171.12649832,2253
1772462700,66633.5,67225.0,66503.4,67148.2,149.55680507,2510
1772463600,67148.2,68436.1,66979.6,68408.8,375.38423689,3799
1772464500,68408.9,68789.4,68262.6,68534.0,189.25222925,3094
1772465400,68547.8,69542.0,68457.6,69517.1,158.56091373,3284
1772466300,69517.1,69603.1,68782.0,69119.7,104.31215943,2616
1772467200,69126.8,69777.0,68946.5,69677.9,135.97948407,2349
1772468100,69679.3,69753.6,69311.4,69390.0,102.18641949,1784
1772469000,69390.0,69879.2,69091.7,69873.2,113.38353136,1796
1772469900,69865.1,70100.0,69422.6,69423.5,86.37698647,1892
1772470800,69423.5,69568.8,69273.7,69445.0,46.63616957,1349
1772471700,69445.0,69564.6,69197.4,69440.3,24.31228612,1060
1772472600,69429.6,69446.4,68806.3,68850.0,36.33204455,1433
1772473500,68849.8,69188.7,68804.8,69184.4,19.16580764,1595
1772474400,69184.4,69184.4,68755.2,69180.5,39.389127,1177
1772475300,69186.2,69195.0,68982.9,69095.6,27.40572952,929
1772476200,69095.6,69253.2,68956.7,69116.9,16.23598528,1019
1772477100,69129.0,69177.5,68838.9,68879.0,32.92774327,1042
1772478000,68879.1,68948.6,68578.4,68750.4,70.48367646,1189
1772478900,68750.4,68956.0,68750.4,68837.2,7.9849454600000005,702
1772479800,68837.2,69045.6,68750.0,68798.8,25.81316889,831
1772480700,68798.7,68996.2,68783.0,68956.3,17.28127662,689
1772481600,68964.9,69209.7,68600.1,68730.3,30.62485286,1259
1772482500,68730.2,69070.6,68677.2,68969.4,7.7763146,919
1772483400,68957.9,69232.3,68919.7,69232.3,28.72567995,831
1772484300,69232.3,69514.6,69096.3,69132.1,58.70872063,1560
1772485200,69105.9,69299.6,69013.6,69299.6,48.58739867,946
1772486100,69299.6,69436.2,69189.8,69436.2,16.72338779,768
1772487000,69436.2,69461.0,69349.8,69447.1,8.69218248,818
1772487900,69452.4,69533.3,69389.1,69422.5,12.40857454,836
1772488800,69420.7,69505.9,69246.3,69253.3,8.94354968,838
1772489700,69253.3,69385.1,69166.3,69379.7,9.349426300000001,863
1772490600,69379.7,69437.1,69303.7,69417.4,9.68816503,881
1772491500,69421.8,69432.4,69269.6,69432.1,34.91651393,1007
1772492400,69432.1,69485.9,69224.4,69224.4,10.73089815,818
1772493300,69224.4,69257.0,68988.9,69022.6,22.61869563,933
1772494200,69022.5,69022.5,68781.4,68791.0,16.02834862,921
1772495100,68791.1,68959.1,68753.0,68808.4,12.80312018,640
1772496000,68810.8,69000.0,68764.4,68812.9,6.4451751900000005,759
1772496900,68812.9,68877.5,68665.7,68781.7,6.48109102,631
1772497800,68784.4,69145.2,68695.9,69105.0,19.85820791,837
1772498700,69105.1,69167.4,68919.8,69096.4,4.51186932,506
1772499600,69096.5,69236.5,68939.6,69146.1,5.52822079,626
1772500500,69132.8,69132.8,68881.7,68900.1,24.26167482,715
1772501400,68900.1,69035.0,68764.7,69015.5,7.74339188,707
1772502300,69015.5,69022.9,68748.3,68748.3,2.74745342,506
1772503200,68748.3,68748.3,68416.5,68587.5,41.83112922,1164
1772504100,68591.6,68639.9,68233.8,68431.9,15.79700856,914
1772505000,68438.4,68509.4,68380.0,68436.1,2.83964523,467
1772505900,68436.1,68621.3,68436.1,68527.6,8.0943003,541
1772506800,68515.1,68527.7,68327.6,68439.8,5.02284344,553
1772507700,68439.8,68457.6,68238.7,68404.2,12.05411847,550
1772508600,68404.2,68520.5,68351.1,68404.1,5.9067909400000005,483
1772509500,68404.1,68410.5,68304.9,68367.8,17.15472597,364
1772510400,68367.8,68444.8,68328.6,68362.1,1.88180908,468
1772511300,68362.0,68404.0,68283.5,68298.4,9.41031379,474
1772512200,68298.4,68373.5,68177.0,68184.1,5.25439851,481
1772513100,68184.0,68184.1,68058.6,68112.7,9.82990958,428
1772514000,68112.7,68356.5,68028.2,68356.5,7.68357161,617
1772514900,68356.4,68553.5,68311.9,68409.5,24.84060145,688
1772515800,68402.8,68402.8,68062.9,68085.1,10.75757018,622
1772516700,68084.6,68104.6,67854.8,67941.5,24.97184843,803
1772517600,67941.5,68021.1,67838.0,67937.6,16.44310583,636
1772518500,67937.7,67978.7,67869.0,67886.8,4.8696445200000005,574
1772519400,67886.8,67986.7,67859.7,67986.6,12.08505001,557
1772520300,67986.6,68194.3,67808.0,68116.3,47.29937291,843
1772521200,68116.4,68153.0,67947.3,68153.0,42.19171479,672
1772522100,68153.0,68269.8,68080.0,68220.0,28.13915316,592
1772523000,68220.1,68220.1,68065.3,68194.3,2.9096187099999997,446
1772523900,68194.3,68225.9,68119.6,68146.9,11.58775997,398
1772524800,68162.6,68289.9,67973.4,67973.4,22.02254389,624
1772525700,68002.9,68076.3,67714.3,67760.7,116.84554217,889
1772526600,67760.6,67760.6,67310.0,67335.6,31.43317494,1175
1772527500,67337.8,67341.8,66911.6,66993.3,80.63817887,1515
1772528400,66993.3,67179.1,66890.0,67099.1,15.713489599999999,999
1772529300,67099.0,67117.2,66586.5,66613.3,25.86676119,1151
1772530200,66611.2,66675.8,66356.0,66534.3,43.391055279999996,1238
1772531100,66534.2,66654.2,66402.6,66633.6,15.89287417,863
1772532000,66633.7,66655.0,66469.3,66487.0,44.35203844,715
1772532900,66486.9,66674.8,66451.8,66524.2,34.33003005,681
1772533800,66524.1,66682.3,66463.6,66682.3,22.85954767,541
1772534700,66687.4,67001.0,66687.4,66823.7,40.85569853,1073
1772535600,66827.7,67050.9,66797.8,66946.0,40.27756351,1331
1772536500,66948.7,66972.4,66775.7,66821.4,5.78592319,735
1772537400,66821.4,67065.9,66808.1,67055.7,12.74287506,657
1772538300,67055.7,67142.1,66953.5,67014.3,8.15289325,614
1772539200,67014.3,67934.2,67014.3,67736.7,40.94696821,1526
1772540100,67734.3,67734.3,67402.8,67586.7,9.46872386,975
1772541000,67573.5,67584.3,67287.2,67318.4,16.15394438,935
1772541900,67331.7,67469.6,67246.9,67372.8,4.7469103200000005,723
1772542800,67372.9,67405.0,66978.6,66978.6,18.9861375,1028
1772543700,66978.6,67183.1,66973.2,67100.1,11.73456604,782
1772544600,67100.1,67100.1,66844.6,66872.6,10.7400706,1093
1772545500,66872.5,66944.1,66628.9,66922.6,17.66357786,1158
1772546400,66922.7,67234.8,66855.2,67157.3,50.16780865,1179
1772547300,67157.3,67319.6,67009.5,67122.0,15.10900611,1027
1772548200,67122.0,67557.5,66369.9,66434.3,147.25761721,2702
1772549100,66439.3,66779.0,66164.3,66556.1,83.16030845,2183
1772550000,66556.1,66875.8,66492.3,66831.8,22.48576961,1639
1772550900,66841.4,67000.0,66468.8,66814.0,54.71014209,1330
1772551800,66814.0,67821.7,66814.0,67520.1,164.57217854,2014
1772552700,67520.2,67800.0,67489.8,67717.1,36.1063732,1314
1772553600,67717.1,68623.4,67661.8,68459.9,112.22040723,2045
1772554500,68460.0,68979.1,68258.3,68826.2,28.39871948,1703
1772555400,68826.1,68826.1,67495.3,67702.6,78.61816637,1950
1772556300,67718.8,68460.0,67717.9,68165.8,62.61713331,1612
1772557200,68173.3,68228.5,67659.8,67927.7,291.81692669,1647
1772558100,67942.3,68277.3,67894.4,68251.0,79.79147515,1079
1772559000,68251.0,68251.0,67789.7,68161.3,13.30470621,948
1772559900,68161.3,68389.0,68009.0,68317.8,23.05861238,1010
1772560800,68317.9,68426.8,68009.7,68087.9,10.63110834,911
1772561700,68088.0,68590.8,68087.9,68470.6,37.38729399,942
1772562600,68470.7,68909.0,68446.8,68674.7,40.84979473,1153
1772563500,68674.7,68774.2,68544.9,68623.2,24.86854164,817
1772564400,68623.2,68685.9,68340.5,68631.3,10.04833592,866
1772565300,68625.4,68872.0,68500.4,68665.4,45.11463141,1058
1772566200,68665.4,68786.1,68368.7,68711.4,36.9265992,1225
1772567100,68695.3,68749.9,68450.6,68450.7,33.09738298,833
1772568000,68450.8,68500.0,68244.1,68257.0,24.62109651,918
1772568900,68244.1,68483.8,68155.6,68416.0,37.03563274,816
1772569800,68396.0,68575.0,68336.1,68478.6,9.19694456,671
1772570700,68478.7,68478.7,68097.1,68264.6,20.47237322,934
1772571600,68264.5,68264.5,67863.9,68032.7,23.68625208,878
1772572500,68032.6,68096.4,67833.9,67917.3,3.87530773,622
1772573400,67921.5,68054.4,67908.1,68035.8,3.72306881,543
1772574300,68035.8,68094.7,67981.5,68035.0,12.02465888,486
1772575200,68035.0,68504.8,68028.4,68311.4,54.07062615,1061
1772576100,68313.3,68392.2,68185.7,68266.7,3.54197276,590
1772577000,68266.7,68401.7,68205.5,68401.7,3.97767959,504
1772577900,68401.7,68420.3,68220.9,68305.6,11.86853304,526
1772578800,68312.3,68838.9,68252.3,68697.8,46.5491381,1007
1772579700,68697.7,68697.7,68441.0,68490.7,16.02236904,533
1772580600,68490.8,68577.5,68419.0,68472.1,3.5621910100000003,424
1772581500,68472.1,68505.1,68271.3,68336.7,27.3802736,633
1772582400,68336.7,68336.7,68099.9,68119.9,7.25268682,685
1772583300,68119.9,68421.5,68108.6,68301.3,2.4889768,520
1772584200,68301.3,68327.2,67886.0,67980.1,11.38586589,785
1772585100,67980.0,68259.4,67980.0,68116.7,17.95028002,604
1772586000,68116.8,68259.2,68070.1,68143.6,6.93038414,677
1772586900,68143.5,68328.6,67973.3,68265.0,13.652202579999999,575
1772587800,68264.9,68897.7,68213.5,68692.8,33.727687350000004,1052
1772588700,68710.5,68710.5,68386.1,68401.8,4.38679061,631
1772589600,68418.0,68431.4,68205.9,68235.1,11.02789743,626
1772590500,68235.1,68283.7,68070.9,68071.0,14.85615434,469
1772591400,68071.0,68141.3,68009.7,68137.6,18.65040588,447
1772592300,68137.5,68388.0,68118.1,68314.7,12.95161783,449
1772593200,68314.7,68348.0,68101.5,68294.8,3.12793255,506
1772594100,68281.2,68381.3,67975.8,67975.9,26.93971148,639
1772595000,67975.9,67990.1,67419.7,67571.9,45.73731729,1154
1772595900,67572.0,67739.6,67466.3,67738.0,19.88689309,525
1772596800,67738.0,67936.3,67586.3,67821.0,7.61902738,625
1772597700,67821.1,67849.2,67521.8,67612.9,22.59947227,552
1772598600,67602.4,67689.9,67481.4,67644.6,12.770922520000001,501
1772599500,67644.6,67826.9,67594.5,67795.3,11.19049185,394
1772600400,67795.3,67895.5,67692.0,67895.5,6.6008279,391
1772601300,67895.5,67936.3,67697.1,67803.8,11.57882104,454
1772602200,67803.8,68281.8,67750.3,68195.1,3.5194704999999997,510
1772603100,68195.2,68361.4,68133.2,68206.6,12.164001709999999,446
1772604000,68206.6,68219.6,68083.8,68198.3,14.66426405,425
1772604900,68191.1,68191.1,68045.1,68099.9,17.69349351,406
1772605800,68099.9,68650.0,68099.9,68640.9,48.29568443,824
1772606700,68641.0,68657.4,68461.1,68497.1,6.96974214,487
1772607600,68497.1,68605.5,68396.6,68396.6,6.8244227,481
1772608500,68396.7,68764.4,68355.6,68760.1,18.88335074,527
1772609400,68760.2,68955.0,68655.0,68954.9,30.33347346,792
1772610300,68954.9,69636.5,68888.5,69507.9,66.06080375,1904
1772611200,69504.8,69720.1,69367.9,69429.7,31.50722708,1442
1772612100,69429.7,69429.7,69142.6,69311.8,14.29807121,716
1772613000,69311.8,69920.7,69311.8,69893.2,40.92833807,903
1772613900,69893.3,71167.8,69893.3,71000.0,486.0445567,4727
1772614800,71000.0,71263.9,70726.1,71071.2,301.64331118,2511
1772615700,71071.3,71504.1,71071.3,71303.9,104.41893783,2426
1772616600,71304.0,71879.0,71220.8,71753.7,69.38570464,2473
1772617500,71760.1,71889.9,71362.1,71514.6,51.37187851,1483
1772618400,71514.6,71869.1,71448.1,71656.5,64.34366103,1527
1772619300,71656.6,71692.4,71359.8,71520.0,31.72947569,1237
1772620200,71520.1,71536.0,71300.0,71318.3,37.49181617,1170
1772621100,71318.3,71452.0,71212.3,71324.7,15.56896012,1005
1772622000,71328.0,71448.0,71212.4,71422.8,15.81076947,1027
1772622900,71426.5,71490.0,71208.5,71227.8,17.75137167,785
1772623800,71227.8,71309.3,70935.2,71093.8,27.20871602,1340
1772624700,71102.3,71217.4,70993.2,71124.9,16.2704779,963
1772625600,71124.9,71149.1,70832.4,70868.3,66.88053126,1294
1772626500,70868.2,70902.9,70628.0,70628.1,16.36932726,1030
1772627400,70628.1,71033.0,70604.1,70975.9,53.44702372,1152
1772628300,70975.9,71357.5,70903.0,71345.0,55.23424341,1184
1772629200,71345.0,71627.1,71293.9,71316.2,39.55294205,1305
1772630100,71316.3,71412.9,71233.0,71364.7,10.42193383,826
1772631000,71364.7,71521.5,71263.1,71428.4,23.858314189999998,925
1772631900,71428.3,71511.1,71321.2,71479.1,11.43759884,673
1772632800,71480.3,71832.2,71413.5,71795.9,35.92168213,1147
1772633700,71795.9,72000.0,71590.3,71755.9,113.25996787,1578
1772634600,71755.9,72600.1,71422.1,71442.8,247.68312353,3796
1772635500,71442.8,71791.5,71324.1,71604.3,102.02128672,2170
1772636400,71624.5,72283.3,71616.2,72025.4,128.86353511000002,2601
1772637300,72019.1,73000.0,72019.1,73000.0,211.69238714,2817
1772638200,72996.0,73127.7,72600.0,72717.7,148.58602566,2498
1772639100,72717.7,73500.0,72700.0,73429.7,189.01372226,2492
1772640000,73429.7,73553.0,72758.6,72853.1,205.28968477,2631
1772640900,72853.2,73050.0,72574.4,72974.2,72.04496223,1821
1772641800,72974.1,73334.1,72940.9,73200.0,47.3703963,1507
1772642700,73200.0,73464.7,73128.7,73348.6,45.28832753,1306
1772643600,73322.0,73733.9,73232.6,73595.0,104.27604374,1853
1772644500,73595.0,73782.0,72990.2,73081.4,133.95580418,1909
1772645400,73081.4,73290.3,73081.4,73166.1,34.50065199,1340
1772646300,73166.1,73421.0,73134.1,73271.0,57.97826229,1079
1772647200,73258.8,73430.7,72941.1,73072.0,37.86596985,1141
1772648100,73072.1,73462.1,73047.9,73450.9,51.09462452,1103
1772649000,73450.8,73561.7,73178.8,73561.7,24.63812134,1200
1772649900,73561.6,73726.0,73457.6,73697.5,20.40466065,1159
1772650800,73705.2,74044.0,73612.0,73909.8,79.31488006,2224
1772651700,73909.7,74062.1,73569.4,73582.2,46.87921075,1744
1772652600,73577.0,73892.0,73561.8,73756.2,33.20693269,1265
1772653500,73756.1,73809.0,73626.1,73651.6,34.60882931,1180
1772654400,73658.4,73742.0,73359.0,73463.1,41.09574902,1152
1772655300,73462.7,73624.1,73320.1,73500.1,21.51114828,1032
1772656200,73500.0,73597.9,73350.6,73537.3,36.26404264,1062
1772657100,73537.4,73567.4,73077.1,73077.1,39.85175257,1191
1772658000,73072.0,73166.9,72911.4,73099.0,65.8566724,1144
1772658900,73089.2,73248.4,72979.4,73198.6,20.86150444,959
1772659800,73198.7,73338.2,73107.6,73289.6,23.784712510000002,968
1772660700,73289.6,73350.0,73230.6,73345.7,34.12963303,783
1772661600,73345.7,73550.8,73282.2,73282.2,79.20810417,1026
1772662500,73282.2,73390.6,73235.6,73335.5,13.799268230000001,706
1772663400,73315.6,73334.3,72885.2,72936.7,25.84574414,984
1772664300,72936.7,72936.7,72635.8,72712.1,49.78061896,1054
1772665200,72712.1,72817.1,72664.0,72731.2,7.43362006,946
1772666100,72731.1,72875.7,72508.6,72557.9,20.47091385,1232
1772667000,72557.9,72771.6,72335.2,72769.6,32.18459032,1210
1772667900,72769.6,72843.2,72619.5,72684.8,14.70950842,825
1772668800,72684.8,72859.0,72582.8,72722.0,35.6147001,928
1772669700,72722.0,72978.3,72722.0,72867.2,33.26997674,1146
1772670600,72867.2,73010.0,72752.5,72916.6,10.28479092,895
1772671500,72916.6,73001.5,72745.0,72789.9,8.52902484,746
1772672400,72789.9,73300.0,72727.3,73157.6,46.27305482,1106
1772673300,73155.7,73237.0,72815.0,72947.6,22.00607919,860
1772674200,72958.4,72968.6,72623.4,72643.2,4.15568284,662
1772675100,72668.0,72706.9,72438.2,72531.5,18.41220539,869
1772676000,72542.1,72857.9,72542.1,72827.6,22.13876104,1033
1772676900,72825.4,72897.9,72685.0,72732.9,9.5419375,556
1772677800,72732.9,72732.9,72371.8,72372.1,11.02107454,737
1772678700,72372.1,72607.5,72372.1,72521.1,27.19667777,893
1772679600,72521.1,72767.2,72511.2,72640.0,10.52036869,982
1772680500,72640.0,72684.8,72510.3,72527.2,12.94163222,781
1772681400,72537.6,72547.2,72371.0,72383.1,6.22692391,577
1772682300,72383.1,72556.8,72383.1,72510.0,7.26182757,450
1772683200,72510.0,72732.7,72480.0,72670.9,6.73796505,645
1772684100,72670.8,72843.0,72610.2,72812.8,10.44159535,672
1772685000,72812.8,72991.3,72570.5,72969.5,24.62132024,965
1772685900,72956.1,73089.7,72723.2,72827.5,18.59293226,742
1772686800,72827.5,72917.5,72744.4,72831.1,18.50878673,672
1772687700,72831.1,72831.1,72484.1,72515.9,9.01075854,694
1772688600,72513.1,72597.2,72379.7,72434.2,16.30624949,769
1772689500,72434.2,72522.2,72271.5,72417.5,23.26271495,645
1772690400,72417.5,72457.5,72058.7,72169.7,28.66736087,1123
1772691300,72169.7,72536.2,72076.7,72402.6,14.412100970000001,678
1772692200,72402.6,72516.0,72320.7,72445.9,11.90730861,557
1772693100,72445.9,72666.9,72413.0,72562.9,10.14136066,467
1772694000,72562.9,72669.2,72454.3,72655.2,18.10660017,643
1772694900,72655.2,72669.8,72542.3,72545.7,20.46065763,463
1772695800,72545.7,72545.7,72203.1,72203.1,10.80200364,585
1772696700,72197.7,72249.9,71800.0,72067.6,61.38115422,1499
1772697600,72064.6,72091.7,71802.6,71854.8,39.10680605,871
1772698500,71854.8,72053.8,71793.4,71862.4,12.61220124,718
1772699400,71846.7,72225.1,71820.8,72215.5,15.62121776,694
1772700300,72199.5,72379.7,72134.0,72362.3,17.52981324,521
1772701200,72362.4,72771.6,72315.5,72645.4,32.07826026,1035
1772702100,72645.5,72725.8,72493.8,72704.0,8.66184705,654
1772703000,72704.0,72878.7,72500.0,72561.9,9.56814817,792
1772703900,72562.0,72637.8,72464.5,72612.2,4.17577216,497
1772704800,72611.9,72784.8,72543.4,72748.8,14.90778955,645
1772705700,72744.6,73436.9,72690.3,73186.3,81.14279066,1512
1772706600,73187.8,73526.4,73186.4,73341.6,159.14066363,2439
1772707500,73336.3,73585.9,73285.0,73416.9,11.93648005,841
1772708400,73417.0,73468.7,73082.8,73225.4,34.61576402,927
1772709300,73218.0,73218.0,72955.2,73144.9,13.16177677,704
1772710200,73144.9,73144.9,72805.2,72862.7,9.80119253,689
1772711100,72862.7,72946.0,72813.9,72925.2,26.49242068,580
1772712000,72929.8,73016.0,72693.1,72972.0,17.05370393,779
1772712900,72972.0,72975.8,72718.1,72818.7,3.6687873300000002,570
1772713800,72818.6,72950.5,72728.7,72918.3,7.90900152,483
1772714700,72918.3,73074.2,72911.1,72917.0,20.82498309,597
1772715600,72917.0,72936.6,72606.2,72685.6,29.30119562,857
1772716500,72687.5,72767.3,72357.4,72540.8,15.50643576,819
1772717400,72540.7,72552.6,72217.9,72517.4,23.64527912,1071
1772718300,72521.8,72702.1,72422.6,72467.6,39.96309026,1188
1772719200,72467.6,72630.1,72353.1,72630.1,12.69579089,718
1772720100,72630.1,72630.1,72450.0,72575.2,22.547091860000002,857
1772721000,72575.3,72880.1,71987.6,72005.8,173.64541686,1856
1772721900,72019.7,72772.8,71977.6,72619.7,158.71702576,1349
1772722800,72619.7,72772.9,71606.5,71824.0,99.05282484,1862
1772723700,71818.0,71908.5,71197.3,71292.1,174.92907317,1933
1772724600,71292.1,71658.0,71187.9,71471.6,174.84058204,1705
1772725500,71471.6,71772.9,71345.9,71647.3,30.51300865,1249
1772726400,71656.0,71656.0,70800.0,71015.3,90.33512788,2214
1772727300,71015.4,71116.2,70830.6,71001.0,322.20198106,1570
1772728200,71001.0,71627.9,71000.9,71375.9,173.8588404,1457
1772729100,71371.5,71400.0,71220.7,71322.5,115.17641047,918
1772730000,71322.5,71595.2,71043.8,71195.6,33.01895522,1198
1772730900,71195.5,71195.5,70918.3,70968.3,24.65283934,977
1772731800,70960.1,71009.9,70744.9,70873.0,147.96036159,1569
1772732700,70872.9,70958.0,70612.7,70704.9,105.94057033,1244
1772733600,70704.9,71041.1,70650.5,71027.0,36.80569346,1083
1772734500,71028.2,71054.5,70781.0,70820.3,33.68763346,831
1772735400,70821.1,71084.0,70821.0,70950.6,24.78444752,756
1772736300,70950.6,71016.2,70815.2,70989.4,7.30071181,642
1772737200,70989.4,71412.1,70989.4,71382.8,52.06196854,1189
1772738100,71382.9,71413.5,71072.1,71109.6,16.26696654,805
1772739000,71109.6,71162.4,70952.3,71030.5,26.06801146,866
1772739900,71010.6,71122.9,70892.7,70960.9,6.44443179,687
1772740800,70937.5,71098.8,70867.2,71095.6,6.34798572,895
1772741700,71095.6,71335.4,71088.8,71186.7,13.99525029,840
1772742600,71186.8,71379.2,71113.1,71139.0,27.99911865,789
1772743500,71139.0,71361.4,71027.5,71248.6,11.97503257,834
1772744400,71248.5,71348.6,71227.6,71311.9,4.32432261,547
1772745300,71311.8,71540.1,71309.4,71531.3,21.89475197,769
1772746200,71531.3,71555.0,71122.7,71204.2,33.37420512,781
1772747100,71204.2,71338.5,71041.9,71142.5,7.70442801,615
1772748000,71143.3,71241.0,71099.0,71180.7,3.9390533,492
1772748900,71177.9,71307.7,71072.2,71154.1,12.41354532,523
1772749800,71154.1,71361.7,71154.1,71253.1,5.150833619999999,424
1772750700,71274.6,71344.2,71222.5,71241.5,6.29615161,482
1772751600,71222.6,71276.5,71200.0,71211.5,3.9463858700000003,367
1772752500,71211.5,71307.6,71165.1,71217.0,12.963395349999999,469
1772753400,71217.1,71229.4,70852.2,70938.3,24.19891556,678
1772754300,70938.2,70938.3,70799.2,70877.4,29.32820703,796
1772755200,70877.4,71036.9,70842.1,71028.7,7.18987063,648
1772756100,71028.8,71036.3,70883.4,70904.8,12.96571292,596
1772757000,70904.8,70982.8,70899.4,70909.6,7.45073164,404
1772757900,70909.5,70989.4,70800.0,70954.8,1.93687925,421
1772758800,70974.8,71026.4,70800.0,70800.1,45.42242848,654
1772759700,70800.0,70882.6,70412.3,70452.1,147.1658052,1244
1772760600,70452.1,71174.0,70452.1,71159.8,17.15627037,871
1772761500,71159.8,71280.0,71082.5,71254.8,17.85051694,696
1772762400,71254.9,71381.1,71184.0,71336.2,4.50626392,777
1772763300,71336.1,71386.4,71041.9,71341.7,16.43902352,778
1772764200,71339.3,71352.8,71146.3,71336.3,27.58768929,497
1772765100,71336.3,71357.2,71193.0,71226.9,2.8222506899999997,394
1772766000,71227.0,71280.6,71042.8,71066.3,1.32163239,454
1772766900,71065.0,71250.5,71008.9,71167.3,9.016089,433
1772767800,71167.3,71219.6,71069.6,71112.5,1.71858544,414
1772768700,71106.2,71139.5,71032.9,71099.6,3.02153033,309
1772769600,71099.6,71121.4,70908.3,70915.2,14.36379089,509
1772770500,70915.2,70962.6,70874.3,70874.4,5.7000463,432
1772771400,70874.4,70941.7,70302.0,70530.0,23.95434257,1036
1772772300,70530.1,70615.2,70501.8,70615.1,9.42577933,513
1772773200,70615.2,70649.6,70400.1,70537.1,2.91095197,537
1772774100,70537.1,70631.0,70343.1,70407.8,24.79700686,535
1772775000,70408.0,70484.9,70183.6,70215.9,25.22535652,838
1772775900,70216.0,70484.8,70150.0,70433.7,29.76334402,699
1772776800,70433.8,70435.0,70259.9,70311.4,17.06788486,421
1772777700,70310.1,70498.9,70310.0,70431.5,5.59491765,325
1772778600,70431.5,70663.4,70391.1,70663.4,12.83911393,463
1772779500,70663.3,70833.1,70604.4,70604.4,8.4230084,482
1772780400,70604.5,70806.7,70477.1,70576.4,16.56475255,660
1772781300,70564.4,70884.5,70555.2,70872.3,21.27280257,445
1772782200,70872.4,71058.9,70872.3,71058.9,12.39237702,725
1772783100,71058.9,71178.7,71058.9,71081.9,12.59672256,549
1772784000,71082.0,71082.0,70900.0,70960.9,3.7701990100000002,604
1772784900,70956.9,70977.9,70851.2,70943.3,6.32187057,444
1772785800,70943.2,71028.1,70877.0,70933.6,6.35794967,416
1772786700,70933.5,70953.4,70753.6,70773.7,15.32572203,420
1772787600,70773.7,70800.5,70544.1,70567.7,6.28994275,492
1772788500,70567.7,70592.0,70384.2,70419.7,24.54571059,682
1772789400,70419.7,70551.6,70298.0,70549.5,15.03548915,817
1772790300,70549.5,70620.1,70446.9,70570.9,7.41406822,611
1772791200,70570.9,70707.0,70536.4,70652.4,13.6669654,553
1772792100,70669.0,70773.7,70646.3,70767.0,6.84467785,480
1772793000,70766.9,70773.7,70524.7,70541.0,4.41745911,412
1772793900,70557.9,70614.4,70484.7,70538.7,3.04377818,475
1772794800,70538.8,70598.1,70428.6,70551.7,3.9611696100000002,515
1772795700,70549.4,70580.1,70526.2,70570.4,9.68240066,348
1772796600,70570.3,70638.2,70389.1,70411.7,37.173647700000004,594
1772797500,70389.0,70389.1,70208.3,70229.0,18.92726638,573
1772798400,70229.0,70229.0,69820.6,69932.0,330.0715575,2283
1772799300,69932.0,70181.9,69931.9,70032.2,27.830341,854
1772800200,70028.0,70045.0,69738.7,69765.8,21.9316031,966
1772801100,69765.8,70052.0,69681.8,69939.0,13.97377935,898
1772802000,69939.1,70050.7,69912.1,70022.1,29.70236139,766
1772802900,70022.0,70202.0,69857.0,70093.8,11.17812946,970
1772803800,70082.0,70316.6,69784.8,70078.5,55.79983987,1700
1772804700,70078.5,70078.5,69228.2,69228.2,232.493096,2595
1772805600,69228.3,69257.0,68661.6,68843.7,271.09701638,3171
1772806500,68822.1,69092.0,68750.4,69000.1,49.80784418,1459
1772807400,69000.1,69077.0,68400.0,68740.3,265.62867319000003,2982
1772808300,68747.2,68896.8,68158.6,68409.7,249.49872031,2537
1772809200,68422.0,68641.0,68342.1,68612.1,94.4065456,1952
1772810100,68612.1,69020.9,68612.0,68867.0,23.06493137,1532
1772811000,68882.0,69101.0,68717.1,68767.5,26.37986679,1430
1772811900,68767.5,68767.5,68327.8,68522.3,48.781970460000004,1408
1772812800,68522.3,68788.7,68290.2,68357.1,23.36324255,1262
1772813700,68357.0,68552.0,68240.0,68550.7,35.71744414,1041
1772814600,68550.6,68687.6,68365.4,68580.8,12.59386155,938
1772815500,68580.8,68706.9,68360.1,68449.5,45.29364648,943
1772816400,68449.6,68646.2,68417.0,68417.0,10.92640152,873
1772817300,68417.1,68568.8,68218.9,68254.6,11.32772461,1058
1772818200,68254.6,68291.1,67748.0,67826.6,66.01266844999999,2108
1772819100,67826.6,68042.0,67826.6,67964.3,22.46659614,933
1772820000,67964.3,68361.5,67964.2,68341.9,19.45981076,1052
1772820900,68341.9,68417.0,68263.2,68280.3,15.28620704,801
1772821800,68280.2,68463.7,68280.2,68437.5,14.79221294,812
1772822700,68437.4,68468.2,68177.1,68177.2,10.08206006,813
1772823600,68177.2,68427.1,68177.2,68427.1,8.88780361,749
1772824500,68427.1,68460.0,68137.9,68190.5,21.75412876,1220
1772825400,68200.8,68299.9,68145.4,68162.1,14.07123926,900
1772826300,68162.0,68162.1,68006.0,68123.7,13.98275206,837
1772827200,68123.7,68267.0,68000.0,68018.3,14.06363263,747
1772828100,68018.4,68117.0,67777.0,67817.1,23.54444226,907
1772829000,67817.1,68042.0,67811.5,67981.7,16.03869996,798
1772829900,67981.7,68162.0,67981.7,68117.1,13.84392978,629
1772830800,68117.1,68181.6,68072.1,68147.6,32.88270019,644
1772831700,68147.6,68159.5,67942.0,68015.3,13.78936593,630
1772832600,68015.4,68230.4,67983.3,68230.4,14.99360982,549
1772833500,68230.4,68333.0,68200.0,68290.0,9.12340135,552
1772834400,68290.1,68350.0,68290.0,68311.5,10.62501954,453
1772835300,68300.2,68369.7,68250.1,68292.1,17.20824855,487
1772836200,68292.1,68409.4,68228.4,68369.1,23.43541524,499
1772837100,68369.1,68411.6,68297.2,68308.3,156.55585912,686
1772838000,68308.3,68327.0,68243.0,68326.9,5.61302736,428
1772838900,68327.0,68369.0,68297.5,68317.1,12.76081184,338
1772839800,68326.9,68333.7,68175.0,68222.9,4.74424783,424
1772840700,68236.9,68236.9,68103.0,68128.0,11.06977112,530
1772841600,68111.4,68262.6,68111.3,68209.5,13.04282997,574
1772842500,68209.6,68251.9,68118.4,68210.0,2.43132955,406
1772843400,68210.0,68383.8,68210.0,68297.1,1.67060955,429
1772844300,68297.0,68353.1,68284.2,68300.1,2.67906986,396
1772845200,68300.1,68352.0,68207.0,68235.3,1.86793122,394
1772846100,68235.2,68252.0,68190.3,68223.6,7.06837677,401
1772847000,68223.7,68259.4,68197.0,68255.0,0.87109856,398
1772847900,68255.0,68335.8,68254.9,68271.4,2.99032234,384
1772848800,68271.5,68285.8,68222.0,68252.0,2.46244192,371
1772849700,68252.1,68264.5,68106.6,68106.7,10.80016129,430
1772850600,68106.8,68193.5,68058.4,68175.9,2.94310363,361
1772851500,68161.4,68367.3,68161.4,68352.1,18.402994839999998,426
1772852400,68352.1,68541.5,68325.7,68514.4,15.12630006,690
1772853300,68514.2,68514.2,68222.9,68222.9,11.06500092,554
1772854200,68222.9,68257.7,68188.1,68191.6,1.44866354,336
1772855100,68186.0,68207.0,68112.6,68112.7,3.22912702,370
1772856000,68107.8,68110.7,67830.0,67947.9,19.19368982,830
1772856900,67947.9,68055.5,67947.8,68035.1,7.89944659,364
1772857800,68035.0,68149.2,67967.9,68137.3,4.72065525,302
1772858700,68137.2,68137.3,68072.0,68072.1,1.69967274,252
1772859600,68072.1,68128.7,67975.5,67997.0,11.69775218,372
1772860500,67997.0,68042.0,67922.1,68012.0,6.44083829,399
1772861400,68012.0,68083.7,67957.8,68083.7,5.725706860000001,253
1772862300,68083.7,68102.0,67982.1,67997.1,1.3664433599999999,241
1772863200,68010.3,68015.0,67955.9,67960.9,1.72425455,283
1772864100,67960.9,67970.7,67862.0,67862.1,27.14284466,369
1772865000,67862.1,67930.5,67777.1,67924.0,3.26134091,394
1772865900,67924.0,67951.1,67607.1,67691.9,55.40608912,747
1772866800,67692.0,67695.0,67440.8,67635.0,135.87849805,1087
1772867700,67634.9,67756.7,67608.1,67727.0,3.5281649,322
1772868600,67727.1,67778.6,67682.0,67778.6,1.33145694,299
1772869500,67778.6,67854.8,67775.4,67854.8,2.02041659,340
1772870400,67854.8,67854.8,67787.0,67847.4,2.10488193,277
1772871300,67854.8,68027.0,67854.8,67975.4,6.48882995,404
1772872200,67967.0,68012.0,67900.0,67914.3,3.9072569699999997,262
1772873100,67902.7,67922.0,67742.0,67802.0,6.28383317,326
1772874000,67802.0,67950.6,67743.7,67950.6,1.03426291,304
1772874900,67950.6,68055.7,67950.0,67950.0,9.04745808,328
1772875800,67950.1,68012.0,67950.0,67962.5,1.51714118,266
1772876700,67962.6,68026.9,67962.6,68008.3,0.84560048,234
1772877600,68008.3,68081.5,67972.7,68081.4,11.17118834,313
1772878500,68081.5,68081.5,67928.8,67952.0,39.49041904,368
1772879400,67962.1,67988.6,67922.0,67967.0,10.49168846,214
1772880300,67955.4,67980.2,67876.1,67876.2,1.7315185100000001,258
1772881200,67876.2,68187.7,67866.1,68177.1,25.86617396,451
1772882100,68189.3,68218.7,68110.6,68138.8,91.96610348,607
1772883000,68138.7,68147.0,68072.0,68117.0,2.93137641,286
1772883900,68117.0,68117.0,68027.0,68027.1,6.13126875,232
1772884800,68027.1,68072.0,67967.0,67985.0,0.84147372,285
1772885700,67984.9,68057.0,67984.9,68023.6,2.05177206,230
1772886600,68023.6,68025.3,67937.0,67937.0,1.15209577,202
1772887500,67937.1,68019.3,67895.5,67990.4,1.03225499,288
1772888400,67990.4,68048.5,67952.1,68042.0,16.15881139,340
1772889300,68042.0,68072.0,67982.0,67982.0,12.0355694,291
1772890200,67975.5,68048.7,67877.1,67892.1,10.66987304,469
1772891100,67892.0,67952.0,67880.0,67922.1,1.21013753,251
1772892000,67922.1,67922.1,67627.2,67739.1,7.565922319999999,623
1772892900,67739.2,67822.1,67720.0,67806.3,1.10523341,332
1772893800,67806.3,68081.3,67805.1,68027.0,5.77410088,464
1772894700,68027.1,68066.7,67985.6,68027.1,3.56762673,419
1772895600,68027.1,68027.1,67930.5,67940.0,5.82311529,428
1772896500,67934.1,67976.5,67863.3,67951.9,41.37471998,487
1772897400,67952.0,67999.9,67800.0,67822.3,27.17120997,541
1772898300,67822.2,67907.0,67791.4,67892.1,3.2882947000000002,385
1772899200,67892.1,67892.1,67810.1,67886.0,5.83371526,389
1772900100,67882.0,67882.0,67772.0,67790.0,2.31660215,421
1772901000,67787.1,67831.1,67720.6,67773.7,1.06581104,331
1772901900,67773.8,67822.6,67773.7,67810.1,10.38291671,339
1772902800,67810.1,67854.6,67793.4,67845.7,1.9173556,393
1772903700,67845.7,67937.0,67830.3,67877.1,4.46220539,357
1772904600,67877.1,67888.4,67871.7,67888.4,1.68203882,267
1772905500,67888.4,67888.4,67779.9,67780.0,10.25258094,290
1772906400,67780.0,67780.0,67508.7,67630.1,19.0811569,722
1772907300,67630.1,67696.9,67588.2,67642.8,4.27355843,473
1772908200,67645.1,67652.0,67506.2,67652.0,6.31753927,532
1772909100,67656.7,67656.7,67562.0,67580.1,5.66565235,356
1772910000,67580.1,67580.1,67513.6,67513.6,8.68930712,426
1772910900,67513.6,67541.7,67198.5,67220.5,77.98937395,1326
1772911800,67220.6,67335.4,67200.0,67223.0,25.52823516,867
1772912700,67222.9,67264.6,66962.1,67098.4,177.88824687,1509
1772913600,67098.4,67285.7,67098.3,67248.7,60.229856840000004,704
1772914500,67248.7,67292.5,67210.0,67271.9,3.74706087,434
1772915400,67262.1,67413.3,67262.0,67411.1,7.39739373,358
1772916300,67411.0,67426.4,67322.1,67397.1,2.09411245,361
1772917200,67397.1,67470.3,67360.1,67412.1,5.80846403,443
1772918100,67412.1,67486.7,67404.0,67477.2,1.01562689,304
1772919000,67477.2,67477.2,67283.8,67373.0,2.81517545,414
1772919900,67373.0,67454.6,67310.5,67454.6,1.23380154,382
1772920800,67454.1,67464.0,67339.2,67339.2,2.13487361,413
1772921700,67339.3,67355.0,67270.2,67273.1,17.93688909,458
1772922600,67273.2,67303.8,67122.8,67262.2,18.62266991,594
1772923500,67250.1,67349.1,67235.5,67249.7,1.94001331,348
1772924400,67249.8,67376.9,67187.1,67331.7,3.03275204,446
1772925300,67331.8,67391.9,67322.1,67375.6,1.12779067,328
1772926200,67375.7,67392.6,67322.0,67325.1,1.73085273,254
1772927100,67325.1,67325.1,67243.3,67270.1,34.81946346,353
1772928000,67270.1,67450.0,67270.0,67412.0,17.98166629,337
1772928900,67412.1,67472.0,67331.7,67350.7,2.3849371,353
1772929800,67350.8,67350.8,67262.0,67299.5,21.86754716,407
1772930700,67312.9,67313.0,67174.1,67202.1,31.10788492,522
1772931600,67202.1,67292.0,67174.0,67262.0,12.62166294,396
1772932500,67262.0,67314.5,67237.6,67237.6,2.0653315,310
1772933400,67237.5,67300.0,67104.5,67300.0,13.62297911,408
1772934300,67299.9,67349.1,67290.8,67295.7,3.63461343,257
1772935200,67295.7,67295.7,67225.3,67292.0,9.50999707,354
1772936100,67298.6,67345.6,67217.1,67222.9,6.46431946,323
1772937000,67222.8,67409.4,67118.5,67408.7,16.10133114,509
1772937900,67404.7,67404.7,66831.1,66916.6,22.51393713,1210
1772938800,66916.7,67013.2,66858.0,66975.0,14.56406208,661
1772939700,66975.1,67076.7,66975.1,66997.8,1.84286282,371
1772940600,66998.9,67028.8,66950.0,66992.0,20.60500312,435
1772941500,66992.0,67058.0,66990.3,67006.9,5.01492463,331
1772942400,67002.0,67066.9,66947.1,67015.2,2.83636093,375
1772943300,67015.1,67092.9,66977.2,67015.1,4.07504362,277
1772944200,67007.1,67007.1,66917.1,66955.5,2.2452183100000003,252
1772945100,66955.5,66955.5,66562.3,66639.0,47.69629628,1126
1772946000,66637.9,66965.0,66625.9,66964.9,2.68338373,402
1772946900,66965.0,67175.6,66964.9,67131.9,10.33649845,295
1772947800,67131.9,67200.0,67094.0,67188.2,2.36259067,170
1772948700,67188.2,67238.8,67129.9,67148.4,7.5274189300000005,193
1772949600,67148.4,67218.4,67089.4,67098.4,2.70302665,298
1772950500,67098.4,67158.3,67050.1,67052.2,4.07317256,275
1772951400,67052.3,67137.7,67050.0,67130.7,1.71903442,220
1772952300,67130.6,67208.0,67128.7,67166.9,2.31306212,283
1772953200,67167.0,67405.9,67166.9,67382.0,7.22213172,408
1772954100,67382.0,67438.2,67290.3,67361.8,13.1724801,474
1772955000,67359.0,67362.4,67297.1,67315.5,8.37127924,270
1772955900,67315.5,67322.0,67260.5,67317.7,4.15956229,251
1772956800,67311.8,67358.1,67243.7,67247.1,6.90955225,408
1772957700,67247.1,67282.0,67175.5,67273.6,3.8132649,345
1772958600,67273.6,67538.6,67232.1,67500.0,18.44480201,438
1772959500,67487.1,67557.5,67457.0,67548.5,3.80160884,351
1772960400,67548.6,67818.4,67487.0,67785.2,10.41880959,628
1772961300,67772.0,67891.9,67713.3,67822.6,6.44089056,452
1772962200,67832.0,67839.4,67727.0,67727.2,82.48964323999999,391
1772963100,67727.2,67727.2,67700.1,67712.0,15.71066871,273
1772964000,67700.1,67873.0,67700.1,67873.0,13.79102247,343
1772964900,67873.0,68177.4,67869.0,68046.6,77.53289412,816
1772965800,68046.6,68057.0,67945.9,67946.0,5.52607383,343
1772966700,67950.5,67950.5,67877.0,67893.7,10.76783566,267
1772967600,67893.6,67893.8,67465.2,67562.0,10.53667353,871
1772968500,67562.0,67712.0,67562.0,67675.0,10.98346819,416
1772969400,67672.7,67779.5,67427.0,67501.9,6.501089110000001,544
1772970300,67501.9,67543.9,67432.2,67528.5,8.07970402,410
1772971200,67528.5,67634.7,67000.0,67038.3,18.51740933,978
1772972100,67038.1,67437.8,66905.3,67430.1,64.09514866,842
1772973000,67430.0,67471.9,67307.1,67418.1,56.27418508,523
1772973900,67408.0,67408.0,67307.0,67322.1,2.8829458,318
1772974800,67322.2,67423.0,66973.1,66973.1,17.55443153,793
1772975700,66973.2,67178.1,66830.4,67158.0,33.6983521,884
1772976600,67158.0,67158.0,66823.5,67044.5,14.54365846,660
1772977500,67044.6,67279.2,67044.6,67235.9,5.0889833,541
1772978400,67235.9,67373.1,67196.4,67306.9,5.32242592,471
1772979300,67299.2,67414.8,67250.0,67262.0,6.25870013,607
1772980200,67262.0,67367.0,67071.6,67124.5,10.8654969,611
1772981100,67125.7,67322.0,67047.9,67322.0,2.38093486,466
1772982000,67327.9,67349.8,67215.2,67337.0,10.18348937,538
1772982900,67343.6,67353.7,67154.6,67184.5,4.81104487,429
1772983800,67184.5,67230.9,67133.4,67162.2,4.72964819,377
1772984700,67147.5,67221.4,67088.6,67210.0,2.68161756,375
1772985600,67210.0,67247.0,67093.0,67106.0,2.7095212,387
1772986500,67106.0,67149.5,67050.1,67128.1,10.89370798,372
1772987400,67128.1,67128.1,66838.9,66993.7,44.98545526,826
1772988300,66993.6,66993.6,66786.8,66871.0,30.26164905,727
1772989200,66871.0,67161.4,66800.0,67116.0,139.8891896,826
1772990100,67127.2,67155.0,67056.6,67066.6,11.28382584,440
1772991000,67066.6,67109.9,66963.3,67050.5,7.35589676,443
1772991900,67050.6,67121.3,66954.6,67032.4,12.31564918,432
1772992800,67037.6,67050.6,66909.4,66918.6,7.42127005,501
1772993700,66917.8,66982.6,66771.8,66937.4,11.840625860000001,532
1772994600,66937.5,66975.5,66783.8,66825.0,2.52487477,371
1772995500,66825.0,66878.6,66758.4,66818.7,5.97356114,444
1772996400,66818.7,67053.9,66789.4,67013.0,5.86332157,500
1772997300,67013.0,67263.7,67000.3,67214.1,34.33280417,705
1772998200,67214.2,67376.1,67214.2,67352.1,26.76230667,566
1772999100,67352.1,67457.0,67292.1,67321.9,8.35026729,478
1773000000,67322.0,67322.0,67100.0,67104.8,74.53035671,618
1773000900,67104.7,67202.1,67037.4,67037.4,4.4506951,392
1773001800,67037.4,67500.0,67030.1,67353.4,288.36756324,1240
1773002700,67353.3,67389.7,67200.1,67222.6,10.46357725,508
1773003600,67222.6,67242.5,66732.4,66782.0,143.38600026,1045
1773004500,66776.6,66991.5,66776.6,66925.6,22.45577915,569
1773005400,66925.7,67019.1,66887.1,67019.1,5.80705919,443
1773006300,67012.5,67027.0,66912.2,66991.7,5.98088929,355
1773007200,66992.2,66992.2,65700.0,66062.0,340.1923643,4521
1773008100,66062.0,66166.2,65646.2,65920.0,201.26930324,1990
1773009000,65920.0,66270.1,65747.1,66062.0,40.77526536,1233
1773009900,66061.9,66308.6,66050.0,66242.0,15.538867589999999,879
1773010800,66242.0,66436.8,66133.9,66312.1,14.05633609,867
1773011700,66312.2,66558.6,66272.0,66470.9,8.61673517,730
1773012600,66470.9,66503.7,66137.1,66137.1,9.64002303,833
1773013500,66137.0,66214.6,65942.0,65978.7,9.00121057,760
1773014400,65978.7,66381.0,65957.1,66301.8,34.49067638,1238
1773015300,66301.9,66365.6,65839.6,66167.0,27.11847567,1080
1773016200,66167.0,66748.3,66167.0,66433.0,17.97634583,1101
1773017100,66433.0,66542.0,66287.6,66358.7,5.98595731,695
1773018000,66363.4,66410.5,66142.6,66358.3,10.59863549,853
1773018900,66350.2,66622.8,66242.1,66482.0,19.19348004,841
1773019800,66481.9,66677.0,66396.9,66617.0,15.16058114,773
1773020700,66617.0,66630.4,66197.0,66210.8,9.19229509,681
1773021600,66210.8,66336.2,66077.0,66150.0,8.56540894,846
1773022500,66150.0,66150.0,65971.3,66108.3,5.02554929,629
1773023400,66108.3,66581.6,66108.2,66554.8,10.62560762,646
1773024300,66554.8,66707.7,66527.9,66537.4,11.88207939,585
1773025200,66537.5,67432.7,66521.3,67418.3,80.96360595,1776
1773026100,67427.0,67686.7,67109.8,67217.1,47.58480604,1306
1773027000,67217.0,67358.1,67088.6,67100.5,7.08915157,633
1773027900,67100.5,67229.3,67063.4,67196.6,6.1272866,432
1773028800,67196.6,67273.6,67162.9,67175.5,4.31468161,441
1773029700,67175.4,67598.9,67172.6,67576.1,8.55591586,627
1773030600,67576.0,67576.0,67412.5,67490.2,5.83656588,512
1773031500,67490.2,67517.0,67118.0,67129.6,13.3456798,590
1773032400,67137.4,67261.1,67118.0,67145.0,5.16075759,451
1773033300,67145.0,67397.0,67136.8,67367.6,10.23241785,536
1773034200,67367.6,67952.0,67367.0,67907.0,18.67694126,1082
1773035100,67907.0,68039.5,67818.0,67892.0,27.325012,829
1773036000,67892.0,67916.3,67595.0,67633.2,20.4428442,608
1773036900,67622.0,67707.9,67489.4,67489.4,16.28050494,463
1773037800,67489.5,67532.0,67292.1,67357.0,4.02623184,441
1773038700,67356.8,67367.0,67246.9,67247.0,14.79102368,417
1773039600,67247.0,67288.0,67126.0,67190.1,8.87662449,498
1773040500,67190.1,67255.1,66892.8,67181.9,14.65867105,670
1773041400,67182.0,67450.6,67182.0,67412.0,13.23802547,543
1773042300,67412.0,67557.5,67367.1,67527.9,8.37714418,416
1773043200,67528.0,67598.0,67517.0,67554.9,10.86272068,322
1773044100,67554.9,67813.2,67403.7,67811.2,48.04268619,733
1773045000,67793.3,67879.4,67675.0,67773.7,74.32845433,669
1773045900,67773.7,67892.0,67734.8,67773.6,11.43362034,434
1773046800,67786.8,67801.9,67562.1,67787.0,30.798997019999998,576
1773047700,67800.2,68009.7,67787.3,67990.4,20.71528418,456
1773048600,67990.4,68440.7,67901.0,68353.0,32.80688448,1114
1773049500,68352.9,68421.8,67941.9,67966.9,26.70027634,675
1773050400,67967.0,68057.9,67881.2,67911.1,11.96812246,628
1773051300,67911.1,67974.6,67802.0,67802.1,5.96128073,483
1773052200,67802.0,67812.9,67586.6,67651.9,10.35493778,488
1773053100,67651.9,67667.0,67550.1,67606.3,4.2979191,428
1773054000,67606.4,67742.0,67577.1,67697.0,16.41753859,487
1773054900,67697.1,67697.1,67341.8,67442.1,20.81084874,679
1773055800,67465.5,67652.8,67445.0,67608.2,13.84516664,501
1773056700,67608.3,67828.6,67577.0,67750.3,15.94085275,460
1773057600,67750.3,67887.3,67750.2,67887.3,6.68890041,505
1773058500,67887.3,68132.0,67867.7,68131.9,20.36380776,657
1773059400,68132.0,68313.3,67984.5,68117.1,24.37304353,886
1773060300,68117.1,68188.6,68015.5,68155.4,4.58158981,523
1773061200,68155.4,68587.0,68128.6,68479.2,46.91718094,1191
1773062100,68477.0,68760.0,68192.0,68752.9,31.72994655,1183
1773063000,68753.0,69250.0,68732.0,69232.1,72.15427144,2204
1773063900,69232.1,69292.3,68800.1,68987.0,245.93084883,2188
1773064800,68987.0,69228.2,68706.9,68845.5,52.27161201,1957
1773065700,68845.5,69278.5,68845.5,69152.0,72.63928344,2027
1773066600,69167.0,69477.9,69126.5,69428.5,50.54661547,1686
1773067500,69429.0,69429.0,69095.5,69137.0,40.18448258,1064
1773068400,69148.7,69248.8,69004.7,69152.0,11.11124857,915
1773069300,69162.2,69248.5,69000.7,69090.5,14.37491522,769
1773070200,69090.5,69178.9,68764.6,68780.0,46.2791008,1084
1773071100,68780.0,69046.9,68756.4,68909.9,19.5139436,679
1773072000,68900.1,69047.0,68777.8,68807.3,6.73851657,662
1773072900,68803.0,69025.1,68771.1,68973.0,8.75142943,546
1773073800,68973.0,69120.3,68657.4,69092.2,75.78085455,1034
1773074700,69092.2,69211.6,68916.1,68975.8,18.93439432,712
1773075600,68973.7,69086.8,68916.0,68987.0,12.88958865,757
1773076500,68987.0,69062.0,68629.8,68644.8,36.36621281,1063
1773077400,68644.9,68776.3,68284.8,68418.0,26.97826948,1245
1773078300,68418.0,68671.8,68417.7,68619.5,25.60895389,744
1773079200,68619.5,68619.5,68255.0,68458.5,18.28867767,860
1773080100,68455.4,68641.9,68428.1,68553.8,23.91632457,804
1773081000,68553.9,68700.0,68492.3,68508.7,26.59298665,659
1773081900,68508.8,68549.8,68342.1,68361.2,6.5186749200000005,507
1773082800,68363.7,68500.0,68363.7,68417.0,8.04190496,437
1773083700,68417.1,69361.0,68402.0,69361.0,54.58416794,1681
1773084600,69361.0,69513.0,68805.9,68998.7,67.63231043,2146
1773085500,68990.6,69072.0,68852.0,69017.0,29.19263045,918
1773086400,69008.3,69154.9,68912.0,69002.1,14.06108925,659
1773087300,69008.6,69088.6,68942.1,68984.9,12.73782183,521
1773088200,68980.3,68980.3,68837.0,68910.9,13.20078329,655
1773089100,68910.8,69044.1,68792.0,68998.7,8.25018185,620
1773090000,68990.9,69119.2,68978.1,69042.8,33.23331575,773
1773090900,69047.0,69047.0,68850.2,68867.0,8.87418434,434
1773091800,68867.1,69011.6,68698.6,68968.4,11.64767418,601
1773092700,68957.1,69023.7,68912.0,68918.6,4.60140143,372
1773093600,68929.2,69018.0,68712.5,68826.8,13.65199016,600
1773094500,68831.0,68868.0,68747.3,68844.7,3.9289635400000003,386
1773095400,68839.7,68876.7,68620.4,68753.7,13.55254706,662
1773096300,68753.6,68755.3,68627.0,68652.2,19.36063701,579
1773097200,68652.3,68694.1,68556.2,68656.9,8.3973091,547
1773098100,68656.9,68656.9,68550.1,68603.8,5.06235744,356
1773099000,68603.7,68622.0,68530.4,68562.5,4.83299124,399
1773099900,68559.0,68573.6,68377.7,68446.9,19.94913224,459
1773100800,68447.0,68507.0,68399.9,68432.1,8.38495526,479
1773101700,68432.1,69008.5,68423.4,68987.1,35.73294189,701
1773102600,68987.1,69200.0,68898.0,69188.7,42.69475335,731
1773103500,69191.2,69278.1,69067.4,69163.2,40.32530726,659
1773104400,69163.2,69255.0,69079.5,69122.1,7.56439646,543
1773105300,69122.1,69152.0,68872.8,68978.9,10.27893169,514
1773106200,68978.8,69089.5,68814.5,68972.0,6.51422885,468
1773107100,68971.9,69369.6,68942.1,69281.8,19.44059846,717
1773108000,69272.2,69362.0,69126.4,69231.6,8.5799306,586
1773108900,69231.6,69386.2,69154.3,69386.2,2.58678955,438
1773109800,69386.2,70400.0,69386.2,70322.0,230.52619491,2448
1773110700,70321.9,70570.2,70249.9,70276.9,37.50294528,1164
1773111600,70277.0,70352.0,70040.0,70177.5,12.51568192,871
1773112500,70177.5,70262.0,70115.5,70115.5,4.20354175,514
1773113400,70115.6,70126.2,69850.0,69850.4,84.38267384,658
1773114300,69850.4,69850.4,69411.2,69437.0,17.51779646,993
1773115200,69437.1,69752.0,69437.1,69737.1,14.57630131,634
1773116100,69737.0,69813.2,69597.2,69756.3,21.14740263,563
1773117000,69752.1,70013.5,69750.9,69959.8,9.43204256,467
1773117900,69956.4,70130.0,69864.7,70066.9,17.74127144,523
1773118800,70066.9,70350.4,70021.4,70193.1,58.8150672,814
1773119700,70190.2,70321.9,70033.0,70033.1,11.98792487,542
1773120600,70033.1,70112.7,69929.5,69946.9,2.7524755,377
1773121500,69946.9,69977.0,69920.0,69964.6,6.77927391,241
1773122400,69964.7,69977.0,69858.0,69882.8,14.68873676,461
1773123300,69882.9,70178.5,69775.3,70157.1,7.23491488,457
1773124200,70157.0,70157.0,69977.0,69977.1,6.5482561,442
1773125100,69977.0,70051.9,69888.0,69917.0,23.65436462,457
1773126000,69923.6,70411.9,69847.6,70247.0,42.5165936,822
1773126900,70247.1,70523.4,70247.1,70325.5,19.80899232,668
1773127800,70325.5,70403.7,70307.3,70345.9,15.61857851,467
1773128700,70342.5,70501.9,70270.5,70397.3,30.30163499,808
1773129600,70397.3,70934.1,70397.0,70907.0,52.68696273,1516
1773130500,70906.9,70977.8,70752.1,70862.1,32.33977952,977
1773131400,70850.3,71083.6,70850.2,70937.1,54.66560516,967
1773132300,70937.0,70937.0,70646.4,70680.4,31.515484609999998,588
1773133200,70680.5,70898.4,70662.0,70817.1,20.62893627,689
1773134100,70817.1,71267.0,70765.9,71251.9,36.37146532,1095
1773135000,71240.1,71293.6,71053.4,71087.0,27.58069423,654
1773135900,71087.0,71087.0,70955.2,71076.1,29.38243714,517
1773136800,71072.9,71077.9,70862.0,70892.0,9.66348277,385
1773137700,70891.9,70907.0,70770.9,70773.1,53.653044799999996,603
1773138600,70773.2,70926.4,70693.9,70749.5,57.833195569999994,599
1773139500,70746.0,70869.9,70685.6,70774.3,30.43153979,428
1773140400,70774.4,70852.9,70629.5,70629.5,8.87699733,573
1773141300,70629.5,70750.4,70583.3,70650.0,14.30392319,488
1773142200,70650.0,70667.0,70562.5,70582.3,11.97358553,440
1773143100,70582.3,70685.5,70558.4,70602.5,33.43994242,467
1773144000,70600.2,70622.0,70374.9,70427.1,37.28753871,687
1773144900,70427.1,70542.9,70376.6,70376.7,15.89965521,508
1773145800,70376.7,70472.0,70319.2,70456.9,14.8674297,504
1773146700,70457.0,70593.8,70457.0,70517.0,7.99221216,379
1773147600,70517.0,70748.2,70517.0,70748.2,17.43178887,597
1773148500,70748.2,70900.0,70682.1,70864.0,10.20323611,602
1773149400,70869.8,70909.6,69750.0,69942.6,120.82819576,2229
1773150300,69942.6,70274.4,69827.0,69932.0,26.09553859,1127
1773151200,69932.0,70128.7,69432.7,69500.1,174.74974235,1766
1773152100,69500.1,69926.6,69259.8,69812.0,57.60556895,1261
1773153000,69812.1,70480.0,69812.1,70458.3,29.72955898,1274
1773153900,70461.5,71515.6,70415.0,71447.6,280.68523124,2627
1773154800,71450.0,71781.1,71117.0,71233.4,91.00635848,2120
1773155700,71233.3,71456.4,71006.8,71386.8,19.42928511,1177
1773156600,71372.1,71619.9,71005.0,71147.0,41.56817036,1236
1773157500,71147.0,71367.4,70918.3,71361.3,29.04606903,1034
1773158400,71361.3,71445.1,70960.7,71144.0,26.66548611,1174
1773159300,71144.1,71720.5,71144.0,71402.0,54.85921966,1319
1773160200,71401.9,71471.7,71235.1,71393.1,56.62708236,1068
1773161100,71393.0,71416.9,71183.1,71284.7,10.72302662,738
1773162000,71286.4,71473.2,71222.1,71282.0,12.36355535,722
1773162900,71282.0,71372.0,71017.3,71074.5,8.20060096,722
1773163800,71079.8,71237.0,70541.7,70711.6,51.29639955,1285
1773164700,70711.5,70969.3,70578.4,70883.3,27.534243,830
1773165600,70883.4,70916.5,70409.5,70409.5,18.44918546,1058
1773166500,70409.5,70581.3,70150.1,70344.8,56.99772426,1593
1773167400,70344.8,70444.7,69997.4,70044.8,80.73311202000001,1376
1773168300,70051.1,70229.2,69892.0,70021.9,45.14926023,1086
1773169200,70022.0,70158.9,69896.0,70079.0,12.01301967,874
1773170100,70079.0,70271.7,69919.8,69968.4,14.31967686,880
1773171000,69968.3,70091.9,69745.2,69999.3,32.03772431,1160
1773171900,69999.4,70067.0,69960.2,70045.4,8.73705278,592
1773172800,70056.0,70240.7,70025.4,70100.2,23.38747807,669
1773173700,70111.2,70275.0,70024.0,70257.6,6.26211082,542
1773174600,70257.6,70346.3,70232.0,70287.6,18.26325905,562
1773175500,70290.8,70296.9,70232.0,70246.5,4.46136052,434
1773176400,70246.4,70427.2,70091.0,70123.4,22.13812527,777
1773177300,70123.5,70184.2,69954.8,69954.8,171.68702718,1015
1773178200,69954.8,70063.8,69609.1,69752.1,55.23431844,1086
1773179100,69752.3,69827.0,69569.7,69779.1,16.35550762,888
1773180000,69779.1,69850.9,69485.4,69624.8,17.60486947,800
1773180900,69624.7,69751.9,69457.4,69620.4,16.41524716,549
1773181800,69620.4,69697.0,69516.5,69631.9,12.64139692,512
1773182700,69628.9,69776.9,69596.9,69707.0,7.97647448,461
1773183600,69707.0,69850.7,69707.0,69820.2,3.17655623,407
1773184500,69812.1,69871.9,69708.4,69797.0,5.79371413,436
1773185400,69812.0,69946.3,69800.4,69925.9,9.43518331,485
1773186300,69925.9,69965.9,69872.6,69955.4,4.62194946,407
1773187200,69955.4,70077.4,69782.1,70075.7,41.74821548,907
1773188100,70075.8,70144.0,69885.9,70057.3,16.13212794,705
1773189000,70057.4,70057.4,69825.1,69847.7,14.275710140000001,555
1773189900,69847.7,70165.2,69847.7,70052.1,4.50964904,461
1773190800,70052.1,70138.6,70007.0,70063.6,5.08819632,399
1773191700,70063.7,70131.8,69994.6,70082.0,16.94976678,522
1773192600,70091.8,70091.8,69902.1,69973.9,17.66592244,383
1773193500,69973.8,70120.0,69932.0,70084.4,4.07493648,355
1773194400,70084.5,70121.9,70022.0,70022.1,1.53188428,470
1773195300,70022.1,70049.3,69947.0,69969.1,38.9066003,491
1773196200,69969.0,69969.0,69644.8,69709.1,14.2248585,617
1773197100,69709.0,69803.7,69650.4,69803.7,5.06812281,404
1773198000,69812.0,69887.0,69692.0,69698.1,4.95041997,434
1773198900,69698.1,69721.4,69522.6,69555.3,4.60435535,475
1773199800,69547.2,69631.5,69531.4,69560.9,5.14929489,362
1773200700,69561.0,69647.6,69517.1,69567.6,15.59888415,392
1773201600,69567.7,69661.2,69519.8,69661.2,7.17734261,423
1773202500,69661.9,69977.0,69661.9,69965.4,25.02230308,510
1773203400,69977.0,70008.3,69921.6,69977.1,4.05928365,341
1773204300,69993.7,70251.8,69987.0,70154.5,9.85710038,396
1773205200,70133.2,70186.9,70022.0,70022.1,1.88639328,338
1773206100,70022.1,70022.1,69902.0,69941.0,2.01656773,243
1773207000,69941.1,69941.1,69450.0,69534.3,37.52991458,761
1773207900,69542.1,69609.3,69512.1,69512.1,6.13169613,349
1773208800,69512.2,69721.9,69512.1,69721.9,22.26209265,480
1773209700,69721.4,69819.9,69678.7,69788.3,3.39381801,339
1773210600,69788.7,69917.0,69788.7,69828.8,4.6601865899999995,305
1773211500,69841.0,69985.3,69732.1,69955.0,16.35932595,384
1773212400,69955.0,70012.4,69887.0,69905.5,8.63996249,331
1773213300,69905.4,69925.1,69779.0,69799.0,3.6510369,238
1773214200,69799.1,69799.1,69519.7,69557.0,14.11747448,443
1773215100,69552.4,69740.2,69512.4,69649.2,3.34416527,327
1773216000,69647.1,69774.3,69607.6,69615.9,3.80487066,366
1773216900,69629.0,69632.0,69512.2,69512.2,1.70326991,296
1773217800,69512.2,69793.8,69512.1,69687.0,12.97670152,574
1773218700,69687.0,69687.0,69516.7,69665.1,24.20194887,471
1773219600,69664.6,69673.9,69546.0,69546.0,2.26608367,389
1773220500,69546.0,69662.0,69546.0,69549.0,3.0525974000000002,295
1773221400,69549.0,69628.5,69387.1,69558.8,19.24074544,620
1773222300,69558.8,69737.0,69408.8,69452.0,3.07630881,449
1773223200,69463.9,69512.0,69403.8,69502.9,5.21252453,397
1773224100,69502.9,69572.0,69445.0,69469.3,6.38865523,313
1773225000,69482.0,69712.5,69479.3,69694.7,5.194696270000001,338
1773225900,69694.7,69694.7,69592.4,69610.1,6.096140350000001,275
1773226800,69610.1,69663.5,69557.1,69579.6,34.45625604,550
1773227700,69587.0,69630.9,69445.1,69457.6,1.65627228,304
1773228600,69457.6,69556.5,69422.0,69431.1,2.841682,347
1773229500,69437.0,69483.3,69155.9,69174.4,22.33717209,901
1773230400,69175.6,69242.0,68971.6,69173.9,60.20792808,1040
1773231300,69173.9,69431.3,69173.9,69406.7,12.25786231,619
1773232200,69411.8,69795.5,69203.3,69245.8,44.24450881,1131
1773233100,69245.8,69392.0,69172.5,69362.1,45.78285383,529
1773234000,69362.1,70024.2,69360.3,69900.0,68.12254081,1072
1773234900,69900.0,70380.3,69837.1,70227.0,129.40579717,1410
1773235800,70227.0,71083.3,70227.0,70490.3,111.74013197,2115
1773236700,70487.1,70563.7,69820.5,70187.6,83.02177143,1814
1773237600,70187.7,70827.3,69942.9,70231.1,127.28829734,2125
1773238500,70237.0,70688.7,70200.8,70675.7,26.51006569,1261
1773239400,70667.6,70956.7,70468.7,70854.0,41.39008739,1282
1773240300,70854.1,70986.3,70536.3,70566.5,27.3687799,1049
1773241200,70573.8,70652.0,70007.0,70171.9,50.353033780000004,1310
1773242100,70172.0,70467.6,70052.1,70247.0,28.44895938,983
1773243000,70234.4,70272.9,69707.1,70098.7,18.13388007,1186
1773243900,70098.7,70341.9,69915.5,70242.8,12.173171270000001,906
1773244800,70253.1,70489.0,70183.7,70479.4,75.9565741,1333
1773245700,70479.4,70611.5,70306.3,70463.5,20.08209044,843
1773246600,70463.5,70790.7,70463.5,70749.9,33.53434761,958
1773247500,70750.0,70842.1,70537.2,70570.0,31.572352730000002,852
1773248400,70570.0,71000.0,70569.9,70899.9,85.15374318,1244
1773249300,70899.9,71333.6,70866.5,71275.9,184.32169913,1799
1773250200,71282.2,71345.2,70524.1,70866.7,89.32578429,1474
1773251100,70842.4,70986.3,70657.7,70780.2,43.74227834,921
1773252000,70801.1,70892.6,70688.3,70771.3,15.50812752,811
1773252900,70771.2,70892.9,70636.0,70705.7,23.78757508,705
1773253800,70705.8,70765.8,70463.4,70522.4,165.25809069,814
1773254700,70522.4,70786.2,70469.0,70640.8,12.31017009,552
1773255600,70640.7,70651.7,70405.3,70506.3,44.29226321,798
1773256500,70506.3,70575.0,70421.0,70550.6,14.24506442,484
1773257400,70550.6,70747.6,70514.2,70704.9,14.534712390000001,557
1773258300,70698.6,70742.5,70607.0,70674.1,21.23010212,518
1773259200,70674.1,70674.1,70453.3,70468.1,16.440795089999998,560
1773260100,70468.0,70534.9,70408.6,70459.8,10.490024459999999,478
1773261000,70463.7,70591.4,70463.6,70571.4,10.35313128,439
1773261900,70571.5,70713.0,70488.7,70634.3,26.99546118,573
1773262800,70634.4,70780.0,70517.9,70559.6,19.25161608,760
1773263700,70559.5,70607.0,70533.7,70578.4,12.13495969,445
1773264600,70578.4,70692.7,70578.4,70593.6,8.50437718,513
1773265500,70569.1,70779.9,70562.4,70762.1,23.08024823,444
1773266400,70762.1,70935.5,70684.1,70823.6,35.29285693,729
1773267300,70823.6,70823.6,70502.5,70502.5,17.90270859,673
1773268200,70502.6,70542.9,70317.6,70380.0,17.69829018,846
1773269100,70379.9,70493.1,70270.1,70366.6,13.32220196,778
1773270000,70366.6,70500.0,70366.6,70462.2,6.53360879,656
1773270900,70464.4,70464.4,70343.9,70379.6,1.2362528,375
1773271800,70379.5,70419.1,70240.7,70249.9,33.05891156,863
1773272700,70249.9,70303.7,70148.0,70200.4,25.58897998,534
1773273600,70200.4,70320.1,70147.5,70273.3,4.80449148,577
1773274500,70273.3,70362.3,70180.7,70268.0,8.51063443,473
1773275400,70268.0,70333.7,70167.9,70288.4,3.03397525,359
1773276300,70288.5,70302.7,70207.8,70231.1,0.95211462,299
1773277200,70227.7,70227.7,69867.2,69924.1,63.45398359,772
1773278100,69924.0,70000.3,69905.0,69924.1,3.94990979,310
1773279000,69915.9,69986.5,69800.0,69966.4,51.62983881,510
1773279900,69966.3,69989.1,69781.5,69828.9,21.30947443,445
1773280800,69829.0,69876.8,69782.4,69794.8,4.41287364,481
1773281700,69794.8,69832.6,69536.4,69633.1,25.564702760000003,589
1773282600,69613.6,69621.5,69380.0,69461.2,23.17030462,642
1773283500,69461.2,69497.3,69244.9,69310.0,18.24831422,561
1773284400,69310.1,69410.8,69257.2,69369.8,8.77219683,382
1773285300,69369.9,69497.4,69369.8,69423.2,3.6309704199999997,318
1773286200,69419.2,69623.3,69419.1,69570.3,5.18182704,333
1773287100,69570.2,69570.3,69302.4,69445.8,1.05662527,317
1773288000,69445.9,69669.9,69439.5,69603.7,20.63594818,430
1773288900,69603.7,69603.8,69476.1,69486.2,2.12000342,255
1773289800,69486.1,69487.6,69304.5,69388.2,4.0177236,383
1773290700,69388.2,69400.0,69328.1,69396.3,6.9464763000000005,258
1773291600,69383.2,69460.0,69344.6,69358.1,0.90223926,262
1773292500,69358.1,69401.6,69228.2,69273.7,4.71492792,384
1773293400,69273.7,69537.3,69273.7,69517.8,2.91181996,321
1773294300,69517.8,69517.8,69411.8,69474.0,2.25490322,216
1773295200,69478.6,69478.6,69367.4,69454.3,12.62843222,289
1773296100,69458.4,69544.8,69421.1,69536.5,17.75685753,395
1773297000,69536.6,69554.4,69421.3,69483.8,1.40754749,237
1773297900,69483.9,69509.9,69440.2,69480.9,12.5066736,270
1773298800,69491.5,69527.3,69434.6,69516.2,3.9106716699999997,334
1773299700,69514.0,69633.3,69501.3,69624.5,9.1535861,324
1773300600,69624.6,69750.0,69610.6,69692.0,29.5337785,548
1773301500,69687.5,69847.0,69687.4,69828.0,14.968882840000001,458
1773302400,69828.0,69922.4,69733.7,69780.6,35.62918591,464
1773303300,69768.1,70112.8,69754.7,69814.0,10.8455103,544
1773304200,69813.6,69899.4,69716.8,69808.8,6.56282281,330
1773305100,69814.5,69898.6,69786.9,69898.6,3.09363407,259
1773306000,69914.1,69914.1,69707.1,69764.4,7.76550026,360
1773306900,69778.1,69778.1,69587.1,69685.4,8.75724413,406
1773307800,69691.5,70318.6,69691.5,70294.0,21.42380422,569
1773308700,70291.2,70380.7,69870.9,69967.2,10.91094509,568
1773309600,69957.3,70062.9,69870.8,69967.5,4.91492821,412
1773310500,69967.4,70202.5,69966.0,70160.1,6.95951804,371
1773311400,70160.2,70462.6,70143.2,70392.4,28.0795778,736
1773312300,70392.2,70513.9,70281.0,70431.5,26.19102351,681
1773313200,70431.5,70544.8,70380.8,70431.1,12.30572155,549
1773314100,70431.2,70640.3,70414.8,70568.9,20.0439939,635
1773315000,70568.9,70747.9,70500.4,70679.3,31.460268669999998,505
1773315900,70679.2,70787.1,70423.8,70441.7,11.56617792,594
1773316800,70441.7,70474.2,70303.7,70383.7,9.09138364,451
1773317700,70383.6,70474.8,70335.8,70443.2,31.15399304,384
1773318600,70443.2,70482.2,70307.9,70482.1,27.2878398,506
1773319500,70482.2,70608.0,70357.2,70396.4,14.61157747,435
1773320400,70396.4,70534.8,70365.6,70444.8,14.049233189999999,527
1773321300,70432.4,70444.8,70008.6,70125.2,18.62475617,701
1773322200,70125.2,70450.0,69971.5,70104.9,61.38517424,1037
1773323100,70100.2,70144.3,69713.9,69989.6,37.20220808,1125
1773324000,69989.7,70414.4,69989.6,70385.0,45.33153894,996
1773324900,70385.0,70654.3,69950.2,69981.4,52.7830313,1304
1773325800,69981.5,70001.4,69413.1,69598.6,60.87792107,1531
1773326700,69593.9,69789.2,69387.8,69615.0,10.71050451,1035
1773327600,69615.0,69795.1,69498.7,69748.8,10.77152492,855
1773328500,69748.8,70434.8,69723.1,70304.4,69.95636074,1256
1773329400,70306.2,70572.9,70160.2,70398.2,67.95031509,1196
1773330300,70398.2,70514.1,70245.5,70357.3,66.33192803,1024
1773331200,70357.3,70517.6,69927.0,70144.1,35.62805916,996
1773332100,70144.1,70562.5,70097.5,70097.5,14.34931669,766
1773333000,70089.3,70468.7,70063.9,70399.9,5.83889412,724
1773333900,70404.0,70537.7,70272.1,70390.2,32.20496045,755
1773334800,70397.0,70549.9,70366.7,70452.1,18.3833329,758
1773335700,70452.0,70521.7,70210.2,70309.9,14.21124624,657
1773336600,70310.0,70469.3,70278.4,70388.4,35.36426204,783
1773337500,70390.9,70441.4,70121.4,70227.8,4.76134952,606
1773338400,70227.9,70301.1,70102.9,70222.7,6.1895660800000005,606
1773339300,70222.7,70298.9,69902.4,70016.0,24.89213288,724
1773340200,70016.0,70109.6,69905.5,69940.3,8.45744119,583
1773341100,69940.3,69952.5,69829.0,69829.0,11.93817834,594
1773342000,69829.0,69946.7,69800.0,69946.7,15.21038017,637
1773342900,69946.7,70229.8,69944.1,70222.8,36.24088568,682
1773343800,70223.1,70362.5,70223.1,70330.6,40.22551853,748
1773344700,70330.5,70566.5,70286.9,70465.9,28.9079858,830
1773345600,70462.9,70560.4,70382.2,70408.0,22.80883176,652
1773346500,70408.1,70435.7,70283.4,70335.9,32.83798127,654
1773347400,70335.8,70335.8,70144.2,70150.2,10.83805719,370
1773348300,70150.3,70250.3,70139.1,70191.9,9.23902014,408
1773349200,70191.9,70468.7,70191.9,70406.0,19.03835069,434
1773350100,70406.0,70422.3,70282.5,70301.4,1.53179788,365
1773351000,70301.4,70307.5,70226.5,70307.4,2.86182737,299
1773351900,70296.0,70369.5,70248.2,70305.1,29.41576822,407
1773352800,70305.0,70305.0,70190.0,70236.3,35.8265162,474
1773353700,70231.7,70289.5,70131.6,70189.8,27.52097862,500
1773354600,70189.9,70220.6,70064.0,70079.4,4.97218853,445
1773355500,70079.5,70193.0,70021.9,70191.9,7.06053972,478
1773356400,70182.6,70477.1,70175.4,70475.7,16.97067383,731
1773357300,70476.5,70727.3,70476.5,70566.4,53.34235681,848
1773358200,70538.4,70654.7,70483.8,70635.8,8.9221903,457
1773359100,70635.8,70654.6,70481.6,70520.8,5.981349600000001,448
1773360000,70526.3,71105.6,70406.0,71105.6,73.07698939,1216
1773360900,71105.7,71751.2,71105.6,71486.8,148.54223955,2542
1773361800,71486.9,72000.0,71486.9,71525.2,90.95859848,1931
1773362700,71525.2,71560.6,71258.6,71467.7,23.16554251,1039
1773363600,71470.1,71690.9,71470.1,71618.6,13.45825292,825
1773364500,71605.2,71750.0,71478.5,71538.5,6.73628534,620
1773365400,71538.5,71697.1,71305.5,71624.3,34.35502096,791
1773366300,71624.3,71687.0,71566.1,71663.6,9.56340496,570
1773367200,71663.7,71693.8,71521.8,71575.5,5.32283969,554
1773368100,71575.5,71617.0,71453.8,71471.1,17.63433224,489
1773369000,71471.1,71476.1,71183.1,71183.1,11.73321477,614
1773369900,71183.1,71275.8,71073.1,71169.9,10.54945405,608
1773370800,71169.9,71266.2,71112.1,71197.5,4.30132649,434
1773371700,71197.5,71273.7,71096.3,71096.5,4.67862875,342
1773372600,71096.5,71188.6,70978.7,71145.8,6.55399184,510
1773373500,71149.7,71522.5,71143.8,71408.5,13.847642,543
1773374400,71408.6,71484.7,71355.6,71366.4,5.1616684,367
1773375300,71366.4,71366.4,71270.2,71333.7,11.79921244,338
1773376200,71333.7,71421.1,71288.0,71421.0,2.40068742,277
1773377100,71421.1,71421.9,71330.0,71407.3,1.81207647,266
1773378000,71407.3,71420.1,71255.9,71263.1,9.46528685,417
1773378900,71263.1,71447.5,71263.1,71434.8,18.99483182,434
1773379800,71434.8,71609.2,71434.6,71609.2,7.28568913,407
1773380700,71609.2,71627.8,71489.0,71571.9,5.22477705,353
1773381600,71562.4,71589.5,71469.4,71486.8,3.88343535,349
1773382500,71486.7,71496.9,71244.4,71255.0,5.52039578,352
1773383400,71255.0,71335.6,71200.0,71270.2,6.83806632,382
1773384300,71270.3,71376.9,71221.5,71343.7,16.97558596,414
1773385200,71343.7,71496.4,71239.0,71423.3,11.52882581,557
1773386100,71429.6,71574.7,71429.6,71527.1,18.02686236,374
1773387000,71521.8,71574.7,71410.1,71574.7,16.91941004,516
1773387900,71576.4,71661.3,71554.2,71639.5,6.70889328,375
1773388800,71639.5,71641.3,71401.5,71474.7,10.97964008,533
1773389700,71474.7,71700.0,71450.4,71581.4,111.43148981,423
1773390600,71581.3,72141.3,71581.3,71974.0,64.73793065,1184
1773391500,71964.6,71964.6,71750.6,71835.3,16.17143326,492
1773392400,71827.3,71974.4,71770.9,71771.0,14.80598671,514
1773393300,71770.9,71844.2,71619.5,71844.0,10.805535729999999,401
1773394200,71844.1,71936.4,71818.2,71895.0,17.4788082,449
1773395100,71894.9,72113.2,71875.0,72017.7,16.30840489,446
1773396000,72017.7,72258.4,72014.5,72258.2,181.64876775,1093
1773396900,72258.2,72496.9,72258.2,72368.5,51.75168535,1005
1773397800,72368.6,72576.3,72350.5,72516.6,31.74010313,819
1773398700,72516.5,72574.2,72400.0,72471.6,9.90290945,605
1773399600,72478.6,72536.3,72255.0,72314.9,18.27912681,732
1773400500,72314.8,72494.1,72314.8,72351.3,26.81983394,466
1773401400,72351.3,72376.5,72288.9,72326.5,3.44933556,359
1773402300,72326.5,72366.3,72218.4,72242.1,14.24491864,474
1773403200,72242.1,72446.7,72221.7,72425.4,18.81962408,559
1773404100,72425.5,72500.0,72355.0,72411.9,18.06021971,552
1773405000,72411.9,72566.2,72348.8,72365.0,221.2894804,948
1773405900,72365.0,72879.9,72364.9,72790.7,59.91686468,1533
1773406800,72790.7,72911.4,72698.3,72828.5,50.28909595,994
1773407700,72828.4,73267.4,72746.5,73060.5,140.57025531,1850
1773408600,73040.3,73390.6,72806.5,73289.1,85.47270396,1814
1773409500,73289.1,73621.9,73260.8,73406.1,51.92263362,1737
1773410400,73406.2,73613.6,73307.6,73538.4,39.22803831,1446
1773411300,73538.5,73914.8,73370.9,73775.4,50.9989043,1788
1773412200,73775.4,73928.5,72957.6,72970.2,54.52788113,2005
1773413100,72970.2,73000.0,72399.6,72399.6,76.5168572,1949
1773414000,72399.7,72710.5,72240.9,72662.5,140.72960309,1530
1773414900,72662.5,72832.6,72485.4,72500.4,95.75708256,1323
1773415800,72500.4,72605.9,71885.1,71986.5,91.46180626,1551
1773416700,71996.3,72250.8,71765.4,71860.1,60.55280415,1134
1773417600,71860.1,71946.4,71581.8,71721.3,92.44825288999999,1328
1773418500,71729.4,71770.1,71176.9,71389.5,84.29006169,1542
1773419400,71399.8,71885.1,71399.8,71855.4,22.63958173,1059
1773420300,71855.4,72106.1,71783.4,71905.9,37.77776823,1071
1773421200,71905.9,72153.8,71905.9,72100.1,18.02144249,759
1773422100,72122.4,72249.6,71620.1,71660.2,228.25027894,1534
1773423000,71660.2,71687.9,71083.2,71207.0,239.46696649,1459
1773423900,71209.5,71278.0,70897.8,71026.0,67.39462689,1325
1773424800,71030.1,71216.7,70942.2,71216.7,25.37530795,999
1773425700,71216.7,71240.2,70831.0,71183.1,27.92010818,903
1773426600,71183.1,71347.2,71183.0,71257.6,24.297686,680
1773427500,71257.5,71257.5,71023.8,71067.3,17.56623554,622
1773428400,71067.3,71286.8,71029.1,71241.3,27.13068866,691
1773429300,71241.3,71308.6,71029.8,71079.7,24.37173352,652
1773430200,71074.1,71218.0,71050.0,71146.2,17.07792047,591
1773431100,71151.7,71258.7,71103.8,71183.1,20.49859709,597
1773432000,71183.1,71360.0,71164.7,71360.0,11.75343517,491
1773432900,71360.0,71467.8,71283.5,71306.1,16.68418402,552
1773433800,71306.1,71351.2,71272.7,71310.6,37.32372614,447
1773434700,71318.8,71469.1,71285.6,71360.0,11.43772509,636
1773435600,71360.1,71492.3,71360.1,71414.8,20.36842351,762
1773436500,71414.9,71425.1,71169.8,71169.9,10.95502371,562
1773437400,71169.9,71307.7,71082.2,71125.2,22.48810918,544
1773438300,71124.2,71230.3,71121.3,71121.3,2.97785842,396
1773439200,71121.4,71168.9,70676.1,70855.5,34.08923839,965
1773440100,70855.5,70855.5,70200.0,70639.4,170.25901108,1284
1773441000,70639.4,70757.9,70537.6,70727.9,21.09324542,743
1773441900,70727.9,70814.6,70655.0,70799.0,6.51113756,397
1773442800,70799.0,70832.6,70728.1,70823.9,19.49214407,528
1773443700,70823.9,71000.0,70823.8,70912.5,21.170114690000002,465
1773444600,70912.5,70962.6,70884.2,70950.8,2.45101649,348
1773445500,70950.8,71000.0,70930.9,70953.0,1.69898984,295
1773446400,70953.1,70953.1,70771.3,70897.7,20.289492550000002,609
1773447300,70897.7,70950.0,70801.9,70915.4,14.5136085,441
1773448200,70915.4,70925.1,70584.1,70584.1,20.49400175,552
1773449100,70584.2,70697.6,70582.6,70664.5,5.32830222,402
1773450000,70664.5,70769.6,70651.2,70691.0,2.49342468,332
1773450900,70691.1,70809.7,70691.1,70797.1,1.8772672400000001,284
1773451800,70797.2,70832.6,70509.1,70819.6,30.87922236,812
1773452700,70819.6,70897.8,70819.5,70853.8,7.96217441,310
1773453600,70853.8,70892.7,70786.0,70850.1,1.18181732,440
1773454500,70850.1,70878.7,70806.9,70820.8,6.06985672,352
1773455400,70820.8,70831.6,70760.1,70771.5,19.66025502,360
1773456300,70771.5,70872.7,70760.1,70791.9,15.94694998,419
1773457200,70784.1,71017.5,70784.0,71002.1,6.76139708,393
1773458100,71002.1,71116.1,70980.0,71039.7,37.656672300000004,666
1773459000,71039.7,71173.4,71039.7,71153.1,5.38246662,443
1773459900,71153.1,71153.1,71063.4,71083.5,1.71084511,234
1773460800,71083.4,71208.1,71068.9,71206.3,6.5449269899999996,347
1773461700,71206.3,71208.1,71108.8,71197.2,3.25452623,237
1773462600,71197.1,71300.0,71147.0,71265.8,8.71231403,337
1773463500,71265.8,71299.9,71033.8,71041.7,9.44912628,460
1773464400,71041.7,71124.8,70990.1,71101.8,16.79676947,369
1773465300,71101.8,71149.8,71064.7,71132.0,7.2179709,243
1773466200,71119.7,71119.7,70933.4,71000.0,12.71905637,267
1773467100,71000.0,71046.7,70991.2,71021.9,1.7319947,192
1773468000,71021.8,71021.8,70918.9,70929.0,1.04134964,229
1773468900,70929.0,70929.0,70714.3,70736.8,4.29525801,425
1773469800,70723.7,70736.9,70293.9,70450.1,17.42160594,787
1773470700,70450.1,70691.9,70436.0,70637.3,13.91865478,508
1773471600,70630.9,70723.2,70623.5,70716.8,4.25825779,261
1773472500,70716.8,70724.3,70582.8,70684.1,3.82220225,265
1773473400,70684.1,70734.2,70527.5,70560.8,2.98131222,307
1773474300,70560.9,70624.6,70507.6,70594.1,4.28811556,296
1773475200,70594.1,70700.0,70594.1,70698.6,1.15284982,291
1773476100,70698.5,70718.7,70609.1,70683.9,3.87533278,296
1773477000,70683.9,70696.2,70579.9,70580.0,3.59225043,368
1773477900,70579.9,70601.2,70559.9,70591.0,3.52554671,232
1773478800,70591.0,70701.5,70590.9,70697.4,1.26390975,234
1773479700,70697.4,70717.2,70644.0,70686.8,3.05614252,274
1773480600,70700.6,70700.6,70581.6,70626.4,7.66264366,349
1773481500,70626.4,70626.4,70420.0,70549.2,13.69490238,417
1773482400,70533.1,70574.4,70490.3,70536.9,0.97845806,288
1773483300,70536.9,70537.4,70450.0,70465.0,6.07042108,322
1773484200,70465.0,70542.0,70421.0,70524.8,0.71421649,308
1773485100,70524.8,70570.1,70524.7,70570.1,0.72868515,178
1773486000,70570.2,70693.1,70570.2,70662.0,2.7800271199999997,304
1773486900,70662.1,70719.1,70662.1,70682.0,3.09628389,265
1773487800,70681.9,70728.2,70652.4,70728.1,1.26088184,258
1773488700,70728.1,70790.7,70713.8,70748.6,2.61636171,287
1773489600,70748.6,70835.4,70722.0,70743.0,2.6766333,353
1773490500,70753.0,70779.1,70721.4,70731.2,17.885331620000002,254
1773491400,70731.2,70744.6,70642.3,70653.0,1.85183536,266
1773492300,70652.9,70772.9,70645.7,70772.9,2.82621352,325
1773493200,70769.6,70781.7,70736.2,70773.0,3.82152444,341
1773494100,70773.0,70936.9,70773.0,70916.0,6.48441974,363
1773495000,70916.1,70923.4,70883.5,70896.5,5.48278322,386
1773495900,70886.8,70914.5,70814.8,70869.9,7.25124187,514
1773496800,70868.6,70943.7,70738.9,70756.4,4.18338066,394
1773497700,70756.4,70817.9,70714.3,70817.9,2.93548597,307
1773498600,70817.9,70854.8,70608.1,70610.8,8.29303127,408
1773499500,70610.9,70672.1,70597.9,70597.9,9.0608003,356
1773500400,70598.0,70721.1,70585.1,70673.3,2.64470394,368
1773501300,70673.2,70729.7,70657.1,70676.4,1.87031723,333
1773502200,70684.3,70684.3,70510.9,70552.5,4.26700113,450
1773503100,70552.5,70613.2,70535.8,70609.8,3.18260141,329
1773504000,70609.9,70657.7,70528.9,70600.6,3.60352258,375
1773504900,70600.6,70667.7,70600.5,70667.6,0.99913918,309
1773505800,70667.7,70685.9,70650.9,70665.1,2.3234458399999998,248
1773506700,70665.0,70714.3,70618.8,70695.2,0.72098057,326
1773507600,70695.3,70695.4,70668.8,70695.4,1.05711051,303
1773508500,70695.4,70740.6,70693.1,70739.4,2.18614589,289
1773509400,70739.4,70741.8,70646.7,70676.0,3.36455081,252
1773510300,70676.0,70676.0,70602.3,70630.8,1.20405843,258
1773511200,70630.8,70630.8,70589.4,70599.8,0.85516998,241
1773512100,70599.8,70637.4,70582.0,70637.3,1.54699746,250
1773513000,70637.3,70683.5,70637.2,70666.0,0.9536451499999999,250
1773513900,70666.0,70706.7,70665.5,70688.9,1.9164728199999999,199
1773514800,70689.0,70689.0,70616.2,70684.6,0.8765107,244
1773515700,70684.6,70719.8,70683.3,70687.8,1.62727833,283
1773516600,70687.9,70725.8,70663.0,70725.8,1.71264239,239
1773517500,70725.8,70743.0,70712.3,70715.9,2.37107726,178
1773518400,70716.0,70716.0,70669.9,70703.9,6.09983859,218
1773519300,70703.9,70766.1,70703.8,70763.7,1.68202575,213
1773520200,70763.8,70862.2,70763.7,70850.1,6.38578078,323
1773521100,70867.2,70867.2,70824.6,70833.1,5.36152686,344
1773522000,70833.0,70833.0,70693.0,70693.0,2.79041761,442
1773522900,70693.1,70716.8,70693.1,70705.8,2.95916924,246
1773523800,70705.8,70766.7,70705.7,70766.6,4.25375689,207
1773524700,70766.7,70824.6,70723.2,70808.2,2.02062567,261
1773525600,70808.2,70808.2,70750.4,70750.5,1.4681006,238
1773526500,70750.5,70770.2,70721.6,70770.1,5.28251414,277
1773527400,70770.2,70812.7,70744.9,70770.0,2.65340058,269
1773528300,70770.1,70770.1,70720.3,70726.0,3.22268414,229
1773529200,70726.0,71097.1,70726.0,71024.1,28.36075118,732
1773530100,71024.0,71066.1,70924.8,71045.6,7.68205497,431
1773531000,71045.7,71217.5,71045.6,71192.1,6.30863064,479
1773531900,71192.2,71246.9,71131.2,71210.6,2.81502009,388
1773532800,71210.6,71210.6,71048.9,71098.7,3.60520556,400
1773533700,71098.8,71216.7,71021.3,71110.7,5.51009713,387
1773534600,71100.1,71126.1,71000.0,71087.2,2.32482029,381
1773535500,71087.3,71087.3,70978.7,71015.1,4.60619304,282
1773536400,71015.1,71041.2,70921.5,70965.2,4.88477284,335
1773537300,70965.1,71009.9,70929.9,70942.9,4.29446028,293
1773538200,70942.9,70964.8,70885.7,70955.1,14.58206565,328
1773539100,70955.1,71044.0,70921.1,71020.4,5.10371004,311
1773540000,71020.4,71373.6,71020.4,71300.1,26.08522665,1305
1773540900,71300.1,71352.0,71229.3,71287.3,1.93315469,301
1773541800,71287.2,71408.4,71184.8,71408.4,22.20163336,420
1773542700,71410.4,71617.6,71386.2,71473.4,46.19945619,1006
1773543600,71473.4,71526.7,71421.3,71466.1,9.3169092,444
1773544500,71466.1,71466.1,71350.0,71350.1,8.67002877,336
1773545400,71350.1,71437.2,71262.8,71336.9,5.7807499700000005,376
1773546300,71336.9,71358.6,71288.1,71358.5,2.77599506,232
1773547200,71358.6,71643.5,71352.5,71600.3,9.99405915,466
1773548100,71600.4,71653.2,71521.0,71554.1,8.75877163,365
1773549000,71554.2,71584.9,71478.1,71584.6,4.33403995,346
1773549900,71584.6,71608.1,71504.3,71578.1,7.53131316,285
1773550800,71598.0,71598.0,71500.0,71534.7,3.11379364,232
1773551700,71534.7,71777.0,71534.7,71636.7,19.02343398,560
1773552600,71636.8,71707.7,71596.0,71658.4,2.44785305,233
1773553500,71658.3,71658.4,71502.6,71515.4,5.90683773,309
1773554400,71515.4,71595.3,71496.9,71568.7,5.13368906,296
1773555300,71568.8,71585.3,71483.6,71483.6,0.9682677000000001,215
1773556200,71483.7,71483.7,71410.1,71439.0,3.61030146,294
1773557100,71434.6,71483.3,71431.2,71463.2,3.01629509,210
1773558000,71463.2,71666.1,71450.0,71638.7,7.92530784,363
1773558900,71638.7,71673.7,71592.9,71596.0,1.87946788,186
1773559800,71596.1,71596.1,71476.2,71476.2,5.20838146,231
1773560700,71476.3,71476.3,71430.9,71451.6,2.29832811,212
1773561600,71451.7,71633.4,71451.7,71617.1,9.1875916,345
1773562500,71617.1,71670.4,71583.8,71610.5,6.18124947,282
1773563400,71610.5,71610.6,71517.3,71575.7,0.54079415,156
1773564300,71575.7,71729.5,71575.7,71728.4,15.504253720000001,290
1773565200,71727.1,71909.9,71727.1,71835.5,21.269928970000002,675
1773566100,71835.5,72000.0,71828.2,71850.1,84.03388036,439
1773567000,71850.1,71875.3,71755.8,71780.5,6.81823466,316
1773567900,71780.5,71837.3,71738.5,71832.6,13.72327326,279
1773568800,71832.7,71851.6,71745.9,71820.6,1.45460254,285
1773569700,71820.6,71925.2,71820.5,71859.5,5.14834984,253
1773570600,71859.4,71871.9,71823.8,71831.1,2.19734211,172
1773571500,71831.1,71831.1,71810.4,71810.5,1.31590468,138
1773572400,71810.5,71810.5,71729.8,71729.9,0.92903262,241
1773573300,71729.9,71811.6,71690.8,71719.7,2.82487286,298
1773574200,71718.0,71754.5,71685.9,71754.5,6.8253932299999995,224
1773575100,71755.6,71891.5,71755.6,71862.4,4.53447467,221
1773576000,71862.4,71862.4,71720.3,71720.4,9.37086845,236
1773576900,71720.4,71746.7,71701.7,71707.8,3.65911829,152
1773577800,71707.8,71739.9,71600.0,71600.0,6.12537102,257
1773578700,71600.0,71662.6,71586.2,71627.6,3.59376341,246
1773579600,71627.6,71691.7,71288.7,71450.9,31.97235976,645
1773580500,71450.8,71552.6,71298.2,71538.4,12.06839955,424
1773581400,71538.4,71578.7,71305.6,71445.1,14.80307553,448
1773582300,71450.1,71617.7,71408.7,71610.2,9.93457311,319
1773583200,71610.2,71616.9,71545.3,71585.1,6.70323106,298
1773584100,71585.2,71585.2,71435.9,71474.7,7.7304594799999995,314
1773585000,71474.7,71488.2,71358.6,71488.2,5.89926692,354
1773585900,71488.2,71625.1,71446.4,71614.4,13.05952214,360
1773586800,71614.5,71625.1,71514.6,71557.9,2.552949,325
1773587700,71558.0,71604.6,71471.1,71471.2,5.64892372,313
1773588600,71471.3,71550.1,71431.4,71496.1,4.39208589,338
1773589500,71496.1,71531.8,71492.5,71495.5,6.50861209,240
1773590400,71495.5,71597.0,71472.5,71555.1,3.00367059,365
1773591300,71566.8,71579.2,71352.4,71395.2,15.307265800000001,438
1773592200,71398.8,71496.3,71360.0,71469.5,9.41187628,368
1773593100,71469.5,71469.5,71358.6,71441.4,5.1068646499999995,333
1773594000,71441.4,71518.8,71432.4,71485.7,1.9009665500000001,304
1773594900,71485.7,71539.1,71472.4,71524.7,3.77732181,277
1773595800,71524.8,71549.9,71505.9,71534.8,1.45495483,331
1773596700,71534.8,72016.0,71534.7,71830.9,27.56083364,785
1773597600,71830.9,71875.5,71721.9,71733.6,1.6781204299999999,413
1773598500,71733.6,71777.7,71710.7,71717.0,1.30238559,341
1773599400,71724.1,71829.5,71714.2,71714.2,15.10007028,400
1773600300,71714.2,71714.3,71345.1,71388.0,17.98925542,644
1773601200,71388.1,71525.0,71350.3,71500.6,6.0189205900000005,522
1773602100,71500.6,71563.6,71435.0,71556.4,1.96321948,372
1773603000,71556.4,71569.6,71476.4,71518.7,17.50741056,343
1773603900,71518.7,71569.6,71488.1,71567.2,1.2990058899999999,303
1773604800,71567.2,71567.2,71525.8,71543.5,1.98962523,281
1773605700,71543.6,71582.4,71455.8,71481.6,2.24998161,330
1773606600,71481.7,71938.1,71481.7,71866.7,31.47628153,754
1773607500,71866.6,71875.7,71745.1,71745.1,4.84758361,347
1773608400,71745.1,71745.1,71655.5,71655.6,1.8347879,298
1773609300,71655.6,71809.8,71655.6,71773.6,5.3876928500000005,358
1773610200,71773.7,72200.0,71773.7,72112.0,51.90526615,994
1773611100,72112.0,72230.6,72041.0,72116.1,10.74070443,507
1773612000,72116.2,72300.0,71783.3,71812.0,22.37441357,982
1773612900,71811.9,71969.5,71731.3,71920.4,2.62607376,517
1773613800,71941.5,72500.0,71941.4,72371.3,28.96718946,1296
1773614700,72396.0,73095.4,72396.0,72729.5,95.57827398,1596
1773615600,72744.8,73200.0,72744.8,72969.1,33.37597643,1630
1773616500,72989.0,73121.9,72500.0,72516.5,41.59078783,1161
1773617400,72500.1,72754.4,72440.3,72685.1,50.28749538,939
1773618300,72698.2,72846.2,72580.8,72835.7,8.8476051,500
1773619200,72826.7,73007.8,72716.7,72716.7,55.41689558,997
1773620100,72728.7,72887.7,72520.4,72520.4,6.45405243,478
1773621000,72520.5,72679.1,72469.0,72539.3,21.42997796,506
1773621900,72539.3,72675.7,72535.5,72541.3,4.21680118,392
1773622800,72541.3,72613.7,72304.0,72317.6,17.45846015,643
1773623700,72317.6,72685.5,72317.6,72660.6,11.45701739,509
1773624600,72660.6,72667.4,72507.5,72607.1,7.17142026,466
1773625500,72607.1,72850.1,72594.1,72738.2,12.41850176,473
1773626400,72752.4,72850.2,72686.3,72703.9,9.552779150000001,680
1773627300,72704.0,72749.9,72415.3,72452.1,10.56059166,471
1773628200,72452.2,72469.5,72375.1,72437.5,10.76842207,382
1773629100,72437.6,72595.2,72436.2,72541.9,8.78341396,396
1773630000,72542.0,72604.0,72445.5,72543.5,2.44296003,388
1773630900,72543.4,72885.2,72521.3,72865.8,17.59372278,530
1773631800,72862.5,74295.9,72862.5,73737.1,464.40402332,4120
1773632700,73758.6,73861.1,73561.7,73582.5,32.43005176,910
1773633600,73582.5,73799.9,73582.4,73682.8,42.41040341,962
1773634500,73689.2,74045.3,73605.5,73611.2,31.78275357,875
1773635400,73611.2,73819.1,73611.1,73651.1,16.699560430000002,623
1773636300,73651.1,74424.0,73608.3,73842.1,45.93338689,1440
1773637200,73842.1,74084.0,73756.2,73866.9,43.64076968,937
1773638100,73866.9,73956.7,73799.0,73916.7,19.85554147,568
1773639000,73916.7,74083.0,73743.5,74045.1,12.79450199,571
1773639900,74061.9,74235.6,74005.7,74196.9,41.42109914,820
1773640800,74197.0,74197.0,73615.6,73703.3,25.522029840000002,828
1773641700,73707.7,73831.5,73701.6,73721.4,9.94638423,593
1773642600,73721.4,73852.9,73721.4,73834.4,32.5149447,443
1773643500,73834.3,73834.3,73717.8,73717.8,8.71673849,308
1773644400,73717.9,73923.0,73673.8,73876.4,4.66494024,491
1773645300,73876.3,73876.3,73717.5,73840.2,17.57111374,500
1773646200,73840.3,73860.0,73466.2,73500.0,38.13538617,711
1773647100,73500.0,73512.6,73409.5,73456.6,10.56247849,467
1773648000,73456.6,73774.6,73456.6,73515.7,35.8009765,751
1773648900,73515.8,73561.4,73363.9,73366.3,32.38365931,742
1773649800,73366.3,73373.6,72884.4,72884.4,59.63697937,1247
1773650700,72884.5,73179.8,72884.5,73134.7,16.34339204,736
1773651600,73134.6,73210.1,73069.3,73168.0,13.97984529,609
1773652500,73162.7,73288.0,73154.5,73267.0,14.32420974,504
1773653400,73275.1,73275.2,73209.2,73209.2,7.3924785,375
1773654300,73209.3,73330.4,73209.2,73257.2,14.50796725,400
1773655200,73257.3,73455.9,73257.3,73336.4,15.09050472,616
1773656100,73336.4,73491.2,73325.0,73438.3,22.280967060000002,435
1773657000,73451.6,73451.6,73220.0,73264.0,5.0558631,334
1773657900,73259.1,73782.8,73259.0,73782.8,78.21122349,937
1773658800,73791.6,73843.6,73617.2,73619.1,14.45285355,642
1773659700,73619.1,73752.6,73565.7,73565.7,22.04306167,517
1773660600,73565.8,73653.7,73545.7,73640.4,13.32849955,319
1773661500,73620.5,73669.8,73545.6,73554.1,3.14490597,282
1773662400,73554.1,73790.7,73481.2,73610.2,27.44340219,703
1773663300,73610.1,73886.4,73500.0,73886.4,30.34139468,825
1773664200,73889.0,74042.3,73761.7,73831.2,41.1368568,905
1773665100,73831.3,73886.3,73733.9,73863.1,5.05595556,495
1773666000,73880.1,74002.6,73845.2,73977.4,11.73153829,552
1773666900,73977.3,73998.7,73811.2,73911.4,3.89061179,489
1773667800,73911.4,74500.0,73869.1,74100.0,131.30364662,1845
1773668700,74099.9,74406.2,73898.0,74122.1,33.86099293,1198
1773669600,74122.1,74467.1,73990.1,74347.5,28.14576131,1219
1773670500,74333.9,74394.8,73647.6,73647.7,50.94810847,1353
1773671400,73647.7,73647.7,73016.5,73154.4,65.66079197,1946
1773672300,73154.5,73584.4,73015.7,73556.2,30.98750634,1098
1773673200,73556.2,73793.2,73344.1,73709.8,126.67607974,1098
1773674100,73697.9,73924.5,73597.9,73858.3,41.2780604,989
1773675000,73859.4,74046.6,73523.9,73577.8,136.47453803,1115
1773675900,73577.8,73606.8,73218.3,73292.1,25.52821936,776
1773676800,73292.2,73488.8,73167.8,73331.6,35.2065727,837
1773677700,73331.6,73491.2,73331.6,73425.1,24.59145226,710
1773678600,73425.1,73667.7,73333.0,73661.1,40.57755943,779
1773679500,73661.0,73915.6,73623.3,73765.1,30.57978218,926
1773680400,73765.1,73933.4,73709.7,73869.7,26.42067536,862
1773681300,73850.1,73888.0,73694.8,73694.8,9.61658163,614
1773682200,73701.9,73968.0,73660.6,73921.4,14.03988427,681
1773683100,73921.4,74047.7,73781.4,73954.7,18.83418703,728
1773684000,73954.7,74337.1,73933.7,74209.4,44.53493422,1062
1773684900,74209.4,74296.9,74132.1,74249.5,19.56914277,926
1773685800,74249.5,74359.6,74037.7,74206.7,52.11549525,1076
1773686700,74207.0,74207.0,73875.1,73895.7,28.83490576,746
1773687600,73907.0,74400.0,73805.5,74186.2,57.71490709,1192
1773688500,74186.1,74270.6,73989.4,74115.5,34.31870222,836
1773689400,74115.5,74255.9,74115.5,74169.4,31.84924977,821
1773690300,74150.7,74155.8,73875.2,73976.5,44.17987793,860
1773691200,73975.4,74001.7,73864.6,73890.6,20.39464697,590
1773692100,73890.6,74070.0,73890.6,74014.9,22.27654901,612
1773693000,74010.1,74113.4,74002.5,74055.2,7.17468792,564
1773693900,74055.2,74250.0,74055.2,74250.0,12.77838702,621
1773694800,74250.0,74500.0,74179.3,74362.7,49.87228257,935
1773695700,74365.5,74470.3,74225.8,74264.0,12.34748132,626
1773696600,74264.0,74792.7,74263.9,74420.7,286.34768267,2320
1773697500,74420.7,74611.0,74382.0,74406.1,9.55402007,661
1773698400,74402.8,74897.7,74402.7,74870.0,30.82358808,1107
1773699300,74869.9,74898.5,74600.4,74667.1,19.67199071,802
1773700200,74667.1,74781.4,74623.9,74756.9,11.63708657,609
1773701100,74756.9,74859.2,74686.8,74750.1,26.86158346,657
1773702000,74750.2,74753.5,74262.5,74409.8,29.3504424,911
1773702900,74409.7,74600.0,74409.7,74600.0,27.32322905,586
1773703800,74600.0,74900.0,74594.4,74885.6,19.34274587,620
1773704700,74885.6,74901.3,74703.2,74887.7,36.5407894,631
1773705600,74887.7,75464.8,74637.3,75406.3,164.50042704,2541
1773706500,75406.4,75485.0,74843.9,75060.4,59.16607902,1504
1773707400,75060.4,75225.7,74933.2,75007.2,19.36810245,956
1773708300,75007.2,75303.3,74936.1,75303.2,24.90832516,710
1773709200,75303.3,75979.5,75085.5,75834.9,194.62594634,2239
1773710100,75834.9,75965.8,75621.8,75925.1,24.26124717,1058
1773711000,75925.1,75998.1,75523.0,75653.4,118.06180691,1287
1773711900,75654.8,75754.7,75475.2,75637.1,9.78982166,703
1773712800,75637.1,75669.0,75151.8,75240.0,24.67328197,875
1773713700,75240.1,75251.7,75128.4,75161.9,15.84520249,527
1773714600,75162.2,75458.0,75135.0,75390.0,18.06820972,543
1773715500,75390.0,75413.1,75154.3,75199.9,11.576936889999999,591
1773716400,75200.0,75326.4,74960.7,74966.4,14.18947399,792
1773717300,74962.5,74993.6,74758.9,74841.0,32.59222318,785
1773718200,74841.1,74841.1,74370.3,74432.5,28.12663794,1102
1773719100,74432.6,74510.0,74294.4,74463.4,41.00761179,752
1773720000,74463.9,74662.9,74445.8,74662.9,20.10636046,631
1773720900,74666.7,74677.0,74312.5,74419.0,17.66167663,605
1773721800,74418.9,74494.0,74010.7,74080.0,34.16949676,982
1773722700,74074.2,74295.8,74066.0,74248.6,8.65868874,462
1773723600,74248.6,74388.9,74110.9,74305.6,7.46733212,505
1773724500,74305.6,74419.1,74212.4,74414.0,5.62835497,404
1773725400,74414.0,74455.4,73950.0,73977.2,26.97591534,750
1773726300,73980.3,74093.0,73796.9,74035.2,19.25403578,661
1773727200,74035.2,74170.3,73888.4,74145.0,12.5759842,522
1773728100,74151.1,74265.6,74091.3,74240.9,12.14721502,389
1773729000,74219.3,74280.4,74010.1,74010.2,14.78975151,457
1773729900,74010.1,74084.5,73967.7,74084.4,16.30070085,441
1773730800,74084.5,74344.6,74084.5,74339.2,4.62358261,354
1773731700,74339.2,74440.8,74331.4,74411.0,10.39926941,379
1773732600,74411.0,74411.0,74319.0,74393.8,5.56503454,357
1773733500,74393.8,74393.8,74238.0,74253.0,14.73268173,271
1773734400,74253.1,74458.1,74175.1,74232.3,8.45785607,527
1773735300,74232.5,74410.7,74133.7,74316.6,13.39711645,382
1773736200,74316.6,74443.1,74205.1,74399.8,12.63148043,420
1773737100,74399.8,74427.4,74168.4,74191.2,7.2659135,407
1773738000,74191.3,74247.8,74034.2,74048.8,85.61761903,581
1773738900,74048.8,74391.4,74004.8,74301.0,25.44433324,502
1773739800,74300.9,74321.6,74156.9,74191.0,2.81925355,318
1773740700,74191.0,74191.0,73880.2,73933.8,8.14249858,451
1773741600,73933.8,73964.8,73500.0,73702.7,95.529416,968
1773742500,73702.7,73833.9,73592.2,73768.0,25.53691776,512
1773743400,73768.0,73780.0,73621.4,73762.7,24.79320726,534
1773744300,73762.6,73768.8,73655.5,73729.8,7.03759967,380
1773745200,73729.8,73964.2,73704.0,73931.1,18.04002723,475
1773746100,73931.1,74076.1,73892.2,74011.9,12.30414742,463
1773747000,74012.0,74117.0,73949.4,74117.0,16.41227752,382
1773747900,74117.0,74208.9,74030.3,74038.1,18.14231442,520
1773748800,74038.1,74181.4,74020.4,74071.3,27.42380382,518
1773749700,74071.4,74147.3,73785.7,73803.2,15.56603997,695
1773750600,73803.3,73907.8,73728.0,73848.1,9.48468886,464
1773751500,73848.0,73848.0,73685.4,73747.1,69.40049877,625
1773752400,73747.1,73834.0,73708.0,73828.3,8.75845668,438
1773753300,73831.7,73863.3,73676.0,73714.3,5.1946634199999995,431
1773754200,73714.4,74160.4,73703.3,73751.9,138.59597738,1188
1773755100,73751.8,73882.6,73459.0,73611.7,231.2836548,2117
1773756000,73611.7,73811.9,73455.9,73759.9,18.58582855,875
1773756900,73759.9,73933.4,73564.1,73909.0,5.6127126,715
1773757800,73909.0,74312.9,73908.9,74271.4,19.62517547,999
1773758700,74271.4,74422.4,74155.2,74403.4,26.32163324,902
1773759600,74403.5,74924.7,74128.8,74150.0,209.29916689,1753
1773760500,74149.9,74304.2,74031.2,74079.0,16.1452339,769
1773761400,74079.0,74158.0,73720.8,73933.7,82.11421398,1085
1773762300,73933.6,74078.6,73765.0,73948.5,8.97174402,665
1773763200,73948.5,74158.0,73900.1,74000.0,17.15487146,785
1773764100,74000.1,74350.0,73975.4,74232.2,14.0336514,804
1773765000,74232.2,74243.9,74027.1,74162.7,9.856180479999999,628
1773765900,74162.7,74282.2,74053.6,74166.2,35.59013347,707
1773766800,74166.2,74315.0,74046.3,74199.4,10.8011501,634
1773767700,74216.2,74473.8,74186.1,74306.1,30.743659230000002,731
1773768600,74306.1,74489.5,74261.4,74448.1,4.43764623,571
1773769500,74448.1,74601.8,74403.7,74526.0,47.9145762,695
1773770400,74526.0,74682.4,74477.2,74633.4,16.89131662,608
1773771300,74633.4,74682.1,74436.2,74439.7,5.95223339,591
1773772200,74440.5,74727.2,74438.5,74657.9,16.03563718,666
1773773100,74658.0,74792.0,74612.4,74700.5,30.538980340000002,748
1773774000,74700.5,74800.0,74683.8,74767.6,10.44529512,526
1773774900,74767.6,74800.0,74563.7,74658.0,42.42826439,686
1773775800,74658.0,74782.0,74568.8,74701.4,20.20426028,557
1773776700,74701.4,74705.4,74451.7,74543.9,33.65325339,694
1773777600,74543.9,74543.9,74396.5,74400.3,10.89226848,598
1773778500,74399.7,74705.4,74399.7,74679.7,3.79675973,481
1773779400,74679.7,74679.8,74548.4,74562.2,12.89554785,458
1773780300,74575.7,74600.0,74516.1,74537.3,11.11393403,455
1773781200,74537.3,74798.0,74494.7,74739.6,10.784576060000001,659
1773782100,74739.6,74751.1,74603.3,74603.3,2.74146088,441
1773783000,74603.4,74800.0,74534.9,74777.0,32.738038700000004,513
1773783900,74777.1,74790.0,74696.3,74715.4,3.9701079999999997,325
1773784800,74715.5,74790.0,74590.1,74606.6,8.70510559,552
1773785700,74606.6,74608.1,74381.7,74388.2,23.08613782,536
1773786600,74390.4,74400.0,73960.0,74184.2,49.85150756,939
1773787500,74184.2,74375.3,74179.5,74341.8,7.47055833,579
1773788400,74341.8,74414.0,74257.2,74348.1,3.4125761199999998,399
1773789300,74348.1,74356.3,74127.4,74215.3,13.59690119,419
1773790200,74215.2,74215.3,73968.9,73968.9,47.9378896,664
1773791100,73969.0,74064.2,73889.1,73929.9,7.22635844,511
1773792000,73930.0,74081.1,73836.4,74022.8,6.80087148,653
1773792900,74015.6,74035.2,73692.4,73800.8,20.92487157,770
1773793800,73808.1,73817.0,73575.9,73705.8,7.9656482,605
1773794700,73723.6,73895.8,73723.6,73877.4,1.8044527000000001,411
1773795600,73877.4,74000.0,73862.5,73931.3,3.30697644,481
1773796500,73931.3,74057.6,73861.3,74041.4,13.36451883,488
1773797400,74041.5,74218.4,74041.4,74182.0,13.01269712,571
1773798300,74182.0,74216.2,74030.8,74092.0,5.41601135,477
1773799200,74092.1,74289.1,74091.9,74289.1,6.47113992,540
1773800100,74289.1,74307.1,74219.0,74253.2,5.7375335000000005,344
1773801000,74253.2,74423.0,74234.5,74423.0,6.2603646500000005,379
1773801900,74423.0,74479.3,74359.5,74365.7,4.55456738,320
1773802800,74365.7,74426.0,74285.8,74307.7,3.24660899,307
1773803700,74292.7,74637.6,74292.3,74560.0,9.48998423,490
1773804600,74560.0,74682.3,74476.3,74492.5,6.94202097,389
1773805500,74509.5,74546.6,74449.8,74482.4,1.67567991,217
1773806400,74481.6,74514.0,74421.3,74460.0,4.59006723,302
1773807300,74460.0,74460.0,74294.4,74294.4,5.9707937200000005,285
1773808200,74285.1,74285.1,74215.3,74252.0,4.99229628,331
1773809100,74253.0,74274.0,74182.2,74189.8,7.93058183,267
1773810000,74189.8,74306.8,74189.8,74288.9,4.18041708,312
1773810900,74288.9,74288.9,74091.9,74092.0,7.75607489,262
1773811800,74092.0,74159.5,74045.5,74045.5,12.85163365,275
1773812700,74045.5,74070.4,73871.3,73993.3,4.53526273,358
1773813600,73993.4,74123.0,73980.0,74117.8,3.24600673,332
1773814500,74117.8,74234.8,74074.8,74188.4,5.84674368,339
1773815400,74188.4,74233.6,74031.7,74070.8,2.69241166,316
1773816300,74076.4,74122.3,73946.4,73970.1,4.19548325,332
1773817200,73970.1,74007.1,73892.2,73979.9,3.4165524200000004,343
1773818100,73980.0,73999.0,73835.9,73855.5,4.20090246,330
1773819000,73855.5,73855.5,73734.5,73741.2,17.62355401,522
1773819900,73741.2,73927.5,73730.0,73898.6,7.36419116,406
1773820800,73898.7,74032.7,73898.6,74013.9,2.98797229,422
1773821700,74014.0,74096.8,73999.7,74066.4,6.94458767,362
1773822600,74064.5,74115.1,74000.0,74066.4,5.02839502,281
1773823500,74078.2,74125.8,74042.4,74042.5,2.2275602599999997,217
1773824400,74052.3,74191.1,74051.6,74191.1,7.82133782,323
1773825300,74191.1,74223.7,74151.3,74158.1,20.54337908,254
1773826200,74158.2,74305.2,74158.2,74276.4,1.93916987,325
1773827100,74276.4,74294.3,74136.1,74191.7,21.18575141,335
1773828000,74191.7,74267.9,74123.3,74267.9,2.38032831,301
1773828900,74267.8,74267.8,74197.1,74207.9,3.00060933,205
1773829800,74208.0,74216.5,73900.0,73900.1,7.77519921,558
1773830700,73900.0,73952.3,73844.9,73947.6,7.83165613,405
1773831600,73947.6,74079.6,73800.0,73958.4,71.8869214,640
1773832500,73958.4,74011.6,73610.4,73627.4,143.56068076,616
1773833400,73627.4,73629.5,72822.7,73105.6,228.39217829,2887
1773834300,73105.6,73156.9,72911.6,72980.7,15.18622029,757
1773835200,72980.7,72984.5,72700.0,72773.0,123.15513192,1322
1773836100,72769.8,72893.5,72717.1,72858.9,29.35059434,902
1773837000,72858.8,72858.8,72350.0,72447.1,38.42147581,1672
1773837900,72447.2,72516.7,72310.3,72399.4,19.56878972,888
1773838800,72399.4,72472.7,72145.6,72450.3,150.15144785,1324
1773839700,72450.3,72564.6,72333.3,72494.8,13.025675960000001,660
1773840600,72494.8,72563.2,72247.0,72339.0,41.77982973,1042
1773841500,72346.0,72378.0,72000.0,72136.5,196.78079952,1458
1773842400,72140.0,72222.5,71890.0,71890.1,24.62564386,1206
1773843300,71890.1,72030.3,71641.4,71647.1,49.71637014,1249
1773844200,71653.9,71871.1,71495.1,71495.1,38.45251221,1300
1773845100,71495.1,71603.0,71173.0,71202.8,150.88913678,1642
1773846000,71205.3,71488.6,70897.7,71077.2,84.65808534,2031
1773846900,71077.2,71344.5,71046.4,71322.0,46.1180926,1163
1773847800,71323.7,71482.1,71247.5,71389.5,52.30321,1172
1773848700,71378.2,71520.0,71235.5,71491.6,45.92076562,957
1773849600,71491.7,71575.6,71205.7,71265.9,25.64862602,931
1773850500,71266.0,71349.9,71135.0,71252.6,16.3260672,961
1773851400,71252.6,71311.7,71050.0,71292.9,27.919980849999998,943
1773852300,71292.9,71446.8,71283.8,71322.8,19.10255465,799
1773853200,71322.8,71396.0,71208.3,71300.1,4.11559881,620
1773854100,71300.1,71509.8,71226.3,71488.8,17.15226642,744
1773855000,71487.0,71737.5,71366.7,71615.0,21.48117015,876
1773855900,71614.9,71773.4,71600.0,71609.0,32.93954264,702
1773856800,71605.4,72001.9,71605.3,71892.0,26.53705001,1274
1773857700,71888.6,71888.6,71580.5,71677.5,124.45370737,1012
1773858600,71677.5,71841.9,71500.0,71649.9,118.52833789,1206
1773859500,71625.2,71625.2,70959.9,71108.2,65.19985783,1462
1773860400,71112.6,71413.5,71101.6,71350.5,14.28570438,796
1773861300,71350.4,71482.1,71235.1,71275.0,6.79273401,759
1773862200,71275.1,71348.2,71000.0,71060.9,24.50953121,901
1773863100,71061.0,71144.2,70961.5,71064.3,10.44796653,863
1773864000,71064.3,71064.3,70500.0,70754.4,85.11746725,1984
1773864900,70754.3,71034.9,70744.4,70998.3,22.88346667,872
1773865800,70998.3,71285.1,70958.9,71182.8,38.34585831,885
1773866700,71182.7,71310.7,71150.0,71244.1,5.87372961,644
1773867600,71237.0,71433.0,71188.1,71300.2,31.58486554,712
1773868500,71300.2,71340.0,71244.4,71250.0,111.9608109,709
1773869400,71250.1,71383.4,71177.8,71330.3,6.50044338,558
1773870300,71330.3,71352.0,71295.1,71295.1,8.46734446,356
1773871200,71280.3,71280.3,70971.4,70997.7,25.09269852,699
1773872100,70997.7,71117.6,70975.8,71095.3,18.27160316,449
1773873000,71095.3,71103.0,70963.3,71072.1,3.86188871,451
1773873900,71072.1,71157.7,71027.7,71157.5,19.67832964,504
1773874800,71157.6,71255.7,71079.1,71167.7,8.425026429999999,507
1773875700,71166.6,71212.6,71082.4,71205.3,5.30159395,416
1773876600,71205.4,71343.7,71205.4,71287.9,48.0749816,427
1773877500,71278.1,71376.2,71227.7,71270.9,22.95826038,416
1773878400,71270.9,71306.8,71111.9,71185.3,10.55163451,575
1773879300,71185.3,71306.7,71105.8,71300.7,6.62492874,380
1773880200,71300.8,71300.8,71061.9,71070.1,7.746481119999999,434
1773881100,71070.1,71116.6,71000.0,71016.6,13.79677192,334
1773882000,71016.7,71091.1,70990.0,70990.1,19.66948261,401
1773882900,70990.1,71074.8,70971.5,71074.7,3.61278661,333
1773883800,71074.8,71165.0,71015.3,71149.9,8.35434047,390
1773884700,71150.0,71199.2,71115.7,71141.3,18.25090374,325
1773885600,71141.3,71216.5,70900.0,71187.9,11.52976259,607
1773886500,71187.9,71248.4,71157.2,71232.4,4.84039296,357
1773887400,71237.4,71248.5,71181.6,71218.5,5.41199682,281
1773888300,71218.5,71218.5,71060.0,71060.0,6.43939907,350
1773889200,71060.1,71224.3,71060.1,71198.1,15.63210264,394
1773890100,71198.1,71623.9,71198.0,71526.9,26.96067774,868
1773891000,71519.8,71530.4,71254.7,71273.8,9.07295893,400
1773891900,71273.7,71298.9,71228.7,71228.7,6.62646397,267
1773892800,71228.8,71228.8,70756.9,70866.4,23.78663094,904
1773893700,70866.3,70935.4,70697.0,70740.6,9.54036669,456
1773894600,70740.5,70833.9,70680.3,70810.3,2.63289364,471
1773895500,70810.3,70883.2,70750.9,70855.2,2.03448936,305
1773896400,70835.3,70897.9,70768.7,70812.5,1.46122786,439
1773897300,70812.5,70889.2,70689.6,70704.7,3.24246534,290
1773898200,70704.7,70874.6,70680.3,70802.8,5.24667024,380
1773899100,70795.6,70843.4,70735.0,70818.6,11.75599362,368
1773900000,70818.6,70949.3,70750.3,70902.5,33.519547020000005,472
1773900900,70884.3,70933.9,70756.4,70756.4,4.30640215,376
1773901800,70737.9,70763.6,70595.6,70700.0,118.19408490000001,1280
1773902700,70700.0,70729.3,70521.5,70584.8,29.33948972,481
1773903600,70582.2,70617.1,70017.7,70017.8,170.21587947,2252
1773904500,70017.8,70029.1,69505.8,69825.5,159.22006041,2326
1773905400,69825.6,70223.8,69825.5,70100.6,97.8394581,838
1773906300,70100.7,70300.0,70023.5,70189.0,8.203661199999999,532
1773907200,70203.4,70263.3,70134.9,70183.6,5.60090417,472
1773908100,70183.7,70227.5,70069.9,70087.9,5.0476557600000005,452
1773909000,70087.9,70158.5,69920.0,70032.6,4.42934834,556
1773909900,70032.5,70143.8,69933.6,69990.0,13.49630196,502
1773910800,69990.0,70156.1,69990.0,70043.7,5.29164892,503
1773911700,70043.7,70449.9,70017.8,70255.7,15.097204040000001,583
1773912600,70255.7,70454.6,70126.0,70454.6,15.28343803,410
1773913500,70454.6,70544.7,70435.9,70511.4,7.857503149999999,461
1773914400,70511.4,70542.1,70420.7,70425.0,39.69539559,607
1773915300,70424.9,70507.0,70392.3,70411.7,1.27693244,306
1773916200,70411.7,70411.7,70202.6,70221.4,8.63387756,316
1773917100,70221.3,70268.0,70123.2,70130.6,3.56463252,297
1773918000,70130.6,70244.3,70089.2,70142.6,13.06940435,365
1773918900,70142.7,70226.2,70123.4,70205.4,5.77048888,272
1773919800,70205.4,70239.2,70003.0,70024.6,15.28109851,427
1773920700,70024.7,70058.0,69921.2,69940.0,28.13929024,573
1773921600,69940.0,69950.7,69636.6,69815.1,48.0567361,1052
1773922500,69815.1,69815.1,69557.4,69604.1,27.48079548,724
1773923400,69604.2,69737.1,69533.7,69657.7,36.2847373,676
1773924300,69649.8,69663.2,69128.7,69295.9,80.90459536,1443
1773925200,69296.0,69432.7,69099.0,69117.9,41.86647837,956
1773926100,69105.5,69498.7,69098.9,69337.4,34.5213483,807
1773927000,69336.4,69791.6,69254.3,69705.4,47.46382748,1326
1773927900,69705.3,70060.4,69559.8,69894.6,16.20164422,1058
1773928800,69889.8,70158.8,69520.2,69520.2,31.63652089,1205
1773929700,69520.2,69556.3,69130.3,69148.3,15.69382915,985
1773930600,69150.0,69340.5,69098.0,69296.1,25.86173257,979
1773931500,69296.1,69569.0,69197.7,69508.4,31.31212439,892
1773932400,69501.6,69912.3,69444.9,69713.5,28.7613727,1039
1773933300,69713.6,69789.9,69219.9,69219.9,20.23280532,1060
1773934200,69220.0,69357.5,68915.0,68915.1,59.43413771,1612
1773935100,68915.1,69536.2,68782.0,69416.0,78.48089385,1603
1773936000,69416.1,69529.3,69210.0,69349.0,123.04538852,972
1773936900,69349.0,69574.4,69186.4,69530.4,116.54993281,1020
1773937800,69530.5,69642.1,69264.2,69519.5,47.20528634,923
1773938700,69519.5,69524.7,69300.8,69454.0,33.62982217,698
1773939600,69454.0,69464.9,69122.0,69206.7,52.41375678,810
1773940500,69206.7,69735.2,69180.2,69647.1,20.39798714,761
1773941400,69647.1,69744.5,69500.0,69575.8,3.91005091,514
1773942300,69575.9,69929.5,69556.9,69847.8,12.09407858,672
1773943200,69847.8,69916.9,69735.9,69844.0,45.11639543,649
1773944100,69843.9,69897.2,69640.1,69654.2,6.23615721,561
1773945000,69655.2,69751.9,69620.1,69694.2,16.40187275,497
1773945900,69694.2,69846.4,69600.1,69818.6,7.2531700699999995,527
1773946800,69816.3,70536.3,69816.2,70372.3,143.65374639,1400
1773947700,70372.2,70598.3,70239.8,70287.6,39.168773800000004,1033
1773948600,70287.6,70489.0,70173.3,70459.4,9.51466312,723
1773949500,70459.3,70459.3,70184.3,70265.5,14.8474026,726
1773950400,70265.5,70322.3,70195.2,70286.0,12.19593822,603
1773951300,70286.1,70465.8,70286.1,70326.0,19.67554153,627
1773952200,70326.0,70669.5,70326.0,70530.4,115.42649852,691
1773953100,70530.5,70539.8,70450.0,70498.7,111.53003062,567
1773954000,70498.7,70694.0,70466.8,70687.1,13.70292755,477
1773954900,70687.1,70687.1,70532.0,70554.4,12.97838368,436
1773955800,70554.5,70593.9,70441.2,70466.3,7.22990689,451
1773956700,70461.9,70544.6,70389.3,70424.9,20.94886248,412
1773957600,70424.9,70498.2,70329.1,70449.2,17.12091635,536
1773958500,70449.1,70452.8,70370.7,70402.5,18.67335301,431
1773959400,70389.4,70389.4,69967.0,70076.7,26.79274639,916
1773960300,70066.3,70180.6,70011.7,70180.5,32.91905596,468
1773961200,70180.6,70274.0,70180.6,70193.1,7.31267128,404
1773962100,70193.2,70193.2,69977.0,70165.6,3.17817598,383
1773963000,70165.6,70187.4,69736.8,69847.1,22.62540521,721
1773963900,69847.2,69976.4,69812.5,69911.9,8.79344835,429
1773964800,69916.6,70107.7,69840.9,70062.1,70.78460623,1235
1773965700,70062.1,70156.5,69944.9,70092.3,62.153772599999996,941
1773966600,70092.4,70251.9,70054.5,70216.3,51.04957113,927
1773967500,70216.2,70302.6,70171.0,70185.0,23.55170997,634
1773968400,70193.8,70432.0,70193.0,70404.9,16.28586248,664
1773969300,70404.9,70429.6,70350.4,70381.5,11.6735336,408
1773970200,70381.5,70570.2,70381.5,70570.2,33.32120517,772
1773971100,70570.2,70570.2,70390.6,70410.0,21.97552732,421
1773972000,70410.1,70478.9,70319.7,70364.0,5.48661585,416
1773972900,70364.0,70364.0,70183.5,70230.6,29.68163094,634
1773973800,70230.7,70276.0,70085.2,70275.4,12.96665458,450
1773974700,70271.4,70501.3,70236.0,70416.0,6.67316099,321
1773975600,70416.1,70463.6,70395.9,70423.6,26.7630878,345
1773976500,70420.4,70643.1,70409.3,70643.0,3.2606526799999997,313
1773977400,70643.0,70789.3,70577.0,70604.5,21.56413742,593
1773978300,70604.4,70773.2,70558.7,70733.4,15.00367121,412
1773979200,70722.9,70941.6,70705.1,70919.7,19.350347,629
1773980100,70919.7,70919.7,70832.6,70900.0,5.60229522,284
1773981000,70900.0,70900.0,70568.0,70582.1,4.36458983,389
1773981900,70582.2,70788.8,70582.1,70773.4,1.59685525,266
1773982800,70773.4,70835.4,70728.3,70821.7,6.27355905,359
1773983700,70821.7,70856.7,70616.5,70616.5,5.25414079,283
1773984600,70616.5,70712.8,70582.4,70701.3,1.07520314,250
1773985500,70701.3,70701.4,70534.3,70585.4,8.03079671,281
1773986400,70593.7,70633.5,70502.6,70525.0,10.167191279999999,316
1773987300,70525.1,70525.1,70422.5,70466.0,3.5383527,327
1773988200,70472.0,70511.1,70360.2,70457.6,2.68673052,356
1773989100,70457.6,70524.1,70444.2,70492.3,1.3922299,242
1773990000,70492.3,70492.3,70200.8,70251.7,13.59648862,527
1773990900,70251.7,70541.3,70251.7,70449.9,3.80165286,299
1773991800,70450.4,70835.4,70410.3,70835.4,9.58495863,528
1773992700,70835.4,70909.1,70829.1,70856.2,5.91275296,389
1773993600,70856.2,71340.6,70800.9,71274.9,54.58767548,1066
1773994500,71274.9,71275.0,71159.3,71273.2,8.78861465,426
1773995400,71257.1,71257.1,71111.3,71126.2,5.978293,420
1773996300,71126.2,71143.8,71023.4,71050.0,9.93417828,366
1773997200,71050.0,71050.0,70860.6,70860.6,7.8057522200000005,423
1773998100,70860.5,70860.5,70428.2,70529.1,27.00903602,782
1773999000,70529.1,70725.4,70514.3,70625.8,6.20765316,351
1773999900,70635.7,70635.7,70485.0,70578.2,19.33430187,429
1774000800,70578.2,70578.2,70299.7,70359.2,34.18992692,600
1774001700,70359.0,70438.3,70214.5,70315.7,20.95226608,585
1774002600,70315.8,70654.9,70315.7,70535.1,21.32027569,453
1774003500,70535.1,70636.6,70534.8,70606.5,17.74799587,282
1774004400,70606.5,70781.8,70583.3,70761.0,11.2563288,455
1774005300,70769.1,70769.1,70613.1,70700.0,15.70650532,342
1774006200,70700.0,70707.3,70314.7,70400.6,20.8059172,430
1774007100,70400.6,70470.5,70313.2,70470.5,4.58771251,296
1774008000,70470.5,70657.9,70425.7,70564.0,7.406373390000001,493
1774008900,70564.0,70633.1,70423.6,70437.2,9.58401709,423
1774009800,70437.2,70447.4,70266.0,70343.2,17.05297342,475
1774010700,70343.2,70359.9,70258.0,70319.9,8.4963279,397
1774011600,70320.0,70431.9,70256.3,70310.9,10.72634051,608
1774012500,70310.8,70599.8,70310.8,70466.7,19.14063093,638
1774013400,70466.7,70492.6,69855.1,70309.7,81.47706245,1681
1774014300,70309.6,70379.9,69803.8,69857.0,23.29168974,1042
1774015200,69857.0,70071.2,69661.8,69798.1,43.20930891,1323
1774016100,69798.1,69983.7,69586.4,69936.5,125.82988254,1242
1774017000,69936.5,70240.7,69936.5,69979.2,121.01611487,1121
1774017900,69979.2,70099.2,69661.5,69728.8,12.57251886,951
1774018800,69728.9,69851.2,69485.7,69747.7,21.98978497,1292
1774019700,69747.7,69967.6,69600.0,69809.9,20.84965021,915
1774020600,69810.0,69971.5,69757.5,69909.9,6.22166943,743
1774021500,69909.9,69971.5,69766.1,69856.8,15.76713411,628
1774022400,69856.9,70070.4,69856.9,69999.7,18.06027779,740
1774023300,69978.0,70080.7,69882.5,70009.4,3.78437799,673
1774024200,70009.4,70016.9,69677.5,69761.7,6.96903676,656
1774025100,69761.6,69882.3,69611.4,69830.3,8.57765034,640
1774026000,69830.3,69934.6,69690.3,69775.6,7.3271723699999995,654
1774026900,69775.7,69859.4,69626.6,69640.1,8.04368316,616
1774027800,69640.1,69667.4,69400.0,69560.8,39.16483341,1005
1774028700,69560.8,69999.2,69560.8,69969.7,37.56904731,822
1774029600,69969.7,70041.7,69896.5,69969.7,6.41386526,621
1774030500,69969.7,70014.3,69641.5,69641.5,14.1651239,696
1774031400,69648.4,69771.4,69533.5,69686.9,11.74849387,651
1774032300,69686.9,69898.1,69686.9,69748.6,3.5508919,687
1774033200,69748.6,69885.4,69697.9,69855.8,5.48904255,649
1774034100,69859.9,69954.7,69780.1,69863.3,20.2413955,663
1774035000,69863.3,69982.8,69673.1,69982.8,9.51604072,706
1774035900,69982.8,70178.2,69895.1,70169.0,27.3945219,833
1774036800,70169.0,70237.7,70080.0,70198.8,38.4751849,808
1774037700,70198.7,70198.8,69956.0,69967.5,9.50278211,474
1774038600,69967.6,69979.1,69746.8,69941.1,10.95749771,649
1774039500,69933.2,70071.7,69916.4,70039.9,25.4126819,528
1774040400,70039.9,70140.3,69955.7,70124.9,6.22113326,475
1774041300,70124.9,70584.7,70124.9,70496.4,59.87413565,937
1774042200,70495.8,70688.8,70378.0,70390.2,18.35832262,608
1774043100,70390.2,70587.1,70390.1,70527.7,3.5394616500000002,326
1774044000,70527.7,70901.1,70527.6,70791.7,53.85112566,819
1774044900,70791.7,70855.2,70687.4,70687.4,13.30460718,532
1774045800,70687.5,70764.2,70623.2,70689.3,8.45097411,407
1774046700,70687.2,70824.6,70648.4,70784.1,6.7478751500000005,412
1774047600,70784.1,70784.1,70509.1,70516.0,6.44921153,439
1774048500,70515.2,70549.6,70424.9,70487.6,20.98371767,489
1774049400,70487.0,70538.1,70456.6,70526.8,7.85911295,353
1774050300,70526.7,70588.0,70467.1,70515.6,1.8696955100000001,298
1774051200,70515.6,70587.0,70465.1,70587.0,35.029110620000004,463
1774052100,70587.0,70800.0,70572.3,70646.9,6.83166574,438
1774053000,70646.9,70659.0,70572.4,70599.6,3.80478067,353
1774053900,70599.7,70701.5,70572.3,70670.4,5.62318037,305
1774054800,70670.3,70752.7,70644.0,70670.4,8.87083576,398
1774055700,70670.4,70670.4,70572.3,70595.4,1.84417969,267
1774056600,70595.4,70639.5,70526.8,70526.8,4.31032247,298
1774057500,70521.5,70571.7,70463.4,70463.4,1.87977329,260
1774058400,70463.4,70495.4,70440.2,70472.8,5.68484875,397
1774059300,70472.9,70683.8,70472.9,70640.4,0.92264295,245
1774060200,70640.3,70723.2,70571.0,70699.1,3.05353147,269
1774061100,70699.0,70749.8,70696.4,70724.1,2.68406369,202
1774062000,70724.2,70761.2,70670.3,70686.5,0.64281406,247
1774062900,70686.4,70691.0,70650.6,70691.0,0.76476263,159
1774063800,70690.9,70691.0,70617.2,70642.1,1.4467705800000001,198
1774064700,70642.1,70677.6,70619.7,70660.6,0.58033378,181
1774065600,70652.3,70766.5,70652.3,70731.4,1.14635866,272
1774066500,70731.4,70792.5,70719.1,70754.4,0.73236231,195
1774067400,70747.9,70747.9,70614.5,70631.2,2.11028738,180
1774068300,70631.2,70635.8,70630.0,70630.0,0.99453773,114
1774069200,70630.1,70691.1,70628.1,70628.2,2.33858809,203
1774070100,70628.2,70774.8,70628.2,70774.8,1.77648923,193
1774071000,70774.8,70799.8,70706.1,70749.3,5.35348866,197
1774071900,70749.3,70749.3,70676.1,70692.2,2.06152845,140
1774072800,70692.2,70722.9,70690.6,70722.9,1.40194489,191
1774073700,70722.8,70799.8,70705.5,70768.6,3.9881549400000003,229
1774074600,70781.0,70790.0,70723.0,70776.3,2.31485706,174
1774075500,70776.3,70776.3,70740.8,70760.5,0.45197118000000003,161
1774076400,70760.6,70764.0,70720.6,70739.1,4.88506042,195
1774077300,70739.1,70850.2,70739.0,70850.2,9.18256887,298
1774078200,70850.2,70850.2,70752.0,70752.0,1.89368566,177
1774079100,70752.0,70752.0,70660.1,70692.5,3.15447138,190
1774080000,70695.6,70732.1,70690.0,70709.9,1.66521193,154
1774080900,70705.0,70705.0,70519.6,70519.6,2.77898943,256
1774081800,70519.7,70603.6,70484.2,70600.6,3.23705574,170
1774082700,70597.0,70610.2,70549.1,70580.2,9.5100697,160
1774083600,70580.3,70715.0,70577.9,70681.0,3.7758505700000002,216
1774084500,70681.0,70681.0,70585.4,70585.4,0.70342879,119
1774085400,70585.4,70729.7,70577.5,70617.3,305.76098845,598
1774086300,70617.3,70650.1,70617.2,70632.5,0.61774307,113
1774087200,70632.5,70663.6,70598.8,70605.8,2.04760525,183
1774088100,70605.7,70605.8,70559.0,70560.0,6.27239122,138
1774089000,70560.0,70604.1,70560.0,70574.5,1.43410721,131
1774089900,70574.5,70587.5,70562.3,70585.1,1.32243286,140
1774090800,70585.2,70587.6,70570.0,70570.1,0.56923006,144
1774091700,70570.1,70599.2,70570.0,70599.2,0.77041115,111
1774092600,70599.1,70618.8,70573.6,70618.7,1.88949966,139
1774093500,70618.8,70633.6,70599.5,70633.6,0.6419424,142
1774094400,70633.6,70712.7,70633.6,70712.6,3.30159719,292
1774095300,70712.6,70764.8,70676.7,70754.7,3.16634494,235
1774096200,70754.7,70754.7,70699.7,70741.4,4.1176154899999995,236
1774097100,70741.4,70741.4,70698.3,70707.2,0.7287232100000001,180
1774098000,70707.3,70738.3,70691.0,70731.8,2.06514343,270
1774098900,70731.8,70783.8,70711.7,70735.2,1.7086236399999999,231
1774099800,70735.2,70758.0,70709.5,70709.5,1.15374652,213
1774100700,70709.6,70747.5,70709.4,70717.0,3.9567532499999998,194
1774101600,70717.0,71071.7,70717.0,70991.9,14.78030772,539
1774102500,70991.9,71034.8,70916.5,70923.5,5.30409526,361
1774103400,70923.5,70999.0,70920.0,70926.8,16.56172406,419
1774104300,70926.8,70926.8,70586.7,70620.4,11.35839052,525
1774105200,70620.4,70626.8,70578.6,70607.6,1.29258024,331
1774106100,70620.0,70646.6,70450.0,70636.3,8.79786996,672
1774107000,70636.3,70743.5,70609.2,70632.4,2.88337747,405
1774107900,70616.9,70663.5,70616.9,70632.6,1.16532585,320
1774108800,70632.6,70632.6,70555.9,70556.0,2.11548883,251
1774109700,70556.0,70599.9,70304.8,70397.9,22.92937499,613
1774110600,70397.9,70464.1,70347.1,70358.0,1.69496285,301
1774111500,70358.1,70422.3,70244.8,70286.8,2.84900976,333
1774112400,70286.8,70343.1,70189.5,70250.0,16.45535932,427
1774113300,70250.0,70382.6,70241.2,70356.5,4.94177349,400
1774114200,70356.5,70409.2,70349.6,70385.7,5.29306911,347
1774115100,70385.7,70389.4,70282.7,70311.6,1.82000092,297
1774116000,70309.0,70366.2,70293.5,70366.2,3.34491534,319
1774116900,70366.2,70420.7,70341.6,70403.4,5.26926878,364
1774117800,70403.3,70500.7,70390.1,70453.4,2.66112333,371
1774118700,70453.4,70453.5,70369.6,70382.2,3.84844682,230
1774119600,70382.2,70427.6,70382.1,70410.0,1.15109137,229
1774120500,70410.0,70424.0,70386.1,70420.0,0.86013313,263
1774121400,70404.4,70413.5,70320.0,70320.1,2.9559325,260
1774122300,70320.1,70385.3,70320.0,70380.6,2.25981275,232
1774123200,70380.7,70418.2,70344.6,70381.2,8.50543888,312
1774124100,70381.1,70454.0,70349.4,70431.0,3.82476805,293
1774125000,70431.0,70471.4,70423.5,70438.4,3.57959509,351
1774125900,70450.1,70491.0,70425.5,70448.9,1.84243936,293
1774126800,70448.8,70495.1,70354.7,70360.2,9.93224278,324
1774127700,70360.2,70380.9,70345.1,70351.1,3.78966243,306
1774128600,70351.0,70374.3,70345.2,70345.2,1.26705337,210
1774129500,70345.1,70352.6,70238.0,70352.4,7.50705144,298
1774130400,70352.4,70352.4,70260.4,70300.0,1.38879034,278
1774131300,70300.0,70321.2,70270.0,70272.1,3.36444278,213
1774132200,70272.1,70354.1,70255.1,70287.3,2.1303863,291
1774133100,70287.3,70296.5,70257.1,70283.0,1.55298207,226
1774134000,70278.2,70278.2,70118.3,70139.8,4.44489057,407
1774134900,70139.7,70206.0,70106.1,70106.1,5.43239628,323
1774135800,70106.1,70187.0,70097.7,70152.1,1.93937886,268
1774136700,70147.5,70147.5,68538.3,68907.7,244.60911788,3981
1774137600,68907.7,68921.6,68250.1,68692.9,97.66467501,2576
1774138500,68692.9,69034.6,68664.6,68890.7,15.35235264,1098
1774139400,68890.7,69125.6,68890.7,69078.2,21.87684055,937
1774140300,69078.1,69108.4,68787.0,68941.0,12.43028417,721
1774141200,68941.1,69081.0,68858.0,68956.3,4.40377108,558
1774142100,68956.2,69080.9,68897.9,69003.9,8.35330763,488
1774143000,69003.9,69057.9,68763.1,68829.7,14.97599397,571
1774143900,68829.6,68975.1,68829.6,68952.6,2.79114175,328
1774144800,68952.6,69059.9,68952.6,69059.9,2.9034651,634
1774145700,69059.8,69402.7,68977.0,69322.0,13.80822731,560
1774146600,69322.0,69350.1,69200.0,69215.4,11.1359356,536
1774147500,69215.4,69336.0,69204.0,69276.0,2.3248684600000002,347
1774148400,69276.0,69321.7,69121.5,69304.0,4.43355773,385
1774149300,69304.0,69509.5,69264.0,69444.8,11.36960707,474
1774150200,69444.8,69569.5,69313.7,69341.1,5.59474749,485
1774151100,69341.1,69349.4,69282.7,69332.6,1.9386368,201
1774152000,69332.6,69468.8,69316.0,69410.4,4.42951129,396
1774152900,69414.8,69509.4,69204.6,69244.5,8.81910356,361
1774153800,69261.6,69348.4,69208.2,69329.7,1.62297781,213
1774154700,69329.7,69384.8,69300.0,69352.2,1.79257209,246
1774155600,69340.5,69343.3,69213.5,69231.7,3.18893126,285
1774156500,69223.0,69256.3,69161.0,69161.2,2.3535425,226
1774157400,69163.0,69214.0,69147.4,69205.9,5.4349004,248
1774158300,69205.8,69242.0,69145.4,69145.5,10.68144641,213
1774159200,69145.5,69157.4,69070.6,69125.7,4.5489586,274
1774160100,69125.7,69200.0,69086.9,69200.0,3.91130913,231
1774161000,69200.0,69213.3,69166.3,69195.0,10.14492882,212
1774161900,69194.9,69194.9,69123.6,69141.1,11.04646253,208
1774162800,69141.2,69227.4,69130.3,69145.5,5.0563880800000005,288
1774163700,69138.5,69189.6,69133.1,69168.0,1.92584387,175
1774164600,69168.1,69168.1,68929.8,68929.8,7.12936659,490
1774165500,68929.8,69069.0,68902.1,68902.2,4.424434160000001,374
1774166400,68902.2,68963.5,68728.8,68960.7,20.99215774,612
1774167300,68960.8,68973.0,68566.9,68631.9,12.83034476,679
1774168200,68618.1,68766.3,68561.0,68743.5,5.48324115,404
1774169100,68743.4,68795.8,68686.9,68795.8,8.22436046,208
1774170000,68795.8,68858.8,68744.4,68853.8,4.02359474,315
1774170900,68853.7,68880.6,68573.0,68639.6,1.77901848,403
1774171800,68639.6,68799.4,68639.5,68786.2,3.8576032700000003,286
1774172700,68786.1,68821.4,68766.1,68819.8,1.27430404,214
1774173600,68819.9,68819.9,68685.4,68731.0,2.61982034,302
1774174500,68731.0,68734.3,68658.0,68717.9,1.35850621,260
1774175400,68718.0,68755.5,68597.4,68597.4,2.05516264,304
1774176300,68597.5,68656.4,68597.5,68656.4,1.72488398,243
1774177200,68656.4,68671.4,68577.0,68665.2,4.27825358,370
1774178100,68665.2,68669.4,68381.2,68412.2,24.07147423,662
1774179000,68412.1,68501.5,68275.0,68404.5,5.09973694,565
1774179900,68404.4,68404.4,68123.6,68208.0,38.57167178,803
1774180800,68211.0,68306.2,68172.6,68306.2,9.78536118,398
1774181700,68306.2,68731.6,68306.2,68657.7,20.44725591,705
1774182600,68657.7,68657.7,68601.0,68614.9,4.5310979300000005,295
1774183500,68614.9,68667.8,68551.7,68655.0,4.78396371,359
1774184400,68655.1,68940.2,68655.0,68800.1,18.55405312,682
1774185300,68800.1,68863.2,68743.1,68810.1,9.56967102,336
1774186200,68810.1,68838.3,68544.2,68625.8,11.1366976,559
1774187100,68625.8,68745.7,68602.9,68702.3,6.13789494,365
1774188000,68702.3,68783.2,68555.9,68778.9,22.361143300000002,523
1774188900,68774.5,68883.2,68744.4,68825.0,6.33648277,379
1774189800,68825.0,68894.4,68784.9,68845.2,15.45368519,408
1774190700,68845.2,68845.2,68650.0,68710.8,3.4776582499999997,414
1774191600,68710.9,68920.9,68710.9,68906.3,21.13575695,472
1774192500,68906.2,68979.5,68817.4,68898.2,8.36474932,504
1774193400,68898.2,68898.2,68724.0,68806.7,11.55159922,446
1774194300,68806.7,68838.5,68745.5,68824.7,12.53192162,380
1774195200,68824.7,68858.8,68763.0,68796.0,7.4628545200000005,488
1774196100,68796.1,68796.1,68704.1,68718.9,5.826633999999999,400
1774197000,68718.9,68766.5,68693.2,68721.7,2.33321205,317
1774197900,68721.7,68833.1,68721.7,68819.1,7.0465261,302
1774198800,68819.1,68826.2,68748.3,68826.2,5.41944466,334
1774199700,68826.2,68833.1,68760.8,68816.9,2.52824289,392
1774200600,68816.9,68816.9,68675.4,68675.4,7.39712663,341
1774201500,68675.4,68726.7,68668.4,68684.5,33.288141,376
1774202400,68684.5,68699.1,68620.0,68699.1,3.70236987,328
1774203300,68699.1,68721.5,68672.4,68694.5,5.10483484,338
1774204200,68694.5,68738.4,68363.9,68478.2,14.14283445,729
1774205100,68478.1,68599.5,68446.7,68599.4,11.15620522,416
1774206000,68599.5,68619.8,68291.0,68322.3,19.25240412,602
1774206900,68331.8,68380.0,68303.4,68303.4,3.85688914,423
1774207800,68300.0,68408.5,68230.0,68408.4,13.77176974,489
1774208700,68408.4,68408.4,68110.8,68180.2,180.81262002,1024
1774209600,68180.2,68350.0,68180.2,68341.9,10.79040151,568
1774210500,68341.8,68484.1,68280.1,68307.4,11.94394231,438
1774211400,68321.4,68363.5,68205.7,68363.5,6.44755871,374
1774212300,68363.5,68363.5,68075.0,68184.3,12.237092220000001,594
1774213200,68184.3,68199.9,67563.2,67744.3,94.58377471,2388
1774214100,67756.8,67840.4,67343.1,67799.6,170.56841054,1930
1774215000,67799.6,67952.6,67691.0,67863.6,30.10392438,666
1774215900,67863.6,67886.8,67777.0,67871.0,21.94786607,437
1774216800,67872.4,68099.5,67571.2,67918.0,32.70520139,1021
1774217700,67918.0,68331.4,67858.5,68251.2,34.89634545,800
1774218600,68250.5,68300.0,68099.4,68124.6,4.64775305,531
1774219500,68124.7,68377.0,68124.6,68309.1,3.52727772,443
1774220400,68309.1,68443.6,68200.1,68328.4,8.91330701,569
1774221300,68320.8,68321.0,68093.4,68099.3,13.73652366,468
1774222200,68099.2,68140.2,67993.4,68121.5,6.84348524,373
1774223100,68112.6,68123.1,67843.7,67857.1,9.06233638,548
1774224000,67857.1,68103.2,67776.6,67969.0,16.5783608,801
1774224900,67958.5,68144.2,67797.5,67978.7,19.76656539,592
1774225800,67975.3,67975.3,67443.2,67697.9,20.98049232,919
1774226700,67694.1,67854.8,67626.5,67677.5,6.95354159,435
1774227600,67677.5,67915.3,67544.3,67812.4,5.91148478,685
1774228500,67812.5,68100.0,67812.5,68091.0,18.91877641,563
1774229400,68065.0,68124.0,67985.5,68014.1,8.71675487,378
1774230300,68014.1,68098.2,67900.1,67900.1,6.5285987500000005,398
1774231200,67900.1,68040.3,67828.7,67828.8,4.57576263,466
1774232100,67828.8,68281.1,67808.6,68257.2,12.31917839,459
1774233000,68241.8,68353.3,68185.3,68250.4,10.228932630000001,413
1774233900,68243.6,68311.2,68164.3,68308.0,17.434273060000002,338
1774234800,68307.1,68556.9,68224.8,68227.6,25.10304723,692
1774235700,68227.5,68256.8,68170.8,68185.9,3.11220903,235
1774236600,68194.1,68207.9,68107.7,68192.8,7.68378702,286
1774237500,68192.7,68204.7,68047.4,68057.3,2.5133721,304
1774238400,68057.3,68182.5,68034.2,68149.3,7.01659051,305
1774239300,68149.1,68209.1,68118.0,68209.1,4.40017154,271
1774240200,68209.1,68342.5,68209.1,68269.3,5.53419243,275
1774241100,68269.3,68520.1,68269.2,68519.7,11.1171979,360
1774242000,68519.7,68771.4,68519.7,68738.6,22.34032792,621
1774242900,68738.7,68835.4,68665.8,68665.8,7.55627246,411
1774243800,68665.9,68800.0,68566.0,68629.5,32.72717717,688
1774244700,68615.3,68869.5,68560.6,68869.5,22.81969483,463
1774245600,68869.5,68876.9,68541.4,68572.7,5.45813334,384
1774246500,68572.7,68654.2,68493.4,68541.1,4.45036161,320
1774247400,68541.2,68541.2,67692.8,67797.6,14.43370722,1033
1774248300,67797.6,67912.8,67694.0,67837.4,25.28168123,608
1774249200,67837.4,67954.1,67500.1,67937.4,25.79174882,857
1774250100,67937.5,67971.1,67651.0,67794.8,25.99410631,562
1774251000,67794.8,68293.3,67770.8,68293.3,21.3014195,636
1774251900,68293.4,68429.2,68284.3,68297.8,30.21018066,531
1774252800,68307.0,68641.0,68307.0,68630.9,18.38626531,722
1774253700,68622.3,68665.6,68440.6,68444.0,3.32507533,428
1774254600,68444.0,68615.4,68388.8,68503.9,45.04790453,570
1774255500,68503.9,68535.5,68329.5,68424.2,2.43787858,367
1774256400,68424.2,68445.8,68214.5,68251.9,13.34709855,525
1774257300,68251.8,68338.4,68140.4,68208.3,7.64009489,355
1774258200,68221.3,68221.4,67911.8,68107.4,9.71548184,525
1774259100,68107.4,68298.1,68107.4,68284.3,8.26339122,316
1774260000,68303.8,68702.5,68291.1,68595.7,18.30983495,629
1774260900,68583.0,68590.0,68393.5,68418.3,20.43056683,420
1774261800,68434.3,68448.4,68287.7,68373.9,5.28932061,345
1774262700,68387.9,68554.1,68367.5,68540.9,10.31876673,426
1774263600,68540.9,71479.0,68540.8,70901.1,306.1856441,5108
1774264500,70943.4,71250.6,70277.4,70686.9,128.21344403,2418
1774265400,70686.9,71187.0,70399.1,70609.6,117.03521724,1806
1774266300,70629.4,70662.9,70047.9,70070.8,99.14182483,1767
1774267200,70089.5,70227.4,69669.6,69990.8,95.95793166,1836
1774268100,69990.8,70477.1,69964.5,70324.9,48.27001017,1084
1774269000,70325.1,70744.9,70172.5,70707.6,52.86965865,1255
1774269900,70700.1,70847.4,70560.0,70719.9,47.9674597,1017
1774270800,70719.9,70867.2,70590.0,70724.5,34.39598707,949
1774271700,70724.6,70875.7,70724.6,70773.1,14.78596038,808
1774272600,70776.6,71387.0,70635.4,71183.4,77.26573542,2070
1774273500,71197.8,71605.6,71006.1,71442.6,83.20499721,1958
1774274400,71442.7,71816.6,71371.5,71516.8,106.6797128,1681
1774275300,71510.3,71724.8,71278.7,71334.4,45.67818705,1133
1774276200,71334.4,71499.9,71216.8,71360.1,29.12251505,925
1774277100,71360.1,71484.0,71131.4,71448.9,21.70080183,974
1774278000,71437.7,71624.1,71347.0,71355.7,27.50404444,993
1774278900,71355.6,71356.0,70870.0,70897.7,61.8960581,1173
1774279800,70897.7,70924.2,70569.2,70639.7,40.64156834,1311
1774280700,70639.7,70821.8,70101.0,70103.8,62.57594686,1617
1774281600,70109.4,70526.8,70109.4,70526.8,21.74354233,1148
1774282500,70517.8,70527.9,70190.8,70203.1,20.43431827,885
1774283400,70203.2,70499.0,70140.6,70431.5,15.74448475,884
1774284300,70431.5,70714.2,70420.9,70533.8,46.0755555,843
1774285200,70533.8,70717.4,70457.6,70617.5,6.40776669,752
1774286100,70617.5,70641.5,70340.6,70509.8,20.63731656,840
1774287000,70509.8,71069.6,70509.7,70857.2,43.70001041,1144
1774287900,70857.2,71085.2,70852.5,71067.7,6.84617159,584
1774288800,71067.8,71144.0,70900.0,70976.6,15.75079117,814
1774289700,70966.0,71025.1,70864.8,70882.1,10.035957380000001,595
1774290600,70882.1,71115.2,70882.0,71022.3,12.07850094,814
1774291500,71022.2,71164.8,70955.5,71061.8,19.59887952,862
1774292400,71061.8,71200.0,70868.5,70910.3,46.44617639,980
1774293300,70910.4,71055.2,70811.8,71016.9,10.28036087,526
1774294200,71014.4,71040.5,70840.1,70886.5,17.37311673,400
1774295100,70886.5,70970.9,70650.1,70679.3,23.1869274,582
1774296000,70662.6,70784.6,70561.7,70784.6,8.69501738,427
1774296900,70783.9,70804.5,70727.5,70784.5,12.70295733,327
1774297800,70784.5,70967.9,70776.4,70919.6,15.98802433,431
1774298700,70919.6,70932.2,70853.2,70888.0,5.83750184,303
1774299600,70895.1,70969.9,70813.1,70814.0,5.45032018,356
1774300500,70814.1,70902.0,70814.1,70884.1,5.89529508,300
1774301400,70884.2,70978.7,70869.9,70932.3,7.51788767,259
1774302300,70932.3,70965.3,70833.3,70833.4,3.21378017,249
1774303200,70836.4,70866.7,70548.5,70713.7,27.86401173,502
1774304100,70703.5,70703.5,70586.9,70635.3,4.22014132,275
1774305000,70635.3,70682.6,70499.3,70682.5,88.61933468,527
1774305900,70682.6,70774.3,70655.5,70761.2,23.53649749,373
1774306800,70761.2,70773.8,70527.6,70533.2,14.351907839999999,384
1774307700,70533.2,70681.7,70394.1,70670.0,77.43457306,643
1774308600,70670.1,70775.6,70602.5,70743.1,87.9596734,370
1774309500,70743.1,70951.9,70718.7,70887.2,9.66051156,352
1774310400,70887.2,71067.4,70766.0,70782.1,25.9814951,689
1774311300,70766.1,70805.3,70645.1,70676.1,7.60764338,481
1774312200,70683.2,70697.2,70421.1,70586.3,11.44461142,615
1774313100,70586.3,70782.6,70568.3,70671.3,2.38697023,344
1774314000,70671.4,70694.8,70520.0,70546.8,22.25732392,450
1774314900,70546.8,70835.4,70499.0,70811.9,61.88575196,516
1774315800,70812.0,70850.2,70263.0,70366.2,32.31233595,718
1774316700,70368.0,70548.0,70368.0,70492.6,5.41971466,402
1774317600,70492.7,70675.0,70428.0,70463.5,4.88994995,484
1774318500,70460.1,70597.1,70403.9,70521.4,6.93531428,404
1774319400,70521.5,70611.0,70344.5,70503.9,3.80966762,403
1774320300,70503.9,70570.5,70417.3,70428.3,4.67673758,305
1774321200,70428.3,70510.9,70384.1,70498.9,14.28202941,411
1774322100,70490.9,70554.6,70469.9,70534.8,4.80854393,280
1774323000,70534.7,70534.8,70419.9,70459.0,2.02240577,329
1774323900,70459.0,70534.8,70434.1,70512.4,2.22819303,273
1774324800,70512.4,70705.8,70508.2,70603.9,26.56059006,533
1774325700,70604.0,70649.0,70539.0,70539.0,37.77172235,361
1774326600,70527.1,70527.1,70300.0,70320.2,2.9396496,368
1774327500,70320.2,70400.0,70253.6,70358.7,5.65250094,360
1774328400,70358.7,70358.7,70161.6,70161.6,6.44234689,481
1774329300,70161.5,70308.3,70100.0,70155.1,3.48435349,421
1774330200,70155.2,70340.0,70151.0,70312.4,10.13097328,349
1774331100,70312.3,70340.0,70238.1,70246.3,1.8465563600000001,261
1774332000,70258.6,70375.3,70252.0,70320.0,4.0494907399999995,317
1774332900,70343.7,70430.3,70316.9,70344.7,6.03753627,333
1774333800,70344.7,70468.7,70344.7,70445.1,2.18619934,296
1774334700,70445.1,70531.7,70429.0,70500.4,6.5671523,243
1774335600,70500.4,70884.1,70479.0,70820.1,13.05269609,641
1774336500,70820.0,71001.7,70780.1,70908.1,40.46805763,507
1774337400,70908.1,70922.3,70806.2,70893.3,12.846214680000001,482
1774338300,70894.8,71369.0,70822.5,71272.6,32.72234267,752
1774339200,71272.7,71313.5,71080.0,71123.9,10.25834313,534
1774340100,71113.2,71113.2,70850.2,70899.3,6.38495419,420
1774341000,70899.3,71058.4,70846.0,71058.4,6.35950679,327
1774341900,71058.3,71078.0,70878.6,70962.0,2.41016507,282
1774342800,70962.0,70999.8,70871.7,70874.7,6.84836774,352
1774343700,70874.6,71000.0,70846.6,70996.3,16.77277894,275
1774344600,70996.3,71227.8,70971.5,71216.3,10.22809133,349
1774345500,71216.3,71333.8,71146.8,71306.2,17.93224309,441
1774346400,71306.2,71306.2,71212.9,71248.8,6.80925776,373
1774347300,71248.7,71248.7,71099.1,71099.2,6.55670383,331
1774348200,71099.1,71250.0,71083.0,71232.0,15.55283219,408
1774349100,71232.0,71247.4,71138.6,71239.5,13.4999571,335
1774350000,71239.5,71239.5,70973.4,71071.8,9.61004597,519
1774350900,71088.9,71089.0,70953.7,71035.9,6.73280107,292
1774351800,71035.8,71296.1,71015.5,71231.5,9.78546925,410
1774352700,71231.5,71322.2,71010.8,71118.3,9.84752574,391
1774353600,71118.3,71161.1,70970.9,71073.8,13.92255837,494
1774354500,71073.7,71087.3,70985.0,71060.0,7.87605798,376
1774355400,71060.0,71060.0,70858.8,70900.0,8.12032715,432
1774356300,70900.1,71000.0,70867.2,70925.1,5.86795724,355
1774357200,70925.2,71036.4,70650.0,70800.0,23.3127875,804
1774358100,70800.0,70828.2,70555.3,70573.9,14.73165984,582
1774359000,70573.9,70756.7,70249.9,70315.9,31.54264713,1151
1774359900,70315.8,70410.8,69970.7,70073.3,88.23499566,1763
1774360800,70073.3,70434.8,69733.9,69850.8,53.47766559,1272
1774361700,69850.8,70064.4,69785.5,69975.8,34.53531005,962
1774362600,69975.8,70102.0,69730.1,69810.4,22.7436932,866
1774363500,69810.4,70030.3,69500.0,69824.8,63.53971337,1694
1774364400,69845.5,70025.0,69830.8,69924.2,11.5189079,984
1774365300,69924.2,70216.9,69890.9,70000.0,22.02350732,925
1774366200,69999.1,70139.1,69757.6,70019.3,16.80290314,814
1774367100,70019.2,70156.4,69835.0,69860.8,19.485212,704
1774368000,69860.9,69921.6,69787.6,69894.1,11.55124283,659
1774368900,69894.1,69973.9,69660.9,69774.2,30.99299485,841
1774369800,69774.3,69823.7,69354.9,69540.1,62.89167267,1335
1774370700,69540.1,69601.0,69390.6,69438.9,15.43150874,988
1774371600,69438.9,69487.8,69114.9,69215.3,236.10468301,1515
1774372500,69215.3,69252.3,69100.0,69143.8,32.53488556,783
1774373400,69143.9,69286.7,68907.7,68915.8,164.80429727,1604
1774374300,68915.9,69237.7,68902.0,69204.2,42.42875405,1011
1774375200,69204.3,69340.0,69155.1,69340.0,22.11313921,818
1774376100,69339.9,69442.0,69250.0,69366.1,33.20185583,787
1774377000,69366.1,69705.0,69345.6,69490.2,44.08570086,1073
1774377900,69490.3,69531.3,69403.1,69403.6,20.86917269,664
1774378800,69403.6,69608.2,69403.5,69600.1,19.77219522,628
1774379700,69600.1,69658.8,69500.0,69500.1,12.082663609999999,525
1774380600,69500.0,69509.1,69348.3,69428.8,5.21635695,649
1774381500,69428.7,69428.7,69266.0,69322.9,7.03106775,520
1774382400,69323.0,69366.2,69266.0,69361.0,5.00391863,487
1774383300,69361.0,70257.7,69361.0,69973.4,99.22278916,1412
1774384200,69973.4,70177.2,69938.6,70032.7,37.63553829,930
1774385100,70032.6,70200.0,69900.0,70058.2,15.88141753,682
1774386000,70058.2,70177.9,69916.3,69935.9,10.56669577,574
1774386900,69955.3,70053.8,69877.8,70037.8,14.39900373,532
1774387800,70037.8,70355.4,70012.9,70241.0,10.89103493,630
1774388700,70255.4,70335.4,70182.2,70282.1,20.396726609999998,526
1774389600,70282.1,70549.3,70199.0,70521.8,40.45765527,845
1774390500,70512.2,70512.2,70182.2,70182.3,20.92201262,586
1774391400,70182.3,70278.5,70122.8,70260.4,19.33900195,558
1774392300,70260.4,70342.0,70207.4,70286.5,26.50035751,515
1774393200,70286.6,70536.3,70246.6,70498.4,8.5808851,502
1774394100,70498.4,70720.3,70483.5,70705.8,20.86047214,696
1774395000,70705.8,70780.0,70637.0,70637.9,24.1544283,633
1774395900,70637.9,70650.3,70515.5,70515.6,3.49993574,329
1774396800,70515.6,70700.0,70500.0,70700.0,6.16239661,448
1774397700,70700.0,70700.0,70547.7,70637.8,4.84148299,437
1774398600,70637.8,70996.5,70452.5,70896.5,46.82978433,845
1774399500,70883.4,70949.9,70767.8,70801.3,16.0618186,545
1774400400,70801.3,70932.4,70696.2,70781.9,20.25587031,579
1774401300,70781.9,70792.4,70659.0,70709.0,2.26073888,397
1774402200,70709.0,70758.7,70604.4,70715.5,3.99992147,446
1774403100,70715.4,70772.8,70674.2,70674.2,1.73075503,313
1774404000,70659.9,70659.9,70533.3,70575.4,11.530217780000001,536
1774404900,70575.5,70618.2,70510.9,70572.1,7.56025368,434
1774405800,70564.9,70719.7,70480.9,70679.4,1.84526734,353
1774406700,70679.4,70710.7,70477.2,70488.3,1.61119443,368
1774407600,70488.4,70527.8,70409.5,70481.9,6.9812400100000005,375
1774408500,70482.0,70514.5,70374.0,70504.8,5.71557734,347
1774409400,70504.9,70769.2,70504.9,70693.3,6.21904276,427
1774410300,70706.9,70760.1,70693.2,70700.5,7.84588287,340
1774411200,70700.6,70858.7,70678.5,70831.9,10.78012766,431
1774412100,70831.9,70901.2,70762.4,70841.7,22.23267393,429
1774413000,70836.4,70836.4,70715.1,70748.8,5.35845102,273
1774413900,70746.3,70935.0,70707.8,70920.7,3.06950491,299
1774414800,70932.8,71309.7,70919.5,71191.6,53.15722896,1171
1774415700,71191.5,71191.6,71053.6,71161.3,5.4557679,442
1774416600,71161.3,71226.2,71088.7,71193.6,6.0153741300000005,353
1774417500,71193.6,71193.7,71056.1,71086.0,1.66995898,264
1774418400,71086.0,71107.0,70996.0,71034.0,9.3909709,373
1774419300,71034.0,71223.6,71034.0,71214.0,7.25869941,335
1774420200,71214.0,71214.1,71140.5,71170.2,10.41352078,407
1774421100,71170.1,71183.5,70978.8,70978.8,6.33302931,334
1774422000,70978.8,71124.1,70957.6,71117.9,10.13930826,355
1774422900,71118.0,71121.2,71037.8,71043.4,4.02880714,286
1774423800,71043.4,71233.8,71034.1,71038.7,30.52130698,550
1774424700,71038.7,71063.9,70855.2,70897.1,34.64356982,490
1774425600,70897.2,70968.3,70791.4,70791.4,9.32365234,456
1774426500,70791.4,71200.0,70791.4,71175.6,17.65221854,460
1774427400,71175.6,71475.0,71175.5,71448.7,58.84876429,970
1774428300,71448.7,71448.7,71203.3,71232.9,2.11587989,384
1774429200,71232.9,71349.2,71209.7,71306.7,18.86841789,446
1774430100,71306.6,71373.0,71173.3,71265.4,6.15689201,338
1774431000,71265.3,71303.3,71230.0,71247.0,13.56476692,344
1774431900,71247.0,71375.7,71093.2,71333.4,3.21757924,387
1774432800,71333.5,71424.6,71286.9,71398.1,2.51025372,368
1774433700,71398.0,71447.9,71353.0,71400.0,13.51922037,325
1774434600,71400.1,71410.0,71313.1,71410.0,6.40236209,336
1774435500,71410.0,71586.4,71410.0,71477.3,34.86032255,674
1774436400,71477.4,71576.8,71459.7,71576.8,8.04388859,456
1774437300,71576.8,71925.8,71576.8,71865.5,25.01414552,960
1774438200,71865.4,71985.0,71793.3,71793.3,44.90689327,911
1774439100,71793.3,71793.4,71517.2,71658.8,26.34870657,696
1774440000,71658.9,71832.8,71658.8,71744.1,38.456500569999996,567
1774440900,71744.1,71744.1,71122.7,71314.7,36.42608153,1149
1774441800,71319.1,71450.0,71187.1,71366.0,8.23944307,612
1774442700,71366.1,71912.2,71280.6,71696.6,37.31886957,851
1774443600,71696.7,71837.5,71626.6,71684.6,21.61484565,626
1774444500,71684.5,71684.5,71556.3,71598.0,33.18057038,532
1774445400,71598.0,71920.9,71597.9,71704.4,32.31912905,1050
1774446300,71704.4,71808.7,71505.1,71560.8,21.61697614,887
1774447200,71560.8,71657.1,71310.4,71360.7,59.04228991,1184
1774448100,71360.7,71515.8,71276.5,71335.9,52.85758133,827
1774449000,71335.9,71515.9,71301.5,71349.1,9.08616126,635
1774449900,71349.6,71414.1,71221.2,71224.2,11.26211057,604
1774450800,71224.1,71286.5,70722.2,70806.0,41.47125341,1451
1774451700,70806.1,70986.3,70543.1,70986.3,54.77701623,1230
1774452600,70986.3,71058.0,70797.4,70869.3,16.03090128,837
1774453500,70868.5,70925.9,70768.3,70832.6,17.02897683,689
1774454400,70825.0,70950.0,70723.2,70869.6,13.39999675,743
1774455300,70869.6,71755.2,70825.4,71484.8,87.52439502,1487
1774456200,71484.8,71615.1,71366.1,71461.2,24.16298674,1026
1774457100,71461.2,71461.2,71252.4,71318.1,4.99642289,534
1774458000,71318.1,71366.6,71100.0,71133.4,17.16103547,654
1774458900,71133.3,71179.5,70958.6,71040.1,30.9881048,747
1774459800,71059.4,71059.4,70807.5,70899.1,46.21580583,720
1774460700,70899.1,70947.7,70720.0,70744.4,3.55871506,535
1774461600,70744.4,70916.8,70726.9,70876.4,9.42280674,554
1774462500,70881.6,71111.6,70881.6,70958.6,9.277748129999999,591
1774463400,70958.7,70972.0,70774.9,70805.2,6.0287548300000005,496
1774464300,70805.1,70936.6,70652.5,70765.8,3.55154887,427
1774465200,70765.8,70978.7,70760.8,70819.4,5.89756813,530
1774466100,70819.5,70932.6,70800.1,70915.6,5.04881778,398
1774467000,70932.5,71063.3,70852.1,70909.0,7.88361918,703
1774467900,70909.0,70961.7,70762.1,70838.6,8.62483145,539
1774468800,70838.6,70864.6,70675.0,70711.7,26.09083096,623
1774469700,70711.7,70777.3,70638.0,70697.0,8.41738004,549
1774470600,70697.1,70918.0,70686.8,70918.0,15.43399997,561
1774471500,70918.0,71029.7,70872.3,70982.4,16.76901283,630
1774472400,70982.4,71139.8,70938.0,71139.8,14.21301959,629
1774473300,71144.3,71144.3,70936.8,70960.2,10.17655919,562
1774474200,70961.7,71082.6,70958.9,71042.5,5.65359496,362
1774475100,71042.5,71073.5,70954.6,70996.1,4.4764887,346
1774476000,70996.1,71090.7,70969.4,70978.2,5.31632437,365
1774476900,70978.3,71067.2,70932.2,71018.2,2.26669557,344
1774477800,71018.2,71548.0,71018.1,71350.5,37.00650613,805
1774478700,71350.6,71433.0,71297.1,71341.4,3.33841331,416
1774479600,71341.4,71411.9,71292.2,71297.6,17.13540173,541
1774480500,71292.3,71408.4,71211.4,71328.6,4.24021549,365
1774481400,71328.6,71341.7,71176.8,71187.3,4.32636016,339
1774482300,71187.2,71334.5,71172.0,71309.6,3.11541191,361
1774483200,71302.2,71342.9,71181.0,71227.4,39.46661259,1041
1774484100,71227.7,71358.2,71208.3,71291.8,47.44719735,1172
1774485000,71291.8,71368.8,71267.1,71335.6,36.13151717,811
1774485900,71335.7,71406.2,71121.9,71276.1,51.13374763,991
1774486800,71276.2,71328.4,71181.5,71243.9,34.18446979,783
1774487700,71243.9,71314.1,71148.2,71297.4,121.26214265,1879
1774488600,71297.4,71314.1,71226.0,71239.0,8.30790044,351
1774489500,71239.0,71251.0,71181.6,71243.8,3.3306235,295
1774490400,71243.8,71250.5,71046.2,71061.5,3.95014784,393
1774491300,71061.5,71069.0,70884.9,70890.6,16.34501692,499
1774492200,70890.5,70890.5,70676.0,70835.0,53.64696564,675
1774493100,70834.9,70882.5,70820.3,70862.8,17.35393697,269
1774494000,70862.8,70940.1,70750.0,70937.1,3.7095292,364
1774494900,70937.0,70937.1,70676.0,70676.1,13.28966326,392
1774495800,70676.1,70846.2,70676.0,70826.9,4.74629455,300
1774496700,70820.6,70865.8,70772.2,70857.5,1.70032877,246
1774497600,70872.7,70875.2,70709.6,70718.4,9.28451311,404
1774498500,70718.3,70820.4,70686.9,70820.4,4.10474381,383
1774499400,70820.4,70859.7,70790.5,70819.8,9.56082689,293
1774500300,70819.9,70836.8,70744.6,70747.0,19.45893367,282
1774501200,70747.0,70747.0,70456.1,70537.5,47.302579200000004,817
1774502100,70537.5,70585.8,70500.0,70553.9,17.54174008,474
1774503000,70553.9,70572.3,70266.0,70272.8,58.28393429,555
1774503900,70272.7,70327.5,69938.5,69975.4,57.84443038,890
1774504800,69975.4,70074.7,69823.7,70003.5,20.967954980000002,727
1774505700,70015.2,70089.3,69881.5,70008.2,9.65525299,462
1774506600,70008.1,70054.8,69959.8,69975.1,6.10620369,324
1774507500,69975.1,70116.5,69975.0,70053.9,10.56899074,271
1774508400,70055.3,70129.9,70000.0,70011.8,2.6528188200000002,363
1774509300,70011.9,70052.5,69857.4,69918.7,5.5573445999999995,479
1774510200,69918.7,70062.6,69779.9,70045.6,7.62116858,501
1774511100,70045.6,70121.1,70021.5,70054.7,6.04167088,252
1774512000,70054.7,70096.0,69871.5,69884.2,2.44794432,298
1774512900,69895.0,69971.7,69801.0,69814.1,2.76953594,342
1774513800,69814.1,69916.5,69771.0,69895.4,12.143298380000001,456
1774514700,69895.4,70000.0,69881.0,69974.8,12.48421823,416
1774515600,69974.9,70110.1,69912.8,69992.8,18.8920732,449
1774516500,69992.8,69997.9,69861.5,69997.9,3.34829469,369
1774517400,69997.8,69997.8,69401.6,69476.7,57.38993081,1322
1774518300,69476.6,69559.2,69376.0,69547.4,24.31510332,638
1774519200,69536.3,69601.3,69489.2,69538.9,9.98936827,432
1774520100,69538.8,69664.0,69538.8,69649.3,4.4814301500000004,318
1774521000,69642.3,69642.3,69489.3,69505.4,8.99989628,382
1774521900,69505.4,69538.7,69450.0,69461.6,4.31792344,341
1774522800,69461.6,69623.1,69422.2,69526.0,6.52595932,458
1774523700,69525.9,69546.3,69178.5,69287.7,25.01220395,858
1774524600,69287.7,69421.1,69287.7,69382.7,36.9808765,526
1774525500,69371.6,69391.0,69255.5,69255.6,2.99084727,313
1774526400,69255.6,69381.2,69215.9,69356.3,20.41896292,677
1774527300,69356.2,69395.1,69317.4,69395.0,7.44844056,443
1774528200,69395.0,69412.6,69229.2,69344.7,18.05134595,517
1774529100,69344.6,69421.7,69344.6,69421.7,3.91279891,443
1774530000,69421.7,69488.1,69394.0,69433.0,49.36132401,656
1774530900,69432.9,69489.0,69346.7,69349.0,20.18060573,483
1774531800,69349.1,69513.3,69196.0,69513.3,25.40241743,849
1774532700,69517.3,69830.1,69487.4,69611.1,30.06929316,1183
1774533600,69615.9,69801.5,69514.3,69553.9,33.95860936,853
1774534500,69558.7,69682.3,69394.7,69580.9,15.21534882,685
1774535400,69580.8,69750.1,69459.6,69479.8,13.80642113,773
1774536300,69479.8,69528.1,69219.1,69447.7,12.21681535,826
1774537200,69447.7,69447.7,68863.2,68925.0,117.71204155,1677
1774538100,68924.9,69057.2,68685.0,68993.4,89.87542521,1506
1774539000,68993.4,69031.1,68888.0,68953.5,7.07541308,695
1774539900,68955.3,69168.7,68949.4,69050.0,9.99851138,671
1774540800,69050.0,69050.0,68930.0,68978.9,54.32801264,658
1774541700,68979.0,69019.1,68822.1,68850.0,27.93195936,761
1774542600,68850.0,68951.7,68800.1,68889.9,13.94356325,650
1774543500,68889.8,68937.3,68823.8,68881.2,13.32437898,474
1774544400,68881.2,69009.3,68859.4,68887.2,4.61027168,501
1774545300,68887.2,69040.7,68887.1,69030.5,10.16174518,497
1774546200,69030.5,69122.8,68903.9,68919.7,11.38620655,539
1774547100,68919.6,68919.6,68400.0,68439.9,122.33641044000001,1544
1774548000,68440.0,68582.4,68281.0,68401.1,83.8136298,1392
1774548900,68401.2,68401.2,68115.8,68170.0,52.64759356,1258
1774549800,68169.9,68302.1,68154.4,68302.1,25.46413425,834
1774550700,68299.5,68449.9,68280.0,68446.4,24.27514645,704
1774551600,68446.4,68477.1,68365.3,68407.4,17.70353382,540
1774552500,68407.4,68534.0,68345.5,68362.1,14.14075344,646
1774553400,68378.1,68616.2,68321.0,68575.7,15.95723984,616
1774554300,68575.6,68626.0,68454.3,68485.0,119.27311866,863
1774555200,68479.5,69402.8,68395.7,69156.0,62.40273657,1530
1774556100,69156.0,69302.7,69030.5,69123.7,52.38559312,1062
1774557000,69121.8,69246.0,69051.0,69118.9,11.70387291,661
1774557900,69118.9,69160.2,68881.2,68968.4,35.12839558,677
1774558800,68968.4,68968.5,68850.0,68872.2,21.11643,506
1774559700,68870.2,69143.2,68850.0,69044.9,12.15783587,570
1774560600,69044.9,69084.9,68934.4,68980.2,7.52094095,465
1774561500,68980.2,68982.8,68878.9,68881.6,3.61069461,379
1774562400,68881.6,68971.0,68829.2,68914.1,22.93413548,487
1774563300,68914.1,68929.5,68576.1,68707.9,33.93901545,700
1774564200,68707.9,68774.6,68664.4,68763.3,32.10474133,408
1774565100,68763.3,68834.8,68749.5,68834.7,37.61717261,400
1774566000,68834.8,68940.8,68762.4,68762.7,31.21272365,474
1774566900,68762.6,68804.0,68592.6,68675.2,49.58917262,533
1774567800,68675.2,68722.8,68649.1,68700.0,80.95598955,435
1774568700,68700.0,68805.6,68699.9,68780.4,3.9078813599999997,329
1774569600,68780.4,68911.2,68677.3,68871.0,88.29393902,806
1774570500,68882.4,68895.2,68702.0,68725.2,3.39206631,374
1774571400,68690.1,68739.8,68501.1,68662.5,3.52798362,432
1774572300,68662.5,68728.8,68565.1,68728.8,2.79514285,325
1774573200,68728.8,68841.1,68659.4,68821.2,4.57846216,390
1774574100,68821.2,68886.5,68803.0,68862.1,4.33027745,301
1774575000,68862.1,68886.5,68810.7,68846.2,10.20909983,336
1774575900,68846.3,69000.0,68846.2,68995.9,3.62900189,346
1774576800,68995.9,69112.0,68995.9,69026.0,6.34660753,436
1774577700,69026.1,69026.1,68923.0,68970.7,9.15779633,326
1774578600,68970.7,69030.6,68834.2,68866.3,12.96968649,371
1774579500,68883.5,68926.4,68853.1,68870.2,6.31429628,262
1774580400,68870.2,68870.2,68650.0,68726.3,15.08256527,492
1774581300,68726.3,68790.0,68684.8,68790.0,2.80529444,285
1774582200,68790.0,68861.8,68782.2,68829.6,1.13349586,232
1774583100,68829.6,68829.6,68730.5,68730.6,4.24376189,268
1774584000,68730.6,68749.9,68243.3,68350.0,38.568719109999996,1186
1774584900,68350.0,68524.8,68349.9,68490.7,6.76600989,476
1774585800,68490.7,68561.5,68479.2,68534.6,4.9672271,317
1774586700,68534.6,68590.4,68534.5,68537.2,5.21191099,263
1774587600,68537.2,68762.1,68526.7,68762.1,6.53113474,453
1774588500,68762.1,68797.6,68543.5,68561.7,3.60275211,309
1774589400,68561.8,68665.9,68483.3,68557.0,2.00583106,378
1774590300,68557.1,68578.5,68532.0,68571.7,1.8490897,238
1774591200,68571.8,68700.0,68527.5,68700.0,7.76510249,400
1774592100,68700.0,68789.8,68665.6,68766.7,6.94998048,342
1774593000,68759.9,68781.8,68694.2,68707.8,7.89951392,309
1774593900,68707.8,68707.8,68604.6,68606.3,5.74346623,269
1774594800,68606.4,68843.1,68579.1,68804.5,5.53338949,423
1774595700,68803.3,68903.8,68780.4,68877.9,29.32173252,365
1774596600,68878.0,68887.7,68519.1,68545.9,24.21402951,488
1774597500,68546.0,68580.0,68394.2,68466.8,22.75245179,582
1774598400,68476.0,68569.2,68419.0,68424.2,5.38906197,479
1774599300,68424.1,68448.1,68200.1,68200.2,30.704979339999998,684
1774600200,68200.2,68241.5,67571.0,67790.1,193.08535231,2699
1774601100,67790.0,68005.0,67733.0,67892.6,33.644209,708
1774602000,67892.7,67899.8,67521.8,67713.6,44.91399827,965
1774602900,67713.6,67903.6,67713.5,67881.4,15.67640638,409
1774603800,67881.5,67904.3,67697.0,67702.0,27.668642209999998,493
1774604700,67697.1,67838.8,67631.4,67656.2,6.40984569,482
1774605600,67656.2,67708.7,67590.0,67628.5,8.90316916,408
1774606500,67628.5,67724.6,67617.5,67717.5,8.981367539999999,431
1774607400,67717.5,67723.0,66747.4,66868.3,167.96775846,3312
1774608300,66868.3,66900.0,66317.6,66457.8,178.08858559,2523
1774609200,66459.1,66592.0,66214.0,66585.5,52.14540491,1293
1774610100,66585.6,66692.4,66582.7,66660.6,16.35033904,718
1774611000,66660.6,66728.5,66634.5,66727.0,9.75378974,509
1774611900,66727.0,66813.5,66638.5,66670.1,9.6199947,608
1774612800,66670.1,66735.1,66582.6,66613.4,16.33544021,771
1774613700,66613.4,66673.6,66500.0,66505.9,17.90872837,698
1774614600,66505.9,66600.0,66398.5,66568.7,48.4740753,886
1774615500,66568.7,66648.5,66444.5,66593.4,11.04208169,603
1774616400,66593.4,66694.9,66500.0,66501.8,32.03475832,661
1774617300,66501.8,66684.5,66474.6,66665.6,96.91877608,754
1774618200,66659.0,66694.9,66131.6,66473.1,75.99722199,1573
1774619100,66473.0,66540.4,66006.2,66144.6,57.91221739,1394
1774620000,66144.6,66352.0,66074.6,66334.2,181.26839542,1099
1774620900,66329.6,66329.6,65707.4,65707.4,284.6090193,2268
1774621800,65707.5,65942.7,65680.3,65862.0,36.43304757,970
1774622700,65863.0,66208.3,65756.1,66166.2,28.8233335,865
1774623600,66163.1,66254.8,66072.0,66213.9,29.89789752,689
1774624500,66214.0,66418.7,65941.3,66263.8,33.53273728,888
1774625400,66287.4,66588.5,66240.4,66345.3,34.72033199,780
1774626300,66352.0,66413.0,66071.1,66074.2,50.99000297,828
1774627200,66074.3,66074.3,65778.5,65927.7,51.25255184,1062
1774628100,65930.4,66050.1,65807.3,65925.0,34.21197151,743
1774629000,65925.0,65994.5,65790.0,65994.5,14.13620922,584
1774629900,65992.2,66119.9,65823.0,65950.3,12.194178729999999,573
1774630800,65950.3,66266.2,65913.6,66183.0,30.09796684,741
1774631700,66187.1,66243.9,65850.0,65850.0,40.81846555,786
1774632600,65850.1,65877.2,65575.1,65588.9,48.30726491,902
1774633500,65588.8,65703.7,65561.7,65600.1,25.79442546,685
1774634400,65600.1,65747.0,65546.1,65578.8,16.98862435,630
1774635300,65581.0,65813.2,65519.7,65730.7,16.87216459,731
1774636200,65730.7,65832.3,65668.8,65753.2,16.36661661,618
1774637100,65750.6,65898.1,65750.6,65809.4,14.52079757,515
1774638000,65800.1,65809.7,65658.2,65725.6,9.44581754,486
1774638900,65727.4,65894.6,65701.1,65865.3,24.95146101,631
1774639800,65878.2,65973.8,65807.5,65876.7,13.213163680000001,599
1774640700,65877.3,66087.2,65836.2,65998.2,25.98352323,641
1774641600,65998.2,66087.2,65950.0,65950.1,10.36719842,610
1774642500,65950.1,66041.3,65779.9,65836.7,5.99180277,474
1774643400,65836.7,65897.7,65786.4,65847.7,6.21385815,404
1774644300,65847.6,66033.6,65835.9,65957.8,7.29083694,390
1774645200,65970.0,66109.5,65955.3,66085.8,91.58716058,528
1774646100,66085.8,66110.7,66044.8,66105.0,68.48565128999999,449
1774647000,66105.1,66118.7,66003.0,66056.3,17.5638925,441
1774647900,66076.3,66086.8,66000.0,66025.4,5.27663413,378
1774648800,66039.1,66042.5,65900.2,65966.3,23.07172911,419
1774649700,65963.1,65975.9,65900.0,65963.1,11.77210718,379
1774650600,65964.9,66000.0,65865.0,65985.5,5.22115254,377
1774651500,65985.5,66029.8,65971.4,65981.6,4.14480684,373
1774652400,65981.6,66038.5,65921.0,66038.5,6.16433728,367
1774653300,66038.5,66175.1,66038.4,66146.8,16.30981597,394
1774654200,66146.8,66249.8,66133.0,66236.7,18.58475075,356
1774655100,66236.7,66368.7,66236.7,66358.3,27.68645667,466
1774656000,66360.4,66424.9,66242.4,66248.5,46.1845268,1056
1774656900,66248.5,66349.7,66248.4,66303.4,33.91771757,764
1774657800,66308.8,66462.2,66308.7,66426.0,37.06796963,753
1774658700,66426.0,66427.5,66361.5,66369.6,26.66374861,527
1774659600,66369.7,66369.7,66079.0,66093.9,32.76836595,715
1774660500,66093.9,66235.0,66093.9,66166.0,29.83245744,683
1774661400,66166.0,66223.4,66001.1,66077.9,59.83883443,1070
1774662300,66077.9,66135.0,66048.8,66117.9,72.29014856,989
1774663200,66117.9,66186.6,66117.8,66163.1,2.96404471,433
1774664100,66150.8,66164.7,65977.2,65994.4,13.12748546,431
1774665000,65994.4,66023.9,65889.0,65984.6,18.00418098,457
1774665900,65984.6,66012.9,65931.1,65983.6,3.62212507,265
1774666800,65983.6,66100.3,65983.5,66078.2,6.08950703,294
1774667700,66078.2,66128.5,66078.1,66106.0,3.85046621,240
1774668600,66119.4,66191.5,66108.8,66176.9,11.0737826,325
1774669500,66176.9,66185.1,66129.7,66176.3,2.64150792,240
1774670400,66183.3,66183.3,66077.0,66077.1,3.7855626,309
1774671300,66077.1,66232.4,66077.1,66209.6,5.22801426,250
1774672200,66209.5,66232.4,66209.5,66220.0,1.54798355,182
1774673100,66229.0,66254.7,66184.1,66230.7,2.24885411,211
1774674000,66237.9,66253.0,66166.6,66184.0,4.43724134,291
1774674900,66183.9,66325.3,66171.0,66284.7,9.19020645,260
1774675800,66284.7,66309.3,66252.1,66267.7,11.17044838,206
1774676700,66280.4,66312.4,66270.1,66301.8,3.02077192,206
1774677600,66301.8,66347.6,66253.5,66298.5,3.29330646,296
1774678500,66310.6,66456.6,66310.5,66419.8,14.2686273,402
1774679400,66419.7,66430.1,66376.0,66384.6,9.01892445,266
1774680300,66384.6,66406.4,66325.4,66355.9,6.4562546,273
1774681200,66350.3,66396.6,66350.2,66396.1,0.90270856,199
1774682100,66396.1,66435.0,66396.0,66415.1,3.07819055,174
1774683000,66424.1,66424.1,66388.5,66395.1,4.47124819,215
1774683900,66395.1,66500.0,66395.0,66500.0,8.16413526,237
1774684800,66500.0,66506.5,66438.2,66438.2,11.84246647,313
1774685700,66438.3,66516.6,66438.3,66499.2,2.72757472,198
1774686600,66499.2,66499.2,66386.8,66386.8,1.97467429,249
1774687500,66386.7,66418.9,66340.3,66354.7,4.01311652,211
1774688400,66356.9,66356.9,66264.5,66301.7,2.62539785,224
1774689300,66301.7,66342.6,66264.9,66316.7,5.5431915,204
1774690200,66316.7,66316.7,66208.8,66216.1,3.08792242,246
1774691100,66216.2,66255.2,66192.7,66255.1,1.4228642,213
1774692000,66255.2,66350.3,66252.5,66271.4,1.52282622,246
1774692900,66271.5,66271.5,66122.7,66126.9,4.84461963,246
1774693800,66126.8,66182.6,66095.0,66148.4,4.84541483,283
1774694700,66148.5,66175.7,66142.7,66173.1,2.30307121,183
1774695600,66173.1,66237.3,66161.3,66217.6,1.23979737,231
1774696500,66217.7,66252.9,66195.2,66252.9,0.68889817,165
1774697400,66252.8,66273.1,66252.8,66271.9,2.24912914,167
1774698300,66272.0,66308.2,66262.4,66276.0,5.70468031,279
1774699200,66276.0,66363.5,66200.0,66363.5,3.87347921,332
1774700100,66363.5,66466.3,66363.4,66407.3,8.11036746,309
1774701000,66407.3,66407.3,66250.1,66304.8,4.31833046,295
1774701900,66304.8,66411.5,66304.7,66404.8,9.71779775,310
1774702800,66404.8,66462.4,66404.7,66447.2,27.62178626,359
1774703700,66437.9,66449.3,66371.8,66404.2,12.85356975,307
1774704600,66409.2,67101.0,66409.1,66900.1,167.90658599,1535
1774705500,66900.1,66954.9,66719.7,66787.3,21.8264846,1008
1774706400,66788.3,66857.1,66700.0,66721.5,6.28150891,591
1774707300,66721.5,66800.0,66680.0,66778.1,21.35249952,683
1774708200,66778.2,66868.6,66670.6,66850.1,7.40376419,472
1774709100,66850.1,66898.2,66628.4,66704.1,14.627862389999999,538
1774710000,66704.1,66835.5,66674.5,66825.5,2.75160965,394
1774710900,66825.6,67237.8,66825.6,66990.4,50.1287022,1254
1774711800,66990.4,67097.2,66948.2,67003.7,36.4497168,596
1774712700,67003.6,67003.7,66900.5,66976.5,6.59421154,408
1774713600,66976.5,67050.7,66885.0,66980.9,10.06542327,497
1774714500,66981.0,67054.0,66980.9,67034.2,7.01003618,378
1774715400,67034.2,67034.2,66851.7,66851.8,16.81715749,409
1774716300,66851.8,66879.9,66817.9,66876.9,9.62412914,400
1774717200,66876.9,66944.6,66825.0,66867.1,6.40825532,403
1774718100,66867.2,66867.2,66727.0,66728.7,9.44222414,391
1774719000,66728.8,66864.0,66645.2,66761.6,6.69155401,398
1774719900,66761.6,66817.8,66724.2,66814.2,1.84472818,304
1774720800,66814.3,66896.0,66814.2,66894.8,17.5454875,360
1774721700,66891.9,66894.8,66838.0,66838.0,3.59123481,286
1774722600,66838.1,66895.0,66793.8,66886.1,7.24934947,333
1774723500,66899.3,66899.3,66851.9,66882.0,2.42527441,250
1774724400,66882.0,66896.5,66764.3,66789.1,1.62117371,315
1774725300,66789.1,66800.0,66789.0,66800.0,1.46733238,229
1774726200,66800.0,66847.3,66793.4,66793.5,1.08565285,265
1774727100,66793.4,66847.3,66793.4,66847.2,1.25825602,265
1774728000,66847.3,66945.8,66847.2,66942.4,10.3889538,388
1774728900,66942.4,66953.4,66854.8,66861.1,8.66380925,316
1774729800,66861.2,66943.9,66852.2,66852.3,8.64375034,318
1774730700,66852.4,66907.5,66852.4,66868.0,2.97500762,239
1774731600,66868.1,66875.0,66738.9,66784.5,5.71914279,333
1774732500,66784.5,66799.8,66770.0,66799.8,8.48886141,273
1774733400,66802.0,66824.4,66772.6,66816.2,1.23986993,224
1774734300,66809.5,66809.6,66523.9,66645.8,6.73632237,501
1774735200,66645.7,66671.5,66552.6,66557.9,5.4362154899999995,397
1774736100,66557.9,66737.3,66550.0,66701.2,8.7676696,418
1774737000,66711.3,66726.4,66650.1,66650.1,4.31393352,344
1774737900,66650.0,66710.4,66650.0,66697.4,5.49521875,232
1774738800,66697.4,66697.4,66201.9,66353.6,34.15393395,941
1774739700,66353.5,66371.7,66237.8,66330.8,7.20108823,406
1774740600,66330.8,66427.0,66330.1,66330.2,12.49412217,345
1774741500,66330.2,66350.0,66279.2,66321.7,4.7700204,336
1774742400,66321.8,66413.6,66313.5,66351.3,6.92656042,378
1774743300,66351.3,66420.5,66246.5,66346.2,28.51251602,529
1774744200,66346.2,66402.0,66311.7,66337.7,3.16695065,290
1774745100,66337.6,66450.9,66337.6,66429.4,1.67969921,300
1774746000,66435.7,66541.2,66419.4,66496.7,22.25819098,447
1774746900,66496.7,66562.3,66489.3,66505.0,1.81254507,309
1774747800,66505.0,66505.0,66338.3,66432.5,4.4638054,360
1774748700,66432.4,66534.5,66371.8,66515.4,6.19602767,323
1774749600,66515.5,66582.1,66498.9,66582.0,10.63597277,435
1774750500,66582.0,66636.4,66540.3,66601.3,3.85532015,244
1774751400,66601.3,66679.7,66536.0,66667.9,5.51382917,259
1774752300,66667.9,66772.5,66636.3,66742.6,3.50930874,327
1774753200,66747.8,66753.9,66716.2,66725.4,1.20664213,224
1774754100,66725.4,67066.2,66722.8,66936.3,36.38551003,640
1774755000,66935.1,66951.0,66851.5,66851.8,6.51447311,218
1774755900,66851.8,66902.9,66822.1,66846.6,3.58125753,202
1774756800,66846.6,66873.0,66802.9,66843.7,2.29437931,230
1774757700,66843.7,66843.7,66726.9,66747.2,6.747263530000001,265
1774758600,66747.1,66789.8,66732.3,66760.2,3.14344328,190
1774759500,66760.1,66760.2,66678.0,66678.1,1.71971268,215
1774760400,66678.1,66691.4,66634.9,66645.1,3.83673918,211
1774761300,66645.1,66682.8,66566.0,66579.3,10.61550423,446
1774762200,66573.8,66617.6,66564.5,66617.6,2.12952478,209
1774763100,66617.6,66748.2,66589.9,66733.3,11.413877269999999,335
1774764000,66733.3,66811.0,66733.3,66769.8,5.17940394,255
1774764900,66769.8,66794.4,66582.8,66619.2,1.06898216,240
1774765800,66642.3,66675.9,66609.2,66641.2,4.65197825,185
1774766700,66641.2,66707.8,66598.6,66684.3,1.99488801,220
1774767600,66684.3,66684.3,66508.6,66526.4,2.0453148899999998,283
1774768500,66526.4,66612.5,66526.4,66599.6,1.71854121,188
1774769400,66615.0,66649.3,66558.2,66577.6,1.61650385,180
1774770300,66577.6,66681.9,66558.3,66610.1,2.11477035,183
1774771200,66610.1,66689.3,66582.7,66596.5,2.78200356,199
1774772100,66596.5,66622.8,66559.2,66618.5,2.34150983,205
1774773000,66618.5,66707.2,66618.4,66674.6,1.37493091,169
1774773900,66674.6,66685.3,66647.9,66671.7,1.1363537,149
1774774800,66671.7,66706.0,66551.0,66621.1,3.36367132,235
1774775700,66627.6,66662.9,66591.2,66613.6,0.9612781100000001,170
1774776600,66613.7,66620.7,66501.0,66532.0,11.10665759,258
1774777500,66531.9,66578.2,66531.9,66574.2,1.00238934,165
1774778400,66574.2,66574.2,66463.7,66463.8,2.54345899,318
1774779300,66479.0,66504.7,66405.0,66431.7,2.78928408,269
1774780200,66431.7,66486.1,66385.9,66464.1,8.49567857,221
1774781100,66488.0,66499.3,66464.0,66464.1,5.35691211,221
1774782000,66464.1,66784.7,66464.0,66706.1,2.76620311,515
1774782900,66706.0,66784.7,66689.3,66784.7,2.18775545,242
1774783800,66784.7,66844.0,66716.1,66844.0,7.0941718,295
1774784700,66843.9,66910.3,66746.3,66749.7,4.32176807,305
1774785600,66749.7,66781.0,66708.4,66732.7,10.18821626,247
1774786500,66719.8,66735.1,66680.9,66717.7,6.95550156,229
1774787400,66717.7,66726.7,66654.2,66677.0,1.61082871,261
1774788300,66677.0,66803.3,66676.9,66788.1,1.85787863,262
1774789200,66788.1,66788.1,66479.0,66558.1,7.05787964,560
1774790100,66558.0,66639.9,66521.1,66577.1,2.96724751,345
1774791000,66577.1,66620.8,66558.0,66607.7,17.4075497,364
1774791900,66607.7,66607.7,66493.8,66515.9,9.46459253,300
1774792800,66516.0,66718.3,66415.8,66622.0,11.09470089,649
1774793700,66622.0,66622.0,66486.1,66486.1,2.35236275,321
1774794600,66486.2,66551.7,66472.5,66519.6,24.79326854,376
1774795500,66519.7,66541.6,66456.8,66541.4,10.17900757,370
1774796400,66541.4,66657.1,66471.3,66515.8,12.33698071,517
1774797300,66523.4,66601.8,66299.2,66355.9,26.87241374,620
1774798200,66355.9,66391.9,66293.3,66391.9,18.66249021,486
1774799100,66391.9,66467.7,66366.2,66463.5,2.08781433,267
1774800000,66463.5,66509.8,66389.5,66390.2,5.39782176,380
1774800900,66390.1,66587.0,66376.2,66569.2,20.38213179,526
1774801800,66569.3,66569.3,66479.2,66479.5,5.5059356,381
1774802700,66479.6,66496.6,66427.3,66433.1,8.41860194,313
1774803600,66433.1,66467.4,66355.9,66356.0,10.95574907,401
1774804500,66355.9,66356.0,66093.8,66202.1,35.59619101,834
1774805400,66202.1,66349.7,66185.7,66343.5,27.56355609,543
1774806300,66343.4,66365.8,66299.5,66325.9,7.30410713,406
1774807200,66325.9,66343.8,66280.0,66343.8,10.268826840000001,368
1774808100,66343.8,66405.6,66309.1,66336.5,4.2771197899999995,345
1774809000,66336.4,66483.0,66336.4,66371.5,3.74179839,327
1774809900,66371.5,66391.6,66349.0,66368.0,3.06920162,275
1774810800,66368.1,66379.0,66343.5,66372.7,1.10190097,266
1774811700,66374.6,66402.2,66349.1,66363.2,9.60164053,344
1774812600,66361.9,66422.1,66309.7,66326.5,7.02578398,287
1774813500,66326.4,66373.4,66282.0,66293.0,10.41588606,362
1774814400,66293.0,66435.1,66292.9,66389.9,7.17915147,331
1774815300,66390.0,66750.0,66390.0,66642.8,48.89691609,704
1774816200,66641.8,66650.0,66551.9,66551.9,9.86319986,299
1774817100,66551.8,66572.2,66514.8,66554.4,2.18597018,287
1774818000,66554.4,66618.5,66452.0,66494.8,49.74396013,501
1774818900,66494.8,66599.6,66486.3,66586.0,11.41973908,289
1774819800,66586.0,66618.1,66551.0,66582.0,21.9741332,337
1774820700,66581.9,66680.0,66581.9,66664.9,14.1710975,326
1774821600,66664.9,66664.9,66182.2,66247.8,53.415914289999996,1128
1774822500,66247.8,66419.7,66220.9,66338.6,17.37072968,618
1774823400,66338.7,66360.9,65600.0,65620.0,79.9185433,1852
1774824300,65627.0,65896.9,64960.0,65800.1,343.5053844,4211
1774825200,65800.1,66317.3,65800.1,66028.1,81.3818875,1325
1774826100,66028.1,66239.8,65921.9,65945.0,56.350405,859
1774827000,65945.0,66024.0,65819.2,65955.0,97.19246605000001,926
1774827900,65955.0,66095.1,65833.5,65950.3,10.83289215,705
1774828800,65950.4,66029.5,65733.2,65812.4,22.52230545,872
1774829700,65800.1,66999.0,65752.5,66531.6,327.24655276,2433
1774830600,66531.7,66671.7,66134.0,66282.9,14.79198446,979
1774831500,66282.8,66345.2,66079.0,66225.4,9.4393891,582
1774832400,66225.4,66492.5,66225.4,66346.9,22.71186305,657
1774833300,66347.0,66580.4,66287.8,66555.9,27.17731178,503
1774834200,66541.3,66664.0,66466.2,66583.3,9.22034503,561
1774835100,66591.2,66759.4,66556.0,66576.0,52.93613152,619
1774836000,66591.3,66772.5,66531.3,66765.1,13.58260487,692
1774836900,66765.1,66812.5,66632.1,66677.7,9.80073372,403
1774837800,66677.7,66962.8,66518.4,66962.8,35.61923994,629
1774838700,66964.9,67392.3,66933.0,67059.0,144.72122395,1637
1774839600,67059.0,67078.4,66934.1,66940.1,24.37728795,444
1774840500,66940.1,67225.0,66939.3,67189.3,33.60304472,651
1774841400,67189.2,67218.4,67078.0,67140.1,13.493202160000001,400
1774842300,67140.1,67242.8,67077.9,67100.0,6.45006841,321
1774843200,67100.0,67443.6,67099.9,67330.5,38.62537026,700
1774844100,67356.4,67575.0,67329.0,67384.4,41.37237113,690
1774845000,67380.4,67497.5,67338.1,67344.7,10.45924566,465
1774845900,67344.7,67588.9,67344.7,67559.3,10.31710536,446
1774846800,67559.4,67724.6,67530.9,67584.3,34.61929098,806
1774847700,67584.3,67667.6,67544.0,67613.4,16.33764327,418
1774848600,67607.1,67633.9,67417.7,67449.6,8.25407251,376
1774849500,67449.6,67500.0,67387.5,67441.0,6.2976854,343
1774850400,67433.4,67521.8,67375.6,67395.4,7.45424233,395
1774851300,67395.4,67395.4,67217.3,67267.2,14.21625921,472
1774852200,67267.2,67322.6,67217.9,67322.6,4.53808161,339
1774853100,67322.5,67359.0,67249.2,67249.7,3.49904962,307
1774854000,67249.8,67394.0,67178.8,67322.0,3.76999241,396
1774854900,67322.0,67355.6,67241.5,67265.4,4.2047890699999995,285
1774855800,67265.4,67367.6,67237.9,67264.3,6.43225877,317
1774856700,67264.3,67700.7,67264.2,67556.1,52.324379640000004,639
1774857600,67556.2,67830.4,67556.1,67823.7,13.92486252,793
1774858500,67823.7,67871.0,67678.5,67706.8,27.23046552,564
1774859400,67701.1,67865.2,67682.9,67683.2,17.972408780000002,355
1774860300,67683.2,67750.8,67589.0,67605.0,6.2688473700000005,376
1774861200,67605.0,67627.7,67542.5,67542.5,15.10297333,427
1774862100,67542.5,67594.8,67464.1,67470.5,15.10186711,310
1774863000,67470.5,67498.8,67423.0,67498.8,11.18254357,418
1774863900,67498.8,67557.1,67423.0,67445.8,15.4268073,325
1774864800,67445.8,67445.8,67340.0,67371.2,9.46045969,329
1774865700,67371.2,67418.9,67368.0,67369.8,10.14644994,311
1774866600,67369.8,67369.8,67319.5,67360.1,18.26351832,252
1774867500,67360.1,67449.4,67360.1,67420.0,3.5067306400000002,322
1774868400,67420.1,67520.0,67420.0,67520.0,8.76663414,431
1774869300,67520.0,67916.5,67497.3,67608.3,24.09318082,811
1774870200,67634.2,67685.5,67465.1,67541.0,11.18097945,549
1774871100,67537.5,67666.0,67515.1,67610.6,30.545244750000002,436
1774872000,67610.6,67794.3,67600.5,67789.4,28.20668939,602
1774872900,67789.4,67899.9,67750.6,67793.0,9.83334862,627
1774873800,67793.0,67892.6,67752.3,67813.9,17.25721774,526
1774874700,67814.0,67882.8,67801.7,67849.1,6.49470077,382
1774875600,67849.1,67899.9,67786.4,67868.0,14.63139099,593
1774876500,67868.0,68105.1,67825.7,67825.8,37.98342425,903
1774877400,67825.8,67981.4,67651.5,67651.5,63.3397484,939
1774878300,67653.9,67769.6,67400.0,67472.4,44.5021623,876
1774879200,67472.4,67693.0,67429.4,67619.8,57.8648814,876
1774880100,67619.8,67640.1,67197.4,67253.0,35.6823839,928
1774881000,67252.9,67335.4,67076.0,67095.7,35.90100298,894
1774881900,67076.1,67828.4,67061.5,67758.8,62.38055171,1175
1774882800,67745.1,67821.7,67513.0,67513.1,16.9564841,846
1774883700,67513.1,67529.7,67368.9,67477.4,17.97829993,559
1774884600,67477.5,67842.0,67425.6,67694.3,47.47873314,790
1774885500,67694.3,67720.0,67552.3,67570.7,4.99524115,420
1774886400,67570.7,67570.7,67309.1,67394.4,67.89172245,793
1774887300,67394.5,67417.1,67249.2,67295.1,17.58148993,556
1774888200,67295.1,67432.3,67279.6,67323.8,11.232484209999999,479
1774889100,67323.7,67374.5,67183.5,67310.0,14.11822426,569
1774890000,67310.0,67398.5,67111.8,67122.5,12.85317625,549
1774890900,67122.5,67122.5,66605.3,66743.7,55.83029316,1210
1774891800,66746.1,66907.4,66703.1,66893.7,54.62523988,593
1774892700,66894.5,66917.1,66725.6,66767.7,49.36282264,489
1774893600,66767.7,66860.7,66653.2,66776.9,38.37549236,509
1774894500,66767.5,66785.9,66544.4,66634.4,11.49435383,494
1774895400,66636.4,66761.1,66520.3,66684.2,25.16039937,452
1774896300,66694.7,66731.4,66470.6,66600.1,22.71762207,527
1774897200,66590.8,66599.6,66255.7,66360.7,61.77195819,784
1774898100,66360.7,66397.6,66206.0,66248.2,134.93973519,730
1774899000,66248.2,66341.8,66200.0,66279.6,28.49055541,505
1774899900,66277.8,66511.8,66244.0,66482.9,148.72331435,583
1774900800,66484.2,66620.3,66473.0,66545.7,9.50990404,437
1774901700,66544.3,66607.9,66500.0,66600.2,4.20066534,344
1774902600,66600.2,66613.4,66494.5,66601.4,11.068373,338
1774903500,66601.4,66609.1,66552.4,66592.3,4.77672848,260
1774904400,66592.3,66741.3,66541.8,66741.3,10.2933512,423
1774905300,66741.3,66930.0,66726.7,66809.9,47.39699229,628
1774906200,66804.6,66917.7,66756.9,66868.2,15.288523810000001,294
1774907100,66868.2,66890.3,66736.0,66756.5,5.2331341600000005,276
1774908000,66757.3,66930.0,66641.4,66713.0,11.49485383,398
1774908900,66713.1,66837.2,66679.8,66764.8,17.31213605,285
1774909800,66764.8,66792.1,66695.9,66792.0,11.42582576,259
1774910700,66792.1,66792.1,66645.3,66728.6,8.897418700000001,282
1774911600,66728.7,66728.7,66372.2,66486.2,13.3700817,540
1774912500,66486.1,66660.1,66476.0,66651.7,17.86350083,301
1774913400,66649.2,66722.7,66614.3,66707.1,4.88148167,241
1774914300,66705.3,66725.0,66667.1,66725.0,3.2390352,239
1774915200,66725.0,66757.8,66525.4,66606.8,5.11642247,413
1774916100,66606.8,66754.8,66495.7,66742.9,7.4148027800000005,388
1774917000,66743.0,66888.1,66721.6,66888.1,15.459036900000001,670
1774917900,66888.0,67237.5,66888.0,67139.2,84.02871222,808
1774918800,67139.3,67220.7,67010.5,67177.6,11.74503806,486
1774919700,67177.6,67790.2,67177.6,67679.6,68.42002488,1029
1774920600,67700.0,68325.5,67689.2,67888.1,130.10248528,1632
1774921500,67878.3,67977.2,67773.4,67887.9,12.50966272,572
1774922400,67881.5,67912.5,67728.6,67849.9,8.4044493,543
1774923300,67850.0,68008.2,67850.0,67982.6,15.84232811,367
1774924200,67982.6,67986.6,67800.0,67920.0,9.97662784,395
1774925100,67920.0,68000.0,67847.2,67900.0,11.96140829,343
1774926000,67900.1,67925.3,67757.0,67855.5,3.06079869,326
1774926900,67855.6,67888.5,67750.0,67785.5,9.09983394,350
1774927800,67783.0,67856.1,67601.1,67666.3,4.52208694,433
1774928700,67666.3,67687.4,67599.0,67640.5,6.82023286,249
1774929600,67640.5,67718.2,67508.9,67589.2,31.13251199,496
1774930500,67589.1,67800.0,67458.9,67519.6,17.55718958,568
1774931400,67519.6,67585.2,67459.5,67533.3,10.23621828,248
1774932300,67533.4,67601.4,67465.3,67482.1,5.80856642,267
1774933200,67482.1,67543.7,67359.9,67360.0,4.93254767,379
1774934100,67360.0,67585.4,67352.0,67580.5,14.30918115,382
1774935000,67569.4,67634.6,67521.8,67594.4,32.3207694,364
1774935900,67608.3,67705.2,67599.7,67624.9,9.96766214,348
1774936800,67624.9,67629.8,67427.0,67429.4,6.34557344,371
1774937700,67429.4,67434.4,67300.0,67338.8,17.83752645,350
1774938600,67338.8,67418.7,67306.9,67358.3,46.03690375,454
1774939500,67358.3,67466.5,67358.3,67438.9,6.99687552,268
1774940400,67439.0,67461.0,67206.6,67247.0,38.39004759,557
1774941300,67247.1,67247.1,67053.2,67236.9,95.70140483,687
1774942200,67236.9,67298.3,67156.0,67254.4,20.20841408,465
1774943100,67254.4,67362.8,67254.3,67285.8,1.68833113,276
1774944000,67285.8,67424.9,67190.7,67300.8,73.18751883,583
1774944900,67300.7,67373.5,67248.9,67248.9,5.91437812,280
1774945800,67249.0,67249.0,66780.5,66780.5,35.87702797,853
1774946700,66780.5,66850.4,66624.0,66733.1,134.96381084,707
1774947600,66729.5,66831.0,66525.5,66621.0,21.88500987,670
1774948500,66620.9,66634.8,66300.0,66358.6,27.86021806,841
1774949400,66358.6,66456.5,66338.7,66430.7,10.08351725,458
1774950300,66430.7,66430.7,65939.0,66050.0,41.26882795,1035
1774951200,66050.0,66321.6,66049.9,66321.6,28.99423659,554
1774952100,66321.6,66408.3,66300.0,66309.3,10.96753696,428
1774953000,66317.4,66364.2,66170.2,66216.6,19.72393305,452
1774953900,66216.5,66386.5,66188.3,66299.8,5.44624241,360
1774954800,66299.8,66511.3,66186.4,66511.3,19.15978543,611
1774955700,66511.2,66807.3,66489.2,66571.9,35.06437039,775
1774956600,66571.9,66764.6,66571.9,66678.0,16.75983648,485
1774957500,66677.9,66677.9,66525.4,66640.1,49.89205764,524
1774958400,66640.1,66715.9,66525.4,66525.4,34.28493605,546
1774959300,66525.5,66750.4,66472.4,66750.4,41.80664612,735
1774960200,66750.3,66864.4,66672.1,66830.8,61.47210152,662
1774961100,66830.9,66848.7,66591.4,66608.8,4.56714758,538
1774962000,66608.8,66765.3,66608.7,66765.3,12.73752354,526
1774962900,66765.3,66873.6,66708.7,66742.8,6.81009254,434
1774963800,66742.8,67105.9,66672.2,66908.5,136.35953732,1267
1774964700,66908.6,67336.4,66908.6,67225.9,42.95703683,1278
1774965600,67226.0,67468.1,67073.8,67284.8,35.74427809,1071
1774966500,67284.8,67681.9,67261.2,67671.2,106.14856842,1452
1774967400,67671.2,67671.2,67045.0,67148.4,44.25397625,971
1774968300,67148.4,67148.4,66382.8,66529.5,172.17570059,1692
1774969200,66529.6,67200.0,66529.6,67179.8,73.63602194,1274
1774970100,67179.8,67200.0,66851.4,66867.9,16.01635099,781
1774971000,66867.9,67077.4,66826.8,66875.0,21.74440249,743
1774971900,66875.0,66992.5,66652.7,66657.4,9.49936751,678
1774972800,66657.4,66944.0,66657.4,66864.9,10.06321486,698
1774973700,66865.0,67117.9,66852.2,67025.9,6.82889455,585
1774974600,67026.0,67935.4,66922.1,67692.7,144.11496497,1998
1774975500,67692.6,67817.3,67440.9,67599.6,27.69560219,1255
1774976400,67599.6,68414.5,67516.1,68369.7,122.07261872,1956
1774977300,68368.3,68500.0,67936.3,67978.8,60.37728235,1233
1774978200,67963.6,68029.7,67562.3,67655.6,53.68761095,951
1774979100,67647.3,67700.6,67360.0,67449.3,60.93825508,1053
1774980000,67449.4,67707.4,67449.4,67702.0,10.977339820000001,602
1774980900,67702.0,67887.7,67567.1,67699.6,9.82141887,626
1774981800,67699.7,67812.1,67589.2,67758.7,17.62894199,577
1774982700,67758.7,67875.1,67676.7,67784.0,13.15278797,398
1774983600,67786.0,67949.7,67780.3,67929.8,17.68738993,630
1774984500,67930.4,67949.7,67785.2,67815.9,13.40926331,492
1774985400,67817.3,67876.6,67663.6,67768.6,7.91310496,436
1774986300,67768.6,67888.9,67684.4,67799.4,14.37861912,483
1774987200,67775.8,68124.7,67764.0,68066.0,22.13877847,581
1774988100,68066.0,68089.3,67896.1,67935.9,12.37020354,417
1774989000,67935.4,68075.0,67889.9,67981.8,26.17016108,389
1774989900,67983.5,68181.3,67966.4,68181.3,28.0439527,436
1774990800,68181.3,68181.3,67902.2,67932.6,16.92207638,433
1774991700,67932.7,67982.0,67827.0,67958.7,10.52140885,394
1774992600,67958.7,68108.2,67958.6,68103.9,8.31109214,568
1774993500,68097.3,68333.3,68094.3,68211.6,15.28150739,625
1774994400,68211.7,68246.5,68006.8,68140.8,13.59377072,491
1774995300,68140.8,68230.1,68051.4,68055.2,10.61790785,356
1774996200,68055.2,68160.1,67911.8,68140.3,16.11552207,454
1774997100,68140.4,68153.6,68059.3,68103.3,3.63120384,291
1774998000,68103.4,68204.5,68039.1,68155.4,14.212270179999999,432
1774998900,68155.3,68299.1,68119.3,68199.8,9.62084427,429
1774999800,68197.8,68284.5,68179.3,68248.7,7.09930318,313
1775000700,68246.3,68266.4,68142.4,68219.7,14.967576470000001,380
